{"type":"FeatureCollection","name":"Maskanah Homs road pilot","license":"© OpenStreetMap contributors, ODbL 1.0","notice":"Not official. Municipal field verification and naming decision required.","features":[{"type":"Feature","id":"osm-way-18643761","geometry":{"type":"LineString","coordinates":[[36.7080172,34.6587709],[36.7078059,34.6578579],[36.7077119,34.6575348],[36.7075445,34.6572093],[36.7070829,34.6566773],[36.7063774,34.6560119],[36.7055244,34.6551366],[36.7052717,34.6549108],[36.7047347,34.654506]]},"properties":{"technical_code":"SY-HI-HO-MAS-OSM-18643761","osm_way_id":18643761,"name_ar":null,"name_en":null,"highway":"motorway_link","surface":null,"source":"OpenStreetMap contributors","source_date":"2026-07-29T15:31:21Z","quality_level":"D","official_status":"IMPORTED_UNVERIFIED"}},{"type":"Feature","id":"osm-way-18643866","geometry":{"type":"LineString","coordinates":[[36.7087697,34.6471075],[36.7085104,34.6494866],[36.7083108,34.6514962],[36.7082177,34.6526507],[36.7081034,34.6548241],[36.7081136,34.6554378],[36.7081187,34.6557459],[36.7083454,34.6587357]]},"properties":{"technical_code":"SY-HI-HO-MAS-OSM-18643866","osm_way_id":18643866,"name_ar":"طريق حلب دمشق الدولي","name_en":"Aleppo-Damascus International Highway","highway":"motorway","surface":null,"source":"OpenStreetMap contributors","source_date":"2026-07-29T15:31:21Z","quality_level":"D","official_status":"IMPORTED_UNVERIFIED"}},{"type":"Feature","id":"osm-way-18643959","geometry":{"type":"LineString","coordinates":[[36.7111577,34.6862509],[36.7110979,34.6858775],[36.7107883,34.6840818],[36.7105712,34.6829652],[36.7101132,34.6805967],[36.7088014,34.6739029],[36.7087553,34.6736676],[36.708709,34.6734198],[36.7083934,34.6718],[36.7082252,34.6706631],[36.7082088,34.6703772],[36.7081694,34.6696901],[36.7081613,34.6694278],[36.7081633,34.6686804],[36.7083281,34.6656427],[36.7083769,34.6647694],[36.7083854,34.664118],[36.7083149,34.6623201],[36.7083097,34.6621885],[36.7082119,34.6610997],[36.708159,34.660496],[36.7081373,34.660232],[36.7080172,34.6587709]]},"properties":{"technical_code":"SY-HI-HO-MAS-OSM-18643959","osm_way_id":18643959,"name_ar":"طريق حلب دمشق الدولي","name_en":"Aleppo-Damascus International Highway","highway":"motorway","surface":null,"source":"OpenStreetMap contributors","source_date":"2026-07-29T15:31:21Z","quality_level":"D","official_status":"IMPORTED_UNVERIFIED"}},{"type":"Feature","id":"osm-way-18644489","geometry":{"type":"LineString","coordinates":[[37.1633528,34.5765923],[37.1616374,34.5772709],[37.1600592,34.5778462],[37.1577973,34.5783076],[37.1559205,34.5784904],[37.1537986,34.578697],[37.1463857,34.5792933],[37.1437035,34.5795593],[37.1430284,34.5796263],[37.1402721,34.5800998],[37.1376972,34.5806652],[37.1347134,34.5814112],[37.1194153,34.5865303],[37.1059047,34.5900138],[37.0975118,34.5925399],[37.0962246,34.5929273],[37.0959167,34.59302],[37.0941044,34.5935654],[37.0916243,34.5941882],[37.0908527,34.594382],[37.0887828,34.5948192],[37.0873663,34.5950251],[37.0870322,34.5950737],[37.0858935,34.5951649],[37.0843414,34.5952892],[37.0826376,34.5954257],[37.07812,34.5953985],[37.0735545,34.5953618],[37.0722242,34.5953511],[37.0683768,34.5953202],[37.0596771,34.5953626],[37.0466508,34.5958888],[37.0456867,34.5959278],[37.0401936,34.5962104],[37.036417,34.5962104],[37.0321255,34.5959985],[37.0227655,34.5952512],[37.0137841,34.5945838],[37.011742,34.5944808],[37.0106856,34.5944442],[36.9945205,34.5943476],[36.9920073,34.5943516],[36.9900517,34.5945214],[36.9886508,34.5947731],[36.9873386,34.5950928],[36.9867674,34.5952596],[36.9861196,34.5954487],[36.9848328,34.5959265],[36.9829923,34.5968141],[36.9812294,34.5978632],[36.977623,34.5998843],[36.9756106,34.6010598],[36.9753458,34.6012145],[36.9749622,34.6014386],[36.9743188,34.6016717],[36.9728165,34.6022158],[36.9723594,34.6022884],[36.9716578,34.6023999],[36.9701551,34.6026387],[36.9624733,34.6034269],[36.9623861,34.6034359],[36.9614059,34.6035537],[36.9602447,34.6036932],[36.9584391,34.603946],[36.956537,34.6042482],[36.95522,34.6044574],[36.9518588,34.6053755],[36.9517879,34.6053949],[36.949728,34.6060212],[36.9487785,34.6064207],[36.9478648,34.6070205],[36.9470456,34.6078362],[36.9458656,34.6090111],[36.9441208,34.6103332],[36.9440047,34.6104076],[36.9415741,34.6119647],[36.9348659,34.6162741],[36.9340885,34.6167357],[36.9337397,34.6169204],[36.9334253,34.6170941],[36.9330394,34.6172946],[36.9326826,34.6174634],[36.9322319,34.6176731],[36.9311455,34.6181287],[36.9300538,34.6185547],[36.9278598,34.6194068],[36.9234925,34.6211141],[36.9216283,34.6218475],[36.9193945,34.622716],[36.9189548,34.6228838],[36.9184373,34.6230457],[36.9177881,34.6232231],[36.9173484,34.6233193],[36.9168413,34.6234151],[36.9163504,34.6234725],[36.9155406,34.6235356],[36.9148781,34.6235709],[36.9123352,34.6236403],[36.9075663,34.6237541],[36.9050099,34.6238127],[36.9038272,34.6238323],[36.9026794,34.623902],[36.9020677,34.6239912],[36.9014856,34.624117],[36.9008689,34.6242706],[36.8996349,34.6247681],[36.8989162,34.6251115],[36.8980589,34.6255545],[36.8974169,34.6258664],[36.8964954,34.6262957],[36.8943617,34.62709],[36.8921968,34.6278293],[36.8894906,34.6287323],[36.8886916,34.6290137],[36.8685947,34.6358142],[36.8684081,34.6358785],[36.8667258,34.6364329],[36.866134,34.6366404],[36.8643461,34.6372414],[36.8609661,34.6383987],[36.8602466,34.6386451],[36.8545353,34.6405786],[36.8530582,34.6411678],[36.8514536,34.6416684],[36.8505526,34.6419488],[36.8457233,34.6434255],[36.8428148,34.6441988],[36.8396931,34.6448765],[36.8363021,34.6453758],[36.8333857,34.6458053],[36.8326107,34.6459194],[36.831941,34.6460244],[36.8246727,34.6471638],[36.8226729,34.6474742],[36.8123571,34.6490755],[36.8105435,34.6493304],[36.8086686,34.6497001],[36.8082474,34.6497962],[36.8062043,34.6502624],[36.8041673,34.6508711],[36.7987327,34.6528312],[36.7858275,34.657531],[36.7832763,34.6584834],[36.7826051,34.658734],[36.7810438,34.6593054],[36.7806193,34.6594608],[36.7803909,34.6594866],[36.7759007,34.6611975],[36.7706533,34.6631183],[36.7697617,34.6634447],[36.7671777,34.6643905],[36.765787,34.6648996],[36.7654235,34.6650331],[36.7652745,34.6650879],[36.7617328,34.6663888],[36.758808,34.6674631],[36.7576758,34.667879],[36.7561732,34.6684309],[36.7556819,34.6686113],[36.755398,34.6687156],[36.7513747,34.6701933],[36.7496018,34.6708444]]},"properties":{"technical_code":"SY-HI-HO-MAS-OSM-18644489","osm_way_id":18644489,"name_ar":null,"name_en":null,"highway":"primary","surface":null,"source":"OpenStreetMap contributors","source_date":"2026-07-29T15:31:21Z","quality_level":"D","official_status":"IMPORTED_UNVERIFIED"}},{"type":"Feature","id":"osm-way-48073706","geometry":{"type":"LineString","coordinates":[[36.7087697,34.6471075],[36.7088255,34.6478206],[36.7088872,34.6482296],[36.7089803,34.6485647],[36.7091587,34.6490034],[36.7096728,34.6497874],[36.7107506,34.6511407],[36.7110721,34.6515887],[36.7112274,34.6519141],[36.7114082,34.6526484],[36.711401,34.6531047],[36.7113348,34.6534718],[36.7110461,34.6541236],[36.7108356,34.6544248],[36.7106129,34.6546732],[36.7101395,34.6550599],[36.7098419,34.6552337],[36.7095385,34.6553803],[36.7091615,34.6555156],[36.7087227,34.6556205],[36.7082509,34.6556725]]},"properties":{"technical_code":"SY-HI-HO-MAS-OSM-48073706","osm_way_id":48073706,"name_ar":null,"name_en":null,"highway":"motorway_link","surface":null,"source":"OpenStreetMap contributors","source_date":"2026-07-29T15:31:21Z","quality_level":"D","official_status":"IMPORTED_UNVERIFIED"}},{"type":"Feature","id":"osm-way-51408353","geometry":{"type":"LineString","coordinates":[[36.7190777,34.6798829],[36.7189883,34.6799217],[36.7188965,34.6799563],[36.7188024,34.6799866],[36.7187064,34.6800124],[36.7184007,34.6800701],[36.7179971,34.68012],[36.7177968,34.6801343],[36.7175961,34.6801429],[36.7173417,34.6801456],[36.7170874,34.6801392],[36.7168338,34.6801238],[36.7165811,34.6800992],[36.71633,34.6800657],[36.7160238,34.68001],[36.7138088,34.6796069],[36.7136727,34.6795774],[36.7135342,34.6795569],[36.7133942,34.6795454],[36.7132536,34.6795429],[36.7131265,34.6795486],[36.7130002,34.6795616],[36.7128754,34.6795821],[36.7127527,34.6796098],[36.7126327,34.6796446],[36.7125159,34.6796863],[36.7123827,34.6797407],[36.7122534,34.6798011],[36.7119885,34.6799553]]},"properties":{"technical_code":"SY-HI-HO-MAS-OSM-51408353","osm_way_id":51408353,"name_ar":null,"name_en":null,"highway":"primary","surface":null,"source":"OpenStreetMap contributors","source_date":"2026-07-29T15:31:21Z","quality_level":"D","official_status":"IMPORTED_UNVERIFIED"}},{"type":"Feature","id":"osm-way-53506985","geometry":{"type":"LineString","coordinates":[[36.7082509,34.6556725],[36.7079307,34.6556723],[36.7075905,34.6556581]]},"properties":{"technical_code":"SY-HI-HO-MAS-OSM-53506985","osm_way_id":53506985,"name_ar":null,"name_en":null,"highway":"motorway_link","surface":null,"source":"OpenStreetMap contributors","source_date":"2026-07-29T15:31:21Z","quality_level":"D","official_status":"IMPORTED_UNVERIFIED"}},{"type":"Feature","id":"osm-way-53506989","geometry":{"type":"LineString","coordinates":[[36.7084645,34.6527879],[36.7092123,34.6527384],[36.7095936,34.6527053],[36.7099121,34.6526325],[36.7102066,34.6524948],[36.710399,34.6523326],[36.7105436,34.6521265],[36.7106175,34.6518902],[36.7106251,34.6516642],[36.7105649,34.6514421],[36.7104573,34.6512382],[36.7102874,34.6510706],[36.7100729,34.650921],[36.7097911,34.6508297],[36.709508,34.6508063],[36.7092592,34.6508358],[36.709031,34.6509015],[36.7088559,34.6509954],[36.7086966,34.6511204],[36.708542,34.6513035],[36.7084404,34.6514842],[36.7083608,34.6517439],[36.7082177,34.6526507]]},"properties":{"technical_code":"SY-HI-HO-MAS-OSM-53506989","osm_way_id":53506989,"name_ar":null,"name_en":null,"highway":"motorway_link","surface":null,"source":"OpenStreetMap contributors","source_date":"2026-07-29T15:31:21Z","quality_level":"D","official_status":"IMPORTED_UNVERIFIED"}},{"type":"Feature","id":"osm-way-94558886","geometry":{"type":"LineString","coordinates":[[36.7102376,34.6747899],[36.7102626,34.6747684],[36.7102805,34.6747424],[36.71029,34.6747137],[36.7102907,34.6746839],[36.710242,34.6743257],[36.710228,34.6742222],[36.7101999,34.673861],[36.7101365,34.6730864],[36.710105,34.6728407],[36.710051,34.6724204],[36.7099866,34.6717177],[36.7098016,34.6700339],[36.7097921,34.6699371],[36.7094021,34.665559],[36.70921,34.6635767],[36.7088937,34.6601859],[36.7088458,34.6597058],[36.708853,34.6588959],[36.7089127,34.6574796],[36.7089532,34.6565189],[36.709006,34.6562012],[36.7091086,34.6560248],[36.7092501,34.6558501],[36.7104117,34.6550871],[36.7108916,34.6546091],[36.7112914,34.6540633],[36.7114891,34.6535289],[36.7116348,34.6529337],[36.71157,34.6524641],[36.7114846,34.6521393],[36.7113129,34.6516451],[36.7097131,34.6495377],[36.7095521,34.649295],[36.7094099,34.6490169],[36.7093227,34.648695],[36.7092668,34.6482332],[36.7092748,34.6477544],[36.7093607,34.6456537],[36.7095109,34.6418053],[36.7095308,34.6409232],[36.7096503,34.6373829],[36.709665,34.6370375],[36.7096875,34.6364185],[36.7097198,34.6357452],[36.7097494,34.6350461],[36.7097743,34.6344604],[36.7098113,34.6335871],[36.7099226,34.6310576],[36.7099508,34.6304179],[36.710691,34.6268248],[36.7113455,34.6238584],[36.7116459,34.6224016],[36.7117312,34.6220455],[36.7121592,34.6202578],[36.7126008,34.6185962],[36.7135449,34.6158679],[36.7145856,34.6127952],[36.7156478,34.6098459],[36.7162808,34.6085655],[36.7166909,34.6073235],[36.717318,34.6054436],[36.717984,34.6034902],[36.7185546,34.6017766],[36.7187122,34.6012778],[36.7187816,34.6010797],[36.7188557,34.6009269],[36.7189398,34.600786],[36.7190377,34.6006538],[36.719136,34.6005608],[36.7192425,34.6004742],[36.7193566,34.6003944],[36.7194775,34.6003218],[36.7196047,34.6002568],[36.7197281,34.6001996],[36.7205545,34.5998201],[36.7206436,34.5997735],[36.7207282,34.5997216],[36.720808,34.5996648],[36.7208826,34.5996033],[36.7209515,34.5995375],[36.721007,34.5994766],[36.7210655,34.599403],[36.7211188,34.5993269],[36.7211668,34.5992483],[36.7212093,34.5991677],[36.7212462,34.5990852],[36.7212773,34.5990011],[36.7212956,34.5989419],[36.7213178,34.598851],[36.7213333,34.5987592],[36.7213422,34.5986668],[36.7213444,34.5985741],[36.7213398,34.5984815],[36.7213275,34.5983845],[36.7213066,34.5982885],[36.7212774,34.598194],[36.7212378,34.5980969],[36.7211895,34.5980025],[36.7211366,34.5979114],[36.7209005,34.5975648],[36.7207745,34.5973875],[36.7206457,34.5972115],[36.7205668,34.5970683],[36.7204955,34.5969223],[36.7204431,34.5968024],[36.7204049,34.5967053],[36.7203836,34.5966265],[36.7203715,34.5965463],[36.7203635,34.5964733],[36.7203626,34.5964],[36.7203687,34.5963269],[36.7203842,34.596244],[36.7204088,34.5961627],[36.7206164,34.5955381],[36.7207238,34.5952438],[36.7209148,34.5946664],[36.7209619,34.5945272],[36.7210144,34.5943893],[36.7210722,34.5942529],[36.721216,34.5938881],[36.7216945,34.5923496],[36.7221816,34.5908676],[36.7226335,34.589443],[36.7234369,34.5869106],[36.7248139,34.5828912],[36.7251672,34.5819169],[36.7254818,34.5809383],[36.7257685,34.5802015],[36.7261611,34.5793641],[36.7269862,34.5775916],[36.7274345,34.5766287],[36.7275525,34.576346],[36.7291511,34.5729361],[36.7304264,34.5701754],[36.7315421,34.5677702],[36.7315582,34.5677311],[36.7316524,34.5675387],[36.7319694,34.5668568],[36.7321048,34.5665657],[36.7323016,34.5661424],[36.7340257,34.5624813],[36.7346019,34.5612577],[36.7346496,34.5611563],[36.7349899,34.5604337],[36.7351129,34.5601724],[36.7358436,34.5585647],[36.7367968,34.5565432],[36.7374504,34.5551869],[36.738261,34.5534992],[36.7385792,34.5528184],[36.7387005,34.5525589],[36.7390938,34.5517258],[36.7391819,34.5515392],[36.7396711,34.5505029],[36.7401731,34.5494394],[36.740193,34.5493973],[36.7404415,34.5488707],[36.7410809,34.5474766],[36.7411779,34.547218],[36.7412407,34.5468795],[36.7415316,34.5451058],[36.7415661,34.5448954],[36.7418053,34.5433726],[36.74191,34.5427057],[36.7419571,34.5424058],[36.7420424,34.5418626],[36.7421484,34.5411877],[36.7422396,34.5406073],[36.7422592,34.5404776],[36.7424178,34.5394262],[36.7425137,34.5387905],[36.7425507,34.5385454],[36.7426596,34.5378674],[36.7427605,34.5372394],[36.7428136,34.5369094],[36.7431961,34.5346997]]},"properties":{"technical_code":"SY-HI-HO-MAS-OSM-94558886","osm_way_id":94558886,"name_ar":null,"name_en":null,"highway":"secondary","surface":null,"source":"OpenStreetMap contributors","source_date":"2026-07-29T15:31:21Z","quality_level":"D","official_status":"IMPORTED_UNVERIFIED"}},{"type":"Feature","id":"osm-way-105743900","geometry":{"type":"LineString","coordinates":[[36.7340502,34.6790185],[36.7389373,34.6814933],[36.7393773,34.6817161],[36.7397357,34.6819453],[36.7401766,34.6822446],[36.7405785,34.6825902],[36.7410233,34.6831053],[36.7413706,34.6836251],[36.7416132,34.6841426],[36.7417817,34.684647],[36.7418774,34.6852988],[36.7421711,34.6881195],[36.7422434,34.6888114],[36.7422488,34.6889553],[36.7422603,34.6892625]]},"properties":{"technical_code":"SY-HI-HO-MAS-OSM-105743900","osm_way_id":105743900,"name_ar":"المحلّق","name_en":"Ring Road","highway":"primary","surface":null,"source":"OpenStreetMap contributors","source_date":"2026-07-29T15:31:21Z","quality_level":"D","official_status":"IMPORTED_UNVERIFIED"}},{"type":"Feature","id":"osm-way-105743901","geometry":{"type":"LineString","coordinates":[[36.7347944,34.6795366],[36.7335624,34.6788769],[36.73253,34.6783315],[36.7315856,34.6778788],[36.7312679,34.6776866],[36.7310878,34.6775187],[36.7309644,34.677336]]},"properties":{"technical_code":"SY-HI-HO-MAS-OSM-105743901","osm_way_id":105743901,"name_ar":null,"name_en":null,"highway":"primary_link","surface":null,"source":"OpenStreetMap contributors","source_date":"2026-07-29T15:31:21Z","quality_level":"D","official_status":"IMPORTED_UNVERIFIED"}},{"type":"Feature","id":"osm-way-105743905","geometry":{"type":"LineString","coordinates":[[36.7335624,34.6788769],[36.7326569,34.6785073],[36.7320492,34.6782703],[36.7316707,34.6781504],[36.7313018,34.6780609],[36.7305479,34.6779818],[36.7294136,34.6778687],[36.7277128,34.6779186]]},"properties":{"technical_code":"SY-HI-HO-MAS-OSM-105743905","osm_way_id":105743905,"name_ar":null,"name_en":null,"highway":"primary_link","surface":null,"source":"OpenStreetMap contributors","source_date":"2026-07-29T15:31:21Z","quality_level":"D","official_status":"IMPORTED_UNVERIFIED"}},{"type":"Feature","id":"osm-way-105743907","geometry":{"type":"LineString","coordinates":[[36.7324132,34.6768981],[36.732875,34.6766617],[36.733028,34.6765302],[36.7330843,34.6764264],[36.7331032,34.6763136],[36.7330904,34.6761928],[36.7330394,34.6760814],[36.7329517,34.6759751],[36.732882,34.6759318],[36.7327791,34.6758719],[36.7325655,34.6758592],[36.7323487,34.6758683],[36.7319144,34.6759631],[36.731711,34.6760672],[36.7315412,34.6761637],[36.731328,34.67636],[36.7311898,34.6765242],[36.7310924,34.676725],[36.7310382,34.6768951],[36.731021,34.6770224]]},"properties":{"technical_code":"SY-HI-HO-MAS-OSM-105743907","osm_way_id":105743907,"name_ar":null,"name_en":null,"highway":"primary_link","surface":null,"source":"OpenStreetMap contributors","source_date":"2026-07-29T15:31:21Z","quality_level":"D","official_status":"IMPORTED_UNVERIFIED"}},{"type":"Feature","id":"osm-way-105743908","geometry":{"type":"LineString","coordinates":[[36.7339566,34.6764973],[36.7333514,34.6768285],[36.7330651,34.6770469],[36.7329286,34.6772923],[36.7328477,34.6775793],[36.732891,34.6778966],[36.7330217,34.6782289],[36.733211,34.6784683],[36.733555,34.6787029],[36.7340502,34.6790185]]},"properties":{"technical_code":"SY-HI-HO-MAS-OSM-105743908","osm_way_id":105743908,"name_ar":null,"name_en":null,"highway":"primary_link","surface":null,"source":"OpenStreetMap contributors","source_date":"2026-07-29T15:31:21Z","quality_level":"D","official_status":"IMPORTED_UNVERIFIED"}},{"type":"Feature","id":"osm-way-105743916","geometry":{"type":"LineString","coordinates":[[36.7252738,34.6783615],[36.72365,34.6787246],[36.7221806,34.6790903],[36.7192521,34.6798415],[36.7190777,34.6798829]]},"properties":{"technical_code":"SY-HI-HO-MAS-OSM-105743916","osm_way_id":105743916,"name_ar":null,"name_en":null,"highway":"primary","surface":null,"source":"OpenStreetMap contributors","source_date":"2026-07-29T15:31:21Z","quality_level":"D","official_status":"IMPORTED_UNVERIFIED"}},{"type":"Feature","id":"osm-way-105743917","geometry":{"type":"LineString","coordinates":[[36.7420647,34.689312],[36.7420637,34.6888538],[36.7420219,34.6881107],[36.7417056,34.6853139],[36.7416096,34.6846744],[36.741432,34.6841485],[36.7412079,34.6836633],[36.7408705,34.6831579],[36.7404867,34.6826991],[36.7400048,34.6822931],[36.7393074,34.6818569],[36.7388901,34.681615],[36.7347944,34.6795366]]},"properties":{"technical_code":"SY-HI-HO-MAS-OSM-105743917","osm_way_id":105743917,"name_ar":"المحلّق","name_en":"Ring Road","highway":"primary","surface":null,"source":"OpenStreetMap contributors","source_date":"2026-07-29T15:31:21Z","quality_level":"D","official_status":"IMPORTED_UNVERIFIED"}},{"type":"Feature","id":"osm-way-105743925","geometry":{"type":"LineString","coordinates":[[36.7496018,34.6708444],[36.7481089,34.6714057],[36.746768,34.6719089],[36.7466567,34.6719416],[36.7462928,34.6720784],[36.7450713,34.6725274],[36.7434107,34.6731449],[36.7428614,34.6733424],[36.7403661,34.6742787],[36.73973,34.6744926],[36.7370208,34.6754871],[36.7356526,34.6759317],[36.7348051,34.676231],[36.7339566,34.6764973],[36.7324132,34.6768981],[36.7307734,34.6772745],[36.7281621,34.6778241],[36.7277128,34.6779186]]},"properties":{"technical_code":"SY-HI-HO-MAS-OSM-105743925","osm_way_id":105743925,"name_ar":null,"name_en":null,"highway":"primary","surface":null,"source":"OpenStreetMap contributors","source_date":"2026-07-29T15:31:21Z","quality_level":"D","official_status":"IMPORTED_UNVERIFIED"}},{"type":"Feature","id":"osm-way-105746573","geometry":{"type":"LineString","coordinates":[[36.7080172,34.6587709],[36.7078906,34.6575631],[36.7077892,34.655991],[36.7077754,34.654775],[36.7079015,34.6526505],[36.7079892,34.6514865],[36.7083048,34.6479908]]},"properties":{"technical_code":"SY-HI-HO-MAS-OSM-105746573","osm_way_id":105746573,"name_ar":"طريق حلب دمشق الدولي","name_en":"Aleppo-Damascus International Highway","highway":"motorway","surface":null,"source":"OpenStreetMap contributors","source_date":"2026-07-29T15:31:21Z","quality_level":"D","official_status":"IMPORTED_UNVERIFIED"}},{"type":"Feature","id":"osm-way-105746574","geometry":{"type":"LineString","coordinates":[[36.7083454,34.6587357],[36.7086326,34.6616171],[36.7086688,34.6622103],[36.7087232,34.6641621],[36.7087224,34.6647831],[36.7086788,34.6655745],[36.7084814,34.6689257],[36.7084485,34.66984],[36.7084855,34.6706802],[36.7085962,34.671806],[36.7088706,34.673397],[36.7098359,34.6784736],[36.7102738,34.6805722],[36.7107313,34.6829525],[36.7109566,34.6841197],[36.7112021,34.6856133]]},"properties":{"technical_code":"SY-HI-HO-MAS-OSM-105746574","osm_way_id":105746574,"name_ar":"طريق حلب دمشق الدولي","name_en":"Aleppo-Damascus International Highway","highway":"motorway","surface":null,"source":"OpenStreetMap contributors","source_date":"2026-07-29T15:31:21Z","quality_level":"D","official_status":"IMPORTED_UNVERIFIED"}},{"type":"Feature","id":"osm-way-105811401","geometry":{"type":"LineString","coordinates":[[36.7081187,34.6557459],[36.7081921,34.6559247],[36.7082861,34.6560048],[36.7085427,34.655979],[36.7088535,34.6559744],[36.7091086,34.6560248]]},"properties":{"technical_code":"SY-HI-HO-MAS-OSM-105811401","osm_way_id":105811401,"name_ar":null,"name_en":null,"highway":"motorway_link","surface":null,"source":"OpenStreetMap contributors","source_date":"2026-07-29T15:31:21Z","quality_level":"D","official_status":"IMPORTED_UNVERIFIED"}},{"type":"Feature","id":"osm-way-105811407","geometry":{"type":"LineString","coordinates":[[36.7088706,34.673397],[36.7089199,34.6734934],[36.7089767,34.6735869],[36.7090409,34.6736772],[36.7091122,34.6737638],[36.7091877,34.6738437],[36.7092691,34.6739196],[36.7093563,34.673991],[36.7100188,34.6745137],[36.7100982,34.6745927],[36.7101661,34.6746712],[36.7102092,34.6747393],[36.7102376,34.6747899],[36.7102728,34.6748631],[36.7103025,34.674968],[36.710338,34.6755792],[36.710389,34.676263],[36.7104041,34.676377],[36.7104265,34.6764902],[36.7104497,34.6765799],[36.7104775,34.6766688],[36.7105062,34.676735],[36.7105411,34.6767991],[36.7105821,34.6768607],[36.7109633,34.6773575],[36.7112033,34.6776394],[36.7114385,34.6779239],[36.7116694,34.6782107],[36.7118961,34.6784997]]},"properties":{"technical_code":"SY-HI-HO-MAS-OSM-105811407","osm_way_id":105811407,"name_ar":null,"name_en":null,"highway":"motorway_link","surface":null,"source":"OpenStreetMap contributors","source_date":"2026-07-29T15:31:21Z","quality_level":"D","official_status":"IMPORTED_UNVERIFIED"}},{"type":"Feature","id":"osm-way-105811408","geometry":{"type":"LineString","coordinates":[[36.7094021,34.665559],[36.7086788,34.6655745]]},"properties":{"technical_code":"SY-HI-HO-MAS-OSM-105811408","osm_way_id":105811408,"name_ar":null,"name_en":null,"highway":"motorway_link","surface":null,"source":"OpenStreetMap contributors","source_date":"2026-07-29T15:31:21Z","quality_level":"D","official_status":"IMPORTED_UNVERIFIED"}},{"type":"Feature","id":"osm-way-105811411","geometry":{"type":"LineString","coordinates":[[36.7281621,34.6778241],[36.7279508,34.6773709],[36.7279018,34.6771954],[36.7279211,34.6770155],[36.7280133,34.6768183],[36.7281607,34.6766059],[36.7285119,34.6761762],[36.7289783,34.675711],[36.7297976,34.6747871],[36.7300904,34.6744274],[36.7303193,34.6741054],[36.7305286,34.6736977],[36.7309306,34.6727867],[36.7311516,34.6723162],[36.7313274,34.6719418],[36.7316672,34.6712344],[36.7323649,34.670164],[36.7331976,34.6690899],[36.7335006,34.6686989],[36.7336136,34.6684792],[36.7337789,34.6679419],[36.7339635,34.6676109],[36.7341091,34.6673759],[36.7341927,34.6672862],[36.7345792,34.6669852],[36.7348896,34.6667536],[36.7350605,34.6666863],[36.7355042,34.6665678],[36.735732,34.666536],[36.7362398,34.6663988],[36.7364556,34.6663049],[36.7366169,34.6662186],[36.7368067,34.6660271],[36.7369424,34.6658593],[36.7369636,34.6656796],[36.736986,34.6653347],[36.7370051,34.6651583],[36.7370325,34.6649049],[36.7370692,34.6645661],[36.737194,34.6635315],[36.7371283,34.6628599],[36.7370902,34.6627453],[36.7370212,34.6624243],[36.7369847,34.6618366],[36.7369698,34.6613827],[36.7368325,34.6613201],[36.7358219,34.6612527],[36.7351146,34.6612055],[36.731717,34.660979],[36.7317891,34.6596443],[36.7319959,34.6581768],[36.7321473,34.655414],[36.732167,34.6528532],[36.7323159,34.6498525],[36.7261763,34.649745],[36.7102239,34.6494717],[36.7099276,34.6494913],[36.7097131,34.6495377]]},"properties":{"technical_code":"SY-HI-HO-MAS-OSM-105811411","osm_way_id":105811411,"name_ar":null,"name_en":null,"highway":"secondary","surface":null,"source":"OpenStreetMap contributors","source_date":"2026-07-29T15:31:21Z","quality_level":"D","official_status":"IMPORTED_UNVERIFIED"}},{"type":"Feature","id":"osm-way-149714832","geometry":{"type":"LineString","coordinates":[[36.7323159,34.6498525],[36.7393998,34.6498551]]},"properties":{"technical_code":"SY-HI-HO-MAS-OSM-149714832","osm_way_id":149714832,"name_ar":null,"name_en":null,"highway":"unclassified","surface":null,"source":"OpenStreetMap contributors","source_date":"2026-07-29T15:31:21Z","quality_level":"D","official_status":"IMPORTED_UNVERIFIED"}},{"type":"Feature","id":"osm-way-149714833","geometry":{"type":"LineString","coordinates":[[36.7463358,34.6414385],[36.7463311,34.6424971],[36.7463252,34.6438136],[36.7463196,34.6450664],[36.7463193,34.6451259],[36.7463126,34.6466221],[36.7463073,34.6478204],[36.746306,34.648101],[36.7463017,34.6490647],[36.7462982,34.6498413],[36.7463426,34.6517106]]},"properties":{"technical_code":"SY-HI-HO-MAS-OSM-149714833","osm_way_id":149714833,"name_ar":null,"name_en":null,"highway":"service","surface":null,"source":"OpenStreetMap contributors","source_date":"2026-07-29T15:31:21Z","quality_level":"D","official_status":"IMPORTED_UNVERIFIED"}},{"type":"Feature","id":"osm-way-149714838","geometry":{"type":"LineString","coordinates":[[36.7463983,34.6715398],[36.7465163,34.6717869],[36.7466567,34.6719416]]},"properties":{"technical_code":"SY-HI-HO-MAS-OSM-149714838","osm_way_id":149714838,"name_ar":null,"name_en":null,"highway":"unclassified","surface":null,"source":"OpenStreetMap contributors","source_date":"2026-07-29T15:31:21Z","quality_level":"D","official_status":"IMPORTED_UNVERIFIED"}},{"type":"Feature","id":"osm-way-149714839","geometry":{"type":"LineString","coordinates":[[36.7463983,34.6715398],[36.7463554,34.6718663],[36.7462928,34.6720784]]},"properties":{"technical_code":"SY-HI-HO-MAS-OSM-149714839","osm_way_id":149714839,"name_ar":null,"name_en":null,"highway":"unclassified","surface":null,"source":"OpenStreetMap contributors","source_date":"2026-07-29T15:31:21Z","quality_level":"D","official_status":"IMPORTED_UNVERIFIED"}},{"type":"Feature","id":"osm-way-150287806","geometry":{"type":"LineString","coordinates":[[36.7213232,34.694329],[36.7213143,34.6941165],[36.7215172,34.6934059],[36.7215862,34.6932457],[36.7216754,34.6930522],[36.7221209,34.6902475],[36.7220965,34.6899339],[36.7220641,34.689727],[36.7220478,34.6893199],[36.7220884,34.688726],[36.7220556,34.6883866],[36.7219915,34.6881808],[36.7219563,34.6879155],[36.7219526,34.6876898],[36.7219501,34.6875345],[36.721818,34.6865883],[36.7217683,34.6863068],[36.721777,34.6861601],[36.7218333,34.685733],[36.7218476,34.6855665],[36.7218655,34.6853578],[36.7218487,34.6847964],[36.7218384,34.6847216],[36.7221683,34.6795665],[36.7221806,34.6790903]]},"properties":{"technical_code":"SY-HI-HO-MAS-OSM-150287806","osm_way_id":150287806,"name_ar":null,"name_en":null,"highway":"unclassified","surface":null,"source":"OpenStreetMap contributors","source_date":"2026-07-29T15:31:21Z","quality_level":"D","official_status":"IMPORTED_UNVERIFIED"}},{"type":"Feature","id":"osm-way-150308437","geometry":{"type":"LineString","coordinates":[[36.7333514,34.6768285],[36.7331361,34.6771195],[36.7330007,34.6773908],[36.7329729,34.6776363],[36.7329972,34.6778791],[36.7331431,34.6782132],[36.7333236,34.6784226],[36.7335259,34.6785501],[36.7359928,34.6798354],[36.7365461,34.680115],[36.7385324,34.6811316],[36.7394561,34.6816171],[36.7398033,34.6818055],[36.7401923,34.6820797],[36.740799,34.6825861],[36.7412874,34.6832059],[36.7417276,34.6839893],[36.7419447,34.6848025],[36.7422128,34.686901],[36.7423577,34.6881382],[36.7423773,34.6887025],[36.7422488,34.6889553]]},"properties":{"technical_code":"SY-HI-HO-MAS-OSM-150308437","osm_way_id":150308437,"name_ar":null,"name_en":null,"highway":"unclassified","surface":null,"source":"OpenStreetMap contributors","source_date":"2026-07-29T15:31:21Z","quality_level":"D","official_status":"IMPORTED_UNVERIFIED"}},{"type":"Feature","id":"osm-way-150308438","geometry":{"type":"LineString","coordinates":[[36.7309145,34.6770392],[36.7309351,34.6768931],[36.730998,34.6767054],[36.7311094,34.6764973],[36.7312486,34.6763187],[36.7314798,34.6761076],[36.7318756,34.6758977],[36.7321487,34.6758202],[36.7324376,34.6757807],[36.7327759,34.6757895],[36.7339891,34.6760022],[36.7343283,34.6760513],[36.7346153,34.6760669],[36.7351264,34.6760199],[36.7356526,34.6759317]]},"properties":{"technical_code":"SY-HI-HO-MAS-OSM-150308438","osm_way_id":150308438,"name_ar":null,"name_en":null,"highway":"primary_link","surface":null,"source":"OpenStreetMap contributors","source_date":"2026-07-29T15:31:21Z","quality_level":"D","official_status":"IMPORTED_UNVERIFIED"}},{"type":"Feature","id":"osm-way-150308445","geometry":{"type":"LineString","coordinates":[[36.7385324,34.6811316],[36.7387234,34.681303],[36.7389373,34.6814933]]},"properties":{"technical_code":"SY-HI-HO-MAS-OSM-150308445","osm_way_id":150308445,"name_ar":null,"name_en":null,"highway":"primary_link","surface":null,"source":"OpenStreetMap contributors","source_date":"2026-07-29T15:31:21Z","quality_level":"D","official_status":"IMPORTED_UNVERIFIED"}},{"type":"Feature","id":"osm-way-150308449","geometry":{"type":"LineString","coordinates":[[36.7310829,34.6773401],[36.7313339,34.6776156],[36.7316633,34.6778199],[36.7325648,34.6782714],[36.7333587,34.6786864],[36.7340502,34.6790185]]},"properties":{"technical_code":"SY-HI-HO-MAS-OSM-150308449","osm_way_id":150308449,"name_ar":null,"name_en":null,"highway":"primary_link","surface":null,"source":"OpenStreetMap contributors","source_date":"2026-07-29T15:31:21Z","quality_level":"D","official_status":"IMPORTED_UNVERIFIED"}},{"type":"Feature","id":"osm-way-150366446","geometry":{"type":"LineString","coordinates":[[36.7130198,34.6738988],[36.7132773,34.6740529],[36.7134851,34.6742168],[36.7136983,34.674134],[36.7138242,34.6740755],[36.7140003,34.6740017],[36.7167657,34.6731357],[36.7172048,34.6729831],[36.7173089,34.6728305],[36.7173858,34.6725252],[36.7174447,34.6721381],[36.7174168,34.6714653],[36.7174145,34.6713659],[36.7173386,34.6700909],[36.7173229,34.6700643],[36.7172989,34.6700423],[36.7172685,34.6700265],[36.717234,34.6700181],[36.7172041,34.6700174],[36.7171748,34.6700222],[36.7171476,34.6700325],[36.717124,34.6700475],[36.7171052,34.6700667],[36.7152891,34.6720423],[36.7141813,34.6732474]]},"properties":{"technical_code":"SY-HI-HO-MAS-OSM-150366446","osm_way_id":150366446,"name_ar":null,"name_en":null,"highway":"residential","surface":null,"source":"OpenStreetMap contributors","source_date":"2026-07-29T15:31:21Z","quality_level":"D","official_status":"IMPORTED_UNVERIFIED"}},{"type":"Feature","id":"osm-way-150366447","geometry":{"type":"LineString","coordinates":[[36.7137352,34.6655516],[36.713719,34.6660771],[36.7137212,34.6662725],[36.7137506,34.6663823],[36.7138027,34.6664717],[36.7139453,34.6666839],[36.7143662,34.6673149],[36.714597,34.667648],[36.7163691,34.6668346],[36.7164415,34.6668253]]},"properties":{"technical_code":"SY-HI-HO-MAS-OSM-150366447","osm_way_id":150366447,"name_ar":null,"name_en":null,"highway":"residential","surface":null,"source":"OpenStreetMap contributors","source_date":"2026-07-29T15:31:21Z","quality_level":"D","official_status":"IMPORTED_UNVERIFIED"}},{"type":"Feature","id":"osm-way-150366448","geometry":{"type":"LineString","coordinates":[[36.7123566,34.6708147],[36.7120013,34.6708068],[36.7118829,34.6708279],[36.7117933,34.6708911],[36.7117549,34.6709911],[36.7117101,34.6711438],[36.7116204,34.6712701],[36.7115884,34.6717623],[36.7115948,34.6719255],[36.7116301,34.6720387],[36.7117037,34.6721229],[36.7119117,34.672273]]},"properties":{"technical_code":"SY-HI-HO-MAS-OSM-150366448","osm_way_id":150366448,"name_ar":null,"name_en":null,"highway":"residential","surface":null,"source":"OpenStreetMap contributors","source_date":"2026-07-29T15:31:21Z","quality_level":"D","official_status":"IMPORTED_UNVERIFIED"}},{"type":"Feature","id":"osm-way-150366450","geometry":{"type":"LineString","coordinates":[[36.7068019,34.667882],[36.7067189,34.6678511],[36.7066802,34.6677833],[36.7067047,34.6677107],[36.7067648,34.667673],[36.7068425,34.6676691],[36.7069071,34.6677002],[36.706938,34.6677457],[36.7069399,34.6677961],[36.7069248,34.6678285],[36.7068652,34.6678727],[36.7068019,34.667882],[36.7068062,34.6681071]]},"properties":{"technical_code":"SY-HI-HO-MAS-OSM-150366450","osm_way_id":150366450,"name_ar":null,"name_en":null,"highway":"service","surface":null,"source":"OpenStreetMap contributors","source_date":"2026-07-29T15:31:21Z","quality_level":"D","official_status":"IMPORTED_UNVERIFIED"}},{"type":"Feature","id":"osm-way-150366452","geometry":{"type":"LineString","coordinates":[[36.7032359,34.6669536],[36.7038216,34.6669721],[36.70386,34.6669457],[36.7039048,34.6668668],[36.7039656,34.6667641],[36.7040232,34.6667141],[36.7041064,34.6666825],[36.704196,34.6666615],[36.7050506,34.6666641],[36.7061195,34.6666615],[36.7074841,34.6666379],[36.7075565,34.6666549],[36.7076013,34.6666865],[36.707621,34.6667259],[36.7076429,34.6667529],[36.7076702,34.6667764],[36.707702,34.6667955],[36.7077373,34.6668097],[36.7077751,34.6668187],[36.7078142,34.6668222]]},"properties":{"technical_code":"SY-HI-HO-MAS-OSM-150366452","osm_way_id":150366452,"name_ar":null,"name_en":null,"highway":"service","surface":null,"source":"OpenStreetMap contributors","source_date":"2026-07-29T15:31:21Z","quality_level":"D","official_status":"IMPORTED_UNVERIFIED"}},{"type":"Feature","id":"osm-way-150366453","geometry":{"type":"LineString","coordinates":[[36.7120385,34.6575266],[36.7124184,34.6574797],[36.7127365,34.657386],[36.7130024,34.6573274],[36.713406,34.6572688],[36.7137479,34.6572454],[36.7138564,34.6572294],[36.7139395,34.6572631],[36.713914,34.6573157],[36.7137431,34.6573118],[36.7134297,34.6573508],[36.7131638,34.6574602],[36.7129644,34.6575227],[36.7127222,34.6575305],[36.7124041,34.6575383],[36.7120385,34.6575266]]},"properties":{"technical_code":"SY-HI-HO-MAS-OSM-150366453","osm_way_id":150366453,"name_ar":null,"name_en":null,"highway":"unclassified","surface":null,"source":"OpenStreetMap contributors","source_date":"2026-07-29T15:31:21Z","quality_level":"D","official_status":"IMPORTED_UNVERIFIED"}},{"type":"Feature","id":"osm-way-150366454","geometry":{"type":"LineString","coordinates":[[36.710105,34.6728407],[36.7103637,34.67282],[36.7105548,34.6728127],[36.711166,34.6728047],[36.7113772,34.672731],[36.7115596,34.6726283],[36.7119117,34.672273],[36.7121517,34.672065],[36.7122734,34.6718755],[36.7123278,34.6716439],[36.7123566,34.6708147],[36.7123894,34.6700594],[36.7124097,34.6699615],[36.7124424,34.6692535],[36.7124696,34.6683581],[36.7125464,34.6667866],[36.7125654,34.6664163],[36.712585,34.6660334],[36.7126072,34.665524]]},"properties":{"technical_code":"SY-HI-HO-MAS-OSM-150366454","osm_way_id":150366454,"name_ar":null,"name_en":null,"highway":"residential","surface":null,"source":"OpenStreetMap contributors","source_date":"2026-07-29T15:31:21Z","quality_level":"D","official_status":"IMPORTED_UNVERIFIED"}},{"type":"Feature","id":"osm-way-150366455","geometry":{"type":"LineString","coordinates":[[36.7171475,34.666158],[36.7171379,34.6669099]]},"properties":{"technical_code":"SY-HI-HO-MAS-OSM-150366455","osm_way_id":150366455,"name_ar":null,"name_en":null,"highway":"residential","surface":null,"source":"OpenStreetMap contributors","source_date":"2026-07-29T15:31:21Z","quality_level":"D","official_status":"IMPORTED_UNVERIFIED"}},{"type":"Feature","id":"osm-way-150366456","geometry":{"type":"LineString","coordinates":[[36.7134925,34.6689684],[36.7141774,34.6689763]]},"properties":{"technical_code":"SY-HI-HO-MAS-OSM-150366456","osm_way_id":150366456,"name_ar":null,"name_en":null,"highway":"residential","surface":null,"source":"OpenStreetMap contributors","source_date":"2026-07-29T15:31:21Z","quality_level":"D","official_status":"IMPORTED_UNVERIFIED"}},{"type":"Feature","id":"osm-way-150366457","geometry":{"type":"LineString","coordinates":[[36.7111468,34.6713701],[36.7111628,34.6708121]]},"properties":{"technical_code":"SY-HI-HO-MAS-OSM-150366457","osm_way_id":150366457,"name_ar":null,"name_en":null,"highway":"residential","surface":null,"source":"OpenStreetMap contributors","source_date":"2026-07-29T15:31:21Z","quality_level":"D","official_status":"IMPORTED_UNVERIFIED"}},{"type":"Feature","id":"osm-way-150366458","geometry":{"type":"LineString","coordinates":[[36.7174145,34.6713659],[36.7152891,34.6720423]]},"properties":{"technical_code":"SY-HI-HO-MAS-OSM-150366458","osm_way_id":150366458,"name_ar":null,"name_en":null,"highway":"residential","surface":null,"source":"OpenStreetMap contributors","source_date":"2026-07-29T15:31:21Z","quality_level":"D","official_status":"IMPORTED_UNVERIFIED"}},{"type":"Feature","id":"osm-way-150366459","geometry":{"type":"LineString","coordinates":[[36.7160305,34.6677444],[36.716485,34.6684051]]},"properties":{"technical_code":"SY-HI-HO-MAS-OSM-150366459","osm_way_id":150366459,"name_ar":null,"name_en":null,"highway":"footway","surface":null,"source":"OpenStreetMap contributors","source_date":"2026-07-29T15:31:21Z","quality_level":"D","official_status":"IMPORTED_UNVERIFIED"}},{"type":"Feature","id":"osm-way-150366460","geometry":{"type":"LineString","coordinates":[[36.7111404,34.6700474],[36.7111244,34.6708115]]},"properties":{"technical_code":"SY-HI-HO-MAS-OSM-150366460","osm_way_id":150366460,"name_ar":null,"name_en":null,"highway":"pedestrian","surface":null,"source":"OpenStreetMap contributors","source_date":"2026-07-29T15:31:21Z","quality_level":"D","official_status":"IMPORTED_UNVERIFIED"}},{"type":"Feature","id":"osm-way-150366461","geometry":{"type":"LineString","coordinates":[[36.7158001,34.6695396],[36.7166514,34.6691421]]},"properties":{"technical_code":"SY-HI-HO-MAS-OSM-150366461","osm_way_id":150366461,"name_ar":null,"name_en":null,"highway":"residential","surface":null,"source":"OpenStreetMap contributors","source_date":"2026-07-29T15:31:21Z","quality_level":"D","official_status":"IMPORTED_UNVERIFIED"}},{"type":"Feature","id":"osm-way-150366462","geometry":{"type":"LineString","coordinates":[[36.710932,34.6666227],[36.7110779,34.6669797]]},"properties":{"technical_code":"SY-HI-HO-MAS-OSM-150366462","osm_way_id":150366462,"name_ar":null,"name_en":null,"highway":"service","surface":null,"source":"OpenStreetMap contributors","source_date":"2026-07-29T15:31:21Z","quality_level":"D","official_status":"IMPORTED_UNVERIFIED"}},{"type":"Feature","id":"osm-way-150366463","geometry":{"type":"LineString","coordinates":[[36.7106462,34.6739227],[36.7105548,34.6728127],[36.7105204,34.6724557],[36.7103796,34.6708001],[36.7102996,34.6700394],[36.7102884,34.6699394],[36.7102228,34.6692602],[36.7101716,34.6685811],[36.7100115,34.6671123],[36.7099765,34.6667546],[36.7099052,34.6660266],[36.7098579,34.6655664],[36.7098847,34.6655112],[36.7099196,34.6654814],[36.7099677,34.6654659],[36.7126072,34.665524],[36.7137352,34.6655516],[36.7146182,34.6655433],[36.7164581,34.665524],[36.7180629,34.6654964],[36.719829,34.6656068],[36.7209202,34.6656869],[36.7221927,34.6657532],[36.7257281,34.6659051],[36.7282798,34.6660045],[36.7290604,34.6660413],[36.7305024,34.6661094],[36.7316584,34.6661525],[36.7321804,34.6661691],[36.7328654,34.666194],[36.733266,34.6662062],[36.7347926,34.6662768],[36.7354943,34.6663597],[36.7355042,34.6665678]]},"properties":{"technical_code":"SY-HI-HO-MAS-OSM-150366463","osm_way_id":150366463,"name_ar":null,"name_en":null,"highway":"tertiary","surface":null,"source":"OpenStreetMap contributors","source_date":"2026-07-29T15:31:21Z","quality_level":"D","official_status":"IMPORTED_UNVERIFIED"}},{"type":"Feature","id":"osm-way-150366464","geometry":{"type":"LineString","coordinates":[[36.7173952,34.6675677],[36.7172435,34.6675548],[36.7165906,34.6675496],[36.7164562,34.667539],[36.716341,34.6676022],[36.7160305,34.6677444],[36.7149232,34.6682629],[36.7145231,34.6684367],[36.7143599,34.6685577],[36.7142735,34.6686736],[36.7142222,34.6687868],[36.7141934,34.6688789],[36.7141774,34.6689763],[36.714171,34.6694343],[36.7141495,34.6699819],[36.7141454,34.6700845],[36.7141357,34.6708425],[36.7141294,34.6713269],[36.7141006,34.671798],[36.7140846,34.6722508],[36.7140654,34.6726403],[36.7140826,34.6727374]]},"properties":{"technical_code":"SY-HI-HO-MAS-OSM-150366464","osm_way_id":150366464,"name_ar":null,"name_en":null,"highway":"residential","surface":null,"source":"OpenStreetMap contributors","source_date":"2026-07-29T15:31:21Z","quality_level":"D","official_status":"IMPORTED_UNVERIFIED"}},{"type":"Feature","id":"osm-way-150366465","geometry":{"type":"LineString","coordinates":[[36.7077295,34.6677794],[36.7076129,34.6677327],[36.7075209,34.667688],[36.7074332,34.6676379],[36.7073576,34.6676046],[36.7072797,34.6675752],[36.7071998,34.6675496],[36.7070971,34.6675233],[36.7069923,34.6675034],[36.706886,34.6674901],[36.706768,34.6674833],[36.7066497,34.6674847],[36.7065319,34.6674945],[36.7064307,34.6675101],[36.7063312,34.6675322],[36.7062342,34.6675607],[36.7062064,34.6675745],[36.7061754,34.6675827],[36.706143,34.6675849],[36.7061099,34.6675807],[36.7060789,34.6675702],[36.7060518,34.667554],[36.7060357,34.6675187],[36.7060314,34.6674603],[36.7060357,34.6674018],[36.7060489,34.6673436],[36.7060706,34.6672871],[36.7060854,34.6672729],[36.7061035,34.6672617],[36.7061242,34.667254],[36.7061519,34.6672499],[36.7061799,34.667252],[36.7062062,34.6672602],[36.7062288,34.6672739],[36.7063076,34.6673086],[36.7063891,34.6673388],[36.7064729,34.6673643],[36.7065769,34.6673889],[36.706683,34.6674064],[36.7067905,34.6674166],[36.7068986,34.6674195],[36.7070067,34.6674151],[36.7071155,34.6673992],[36.7072229,34.6673778],[36.7073286,34.6673511],[36.7074409,34.667316],[36.7075502,34.6672747],[36.7076008,34.6672478],[36.7076558,34.6672275],[36.7077162,34.667214],[36.7077785,34.6672084]]},"properties":{"technical_code":"SY-HI-HO-MAS-OSM-150366465","osm_way_id":150366465,"name_ar":null,"name_en":null,"highway":"service","surface":null,"source":"OpenStreetMap contributors","source_date":"2026-07-29T15:31:21Z","quality_level":"D","official_status":"IMPORTED_UNVERIFIED"}},{"type":"Feature","id":"osm-way-150366466","geometry":{"type":"LineString","coordinates":[[36.710242,34.6743257],[36.710343,34.6743331],[36.7104316,34.6743397],[36.7105396,34.674344],[36.7106762,34.6743455],[36.7114966,34.6743825],[36.7119895,34.6743904],[36.7122935,34.6743667],[36.7125304,34.6742903],[36.712748,34.6741772],[36.7128792,34.6740508],[36.7130198,34.6738988],[36.7133465,34.6735454],[36.7135705,34.6732901],[36.7140826,34.6727374],[36.714469,34.6723247],[36.7145435,34.6722452],[36.7156605,34.6710238],[36.7163326,34.6703105],[36.7170911,34.6694998],[36.7172351,34.6692918],[36.7172571,34.6692438],[36.7173279,34.6690891],[36.7173824,34.6689049],[36.7173984,34.6686811],[36.7174016,34.6683126],[36.7173888,34.6676545],[36.7173952,34.6675677],[36.7174368,34.6674492],[36.7178649,34.6661129],[36.7180629,34.6654964]]},"properties":{"technical_code":"SY-HI-HO-MAS-OSM-150366466","osm_way_id":150366466,"name_ar":null,"name_en":null,"highway":"tertiary","surface":null,"source":"OpenStreetMap contributors","source_date":"2026-07-29T15:31:21Z","quality_level":"D","official_status":"IMPORTED_UNVERIFIED"}},{"type":"Feature","id":"osm-way-150366467","geometry":{"type":"LineString","coordinates":[[36.7089127,34.6574796],[36.71003,34.6574954],[36.7120385,34.6575266]]},"properties":{"technical_code":"SY-HI-HO-MAS-OSM-150366467","osm_way_id":150366467,"name_ar":null,"name_en":null,"highway":"unclassified","surface":null,"source":"OpenStreetMap contributors","source_date":"2026-07-29T15:31:21Z","quality_level":"D","official_status":"IMPORTED_UNVERIFIED"}},{"type":"Feature","id":"osm-way-150366468","geometry":{"type":"LineString","coordinates":[[36.7117104,34.6683528],[36.7117111,34.6679896],[36.7117559,34.6679369]]},"properties":{"technical_code":"SY-HI-HO-MAS-OSM-150366468","osm_way_id":150366468,"name_ar":null,"name_en":null,"highway":"residential","surface":null,"source":"OpenStreetMap contributors","source_date":"2026-07-29T15:31:21Z","quality_level":"D","official_status":"IMPORTED_UNVERIFIED"}},{"type":"Feature","id":"osm-way-150366469","geometry":{"type":"LineString","coordinates":[[36.713719,34.6660771],[36.7144986,34.6660866],[36.7148969,34.6660866]]},"properties":{"technical_code":"SY-HI-HO-MAS-OSM-150366469","osm_way_id":150366469,"name_ar":null,"name_en":null,"highway":"residential","surface":null,"source":"OpenStreetMap contributors","source_date":"2026-07-29T15:31:21Z","quality_level":"D","official_status":"IMPORTED_UNVERIFIED"}},{"type":"Feature","id":"osm-way-150366470","geometry":{"type":"LineString","coordinates":[[36.7115996,34.6664105],[36.7116098,34.6664414],[36.7117282,34.6667985]]},"properties":{"technical_code":"SY-HI-HO-MAS-OSM-150366470","osm_way_id":150366470,"name_ar":null,"name_en":null,"highway":"service","surface":null,"source":"OpenStreetMap contributors","source_date":"2026-07-29T15:31:21Z","quality_level":"D","official_status":"IMPORTED_UNVERIFIED"}},{"type":"Feature","id":"osm-way-150366471","geometry":{"type":"LineString","coordinates":[[36.7141294,34.6713269],[36.7146159,34.6713269],[36.7146287,34.6708504]]},"properties":{"technical_code":"SY-HI-HO-MAS-OSM-150366471","osm_way_id":150366471,"name_ar":null,"name_en":null,"highway":"residential","surface":null,"source":"OpenStreetMap contributors","source_date":"2026-07-29T15:31:21Z","quality_level":"D","official_status":"IMPORTED_UNVERIFIED"}},{"type":"Feature","id":"osm-way-150366472","geometry":{"type":"LineString","coordinates":[[36.7164594,34.6661597],[36.7171475,34.666158],[36.717538,34.6661571]]},"properties":{"technical_code":"SY-HI-HO-MAS-OSM-150366472","osm_way_id":150366472,"name_ar":null,"name_en":null,"highway":"residential","surface":null,"source":"OpenStreetMap contributors","source_date":"2026-07-29T15:31:21Z","quality_level":"D","official_status":"IMPORTED_UNVERIFIED"}},{"type":"Feature","id":"osm-way-150366473","geometry":{"type":"LineString","coordinates":[[36.7108053,34.6670446],[36.7108213,34.6671551],[36.7108566,34.6675684]]},"properties":{"technical_code":"SY-HI-HO-MAS-OSM-150366473","osm_way_id":150366473,"name_ar":null,"name_en":null,"highway":"residential","surface":null,"source":"OpenStreetMap contributors","source_date":"2026-07-29T15:31:21Z","quality_level":"D","official_status":"IMPORTED_UNVERIFIED"}},{"type":"Feature","id":"osm-way-150366474","geometry":{"type":"LineString","coordinates":[[36.7108694,34.6680185],[36.710911,34.668108],[36.7109727,34.668516]]},"properties":{"technical_code":"SY-HI-HO-MAS-OSM-150366474","osm_way_id":150366474,"name_ar":null,"name_en":null,"highway":"residential","surface":null,"source":"OpenStreetMap contributors","source_date":"2026-07-29T15:31:21Z","quality_level":"D","official_status":"IMPORTED_UNVERIFIED"}},{"type":"Feature","id":"osm-way-150366475","geometry":{"type":"LineString","coordinates":[[36.7085771,34.6760352],[36.7085318,34.6760094],[36.7084895,34.6759802],[36.7084507,34.6759486],[36.7084161,34.6759126],[36.7083946,34.6758839],[36.7083782,34.675853],[36.7083672,34.6758205],[36.7083618,34.6757871],[36.7083531,34.6756167],[36.7083453,34.6755456],[36.7083344,34.6754468],[36.7083079,34.6752896],[36.7082727,34.6751336],[36.7082385,34.6750176],[36.7082099,34.6749007],[36.7081909,34.6748071],[36.7081735,34.674699],[36.7081635,34.6746015],[36.7081587,34.6745182],[36.7081587,34.6744112],[36.7081654,34.6743086],[36.7081675,34.6742634],[36.708163,34.6742184],[36.708152,34.6741741],[36.7081318,34.6741253],[36.7081037,34.6740792],[36.7080657,34.6740254],[36.708034,34.6739689],[36.7080118,34.6739179],[36.7079948,34.6738656],[36.707983,34.6738123],[36.7078811,34.6733689],[36.7078707,34.6733162],[36.707865,34.673263],[36.7078647,34.6731901],[36.707873,34.6731174],[36.7078931,34.6730098],[36.7079052,34.6729013],[36.7079094,34.6728071],[36.7079076,34.6727129],[36.7078999,34.6726189],[36.707873,34.6723432],[36.7078489,34.6720719],[36.707814,34.6716616],[36.7077906,34.671461],[36.7077738,34.6712601],[36.7077634,34.6710495],[36.7077604,34.6708387],[36.7077505,34.6706077],[36.7077366,34.6704037],[36.7077103,34.6701465],[36.7076929,34.6700318],[36.7076799,34.6699167],[36.7076694,34.6697646],[36.7076665,34.6696122],[36.7076823,34.6692155],[36.7076926,34.6688644],[36.7076987,34.6686548],[36.7076982,34.6684276],[36.7076987,34.6682379],[36.7077025,34.6680936],[36.7077295,34.6677794],[36.7077785,34.6672084],[36.7077926,34.6670444],[36.7078142,34.6668222],[36.7078489,34.6664643],[36.7078511,34.6664101],[36.7078462,34.6663562],[36.7078386,34.6663184],[36.7078274,34.6662812],[36.7078169,34.6662189],[36.707816,34.6661561],[36.7078561,34.6657253],[36.7078645,34.6656794],[36.7078801,34.6656348],[36.7079024,34.6655923],[36.707929,34.6655543],[36.7079499,34.6655048],[36.7079616,34.6654561],[36.7080098,34.6647965],[36.7080144,34.6646695],[36.7080232,34.6645428],[36.7080263,34.6644763],[36.7080367,34.6644104],[36.7080575,34.6643354],[36.7080876,34.6642626],[36.7081131,34.6641939],[36.7081305,34.6641236],[36.7081398,34.6640543],[36.7081413,34.6639846],[36.7081443,34.6639557],[36.7081416,34.6639268],[36.7081332,34.6638986],[36.7081196,34.6638721],[36.708101,34.6638478],[36.7079964,34.663764],[36.7078918,34.6636758],[36.7077818,34.6635875],[36.7077671,34.6635666],[36.707755,34.6635445],[36.7077404,34.6635011],[36.7077363,34.6634562],[36.707692,34.6631871],[36.7076531,34.6628264],[36.7076563,34.6627742],[36.7076665,34.6627227],[36.7076823,34.6626756],[36.7077041,34.66263],[36.707753,34.6625247],[36.7077979,34.6624182],[36.7078352,34.6623284],[36.7078647,34.6622366],[36.7078861,34.6621448],[36.7078999,34.662052],[36.7079031,34.661959],[36.7078959,34.661866],[36.7078784,34.661774],[36.7078623,34.6615799],[36.7078435,34.661335],[36.7078248,34.6611453],[36.7078185,34.6610516],[36.7078194,34.6609578],[36.7078305,34.6608427]]},"properties":{"technical_code":"SY-HI-HO-MAS-OSM-150366475","osm_way_id":150366475,"name_ar":null,"name_en":null,"highway":"unclassified","surface":null,"source":"OpenStreetMap contributors","source_date":"2026-07-29T15:31:21Z","quality_level":"D","official_status":"IMPORTED_UNVERIFIED"}},{"type":"Feature","id":"osm-way-150366476","geometry":{"type":"LineString","coordinates":[[36.7103796,34.6708001],[36.7111244,34.6708115],[36.7111628,34.6708121],[36.7113708,34.6707884]]},"properties":{"technical_code":"SY-HI-HO-MAS-OSM-150366476","osm_way_id":150366476,"name_ar":null,"name_en":null,"highway":"residential","surface":null,"source":"OpenStreetMap contributors","source_date":"2026-07-29T15:31:21Z","quality_level":"D","official_status":"IMPORTED_UNVERIFIED"}},{"type":"Feature","id":"osm-way-150366477","geometry":{"type":"LineString","coordinates":[[36.7081613,34.6694278],[36.7080542,34.6693572],[36.7079375,34.6692978],[36.7078129,34.6692503],[36.7076823,34.6692155],[36.7075981,34.6692052],[36.7074881,34.6691975],[36.7073098,34.6691954]]},"properties":{"technical_code":"SY-HI-HO-MAS-OSM-150366477","osm_way_id":150366477,"name_ar":null,"name_en":null,"highway":"unclassified","surface":null,"source":"OpenStreetMap contributors","source_date":"2026-07-29T15:31:21Z","quality_level":"D","official_status":"IMPORTED_UNVERIFIED"}},{"type":"Feature","id":"osm-way-150366478","geometry":{"type":"LineString","coordinates":[[36.7133325,34.6731404],[36.7133773,34.6732299],[36.7134669,34.6732615],[36.7135705,34.6732901]]},"properties":{"technical_code":"SY-HI-HO-MAS-OSM-150366478","osm_way_id":150366478,"name_ar":null,"name_en":null,"highway":"residential","surface":null,"source":"OpenStreetMap contributors","source_date":"2026-07-29T15:31:21Z","quality_level":"D","official_status":"IMPORTED_UNVERIFIED"}},{"type":"Feature","id":"osm-way-150366479","geometry":{"type":"LineString","coordinates":[[36.7073152,34.6688746],[36.7075807,34.6688743],[36.7076371,34.6688727],[36.7076926,34.6688644],[36.7077756,34.6688436],[36.7078717,34.6688109],[36.7079696,34.6687754],[36.70807,34.6687328],[36.7081633,34.6686804]]},"properties":{"technical_code":"SY-HI-HO-MAS-OSM-150366479","osm_way_id":150366479,"name_ar":null,"name_en":null,"highway":"unclassified","surface":null,"source":"OpenStreetMap contributors","source_date":"2026-07-29T15:31:21Z","quality_level":"D","official_status":"IMPORTED_UNVERIFIED"}},{"type":"Feature","id":"osm-way-150366480","geometry":{"type":"LineString","coordinates":[[36.7102228,34.6692602],[36.7104606,34.6692531],[36.7112704,34.6692583],[36.711456,34.6692557]]},"properties":{"technical_code":"SY-HI-HO-MAS-OSM-150366480","osm_way_id":150366480,"name_ar":null,"name_en":null,"highway":"residential","surface":null,"source":"OpenStreetMap contributors","source_date":"2026-07-29T15:31:21Z","quality_level":"D","official_status":"IMPORTED_UNVERIFIED"}},{"type":"Feature","id":"osm-way-150366481","geometry":{"type":"LineString","coordinates":[[36.712585,34.6660334],[36.7111321,34.6660148],[36.7105902,34.66602],[36.7099052,34.6660266]]},"properties":{"technical_code":"SY-HI-HO-MAS-OSM-150366481","osm_way_id":150366481,"name_ar":null,"name_en":null,"highway":"residential","surface":null,"source":"OpenStreetMap contributors","source_date":"2026-07-29T15:31:21Z","quality_level":"D","official_status":"IMPORTED_UNVERIFIED"}},{"type":"Feature","id":"osm-way-150366482","geometry":{"type":"LineString","coordinates":[[36.7144986,34.6660866],[36.7145054,34.6663901],[36.7145439,34.6664571],[36.714657,34.6666171]]},"properties":{"technical_code":"SY-HI-HO-MAS-OSM-150366482","osm_way_id":150366482,"name_ar":null,"name_en":null,"highway":"residential","surface":null,"source":"OpenStreetMap contributors","source_date":"2026-07-29T15:31:21Z","quality_level":"D","official_status":"IMPORTED_UNVERIFIED"}},{"type":"Feature","id":"osm-way-150366483","geometry":{"type":"LineString","coordinates":[[36.7071865,34.6681022],[36.7071909,34.6680083],[36.7073041,34.6677905],[36.7073041,34.667703]]},"properties":{"technical_code":"SY-HI-HO-MAS-OSM-150366483","osm_way_id":150366483,"name_ar":null,"name_en":null,"highway":"service","surface":null,"source":"OpenStreetMap contributors","source_date":"2026-07-29T15:31:21Z","quality_level":"D","official_status":"IMPORTED_UNVERIFIED"}},{"type":"Feature","id":"osm-way-150366484","geometry":{"type":"LineString","coordinates":[[36.7117591,34.6667919],[36.7117751,34.6668893],[36.7117431,34.6673447],[36.7117719,34.6674289]]},"properties":{"technical_code":"SY-HI-HO-MAS-OSM-150366484","osm_way_id":150366484,"name_ar":null,"name_en":null,"highway":"residential","surface":null,"source":"OpenStreetMap contributors","source_date":"2026-07-29T15:31:21Z","quality_level":"D","official_status":"IMPORTED_UNVERIFIED"}},{"type":"Feature","id":"osm-way-150366485","geometry":{"type":"LineString","coordinates":[[36.7152816,34.6705583],[36.7147087,34.6708241],[36.7146287,34.6708504],[36.7141357,34.6708425]]},"properties":{"technical_code":"SY-HI-HO-MAS-OSM-150366485","osm_way_id":150366485,"name_ar":null,"name_en":null,"highway":"footway","surface":null,"source":"OpenStreetMap contributors","source_date":"2026-07-29T15:31:21Z","quality_level":"D","official_status":"IMPORTED_UNVERIFIED"}},{"type":"Feature","id":"osm-way-150366486","geometry":{"type":"LineString","coordinates":[[36.7097921,34.6699371],[36.7102884,34.6699394],[36.7112193,34.6699448],[36.7124097,34.6699615],[36.7141495,34.6699819]]},"properties":{"technical_code":"SY-HI-HO-MAS-OSM-150366486","osm_way_id":150366486,"name_ar":null,"name_en":null,"highway":"residential","surface":null,"source":"OpenStreetMap contributors","source_date":"2026-07-29T15:31:21Z","quality_level":"D","official_status":"IMPORTED_UNVERIFIED"}},{"type":"Feature","id":"osm-way-150366488","geometry":{"type":"LineString","coordinates":[[36.7174447,34.6721381],[36.7145615,34.6730464],[36.7143578,34.673132],[36.7141813,34.6732474],[36.7136842,34.6737928],[36.7135269,34.6739376],[36.7132773,34.6740529]]},"properties":{"technical_code":"SY-HI-HO-MAS-OSM-150366488","osm_way_id":150366488,"name_ar":null,"name_en":null,"highway":"residential","surface":null,"source":"OpenStreetMap contributors","source_date":"2026-07-29T15:31:21Z","quality_level":"D","official_status":"IMPORTED_UNVERIFIED"}},{"type":"Feature","id":"osm-way-150366489","geometry":{"type":"LineString","coordinates":[[36.7140846,34.6722508],[36.7141806,34.6723218],[36.7142799,34.6723534],[36.7143471,34.6723561],[36.714469,34.6723247]]},"properties":{"technical_code":"SY-HI-HO-MAS-OSM-150366489","osm_way_id":150366489,"name_ar":null,"name_en":null,"highway":"residential","surface":null,"source":"OpenStreetMap contributors","source_date":"2026-07-29T15:31:21Z","quality_level":"D","official_status":"IMPORTED_UNVERIFIED"}},{"type":"Feature","id":"osm-way-150366490","geometry":{"type":"LineString","coordinates":[[36.7141454,34.6700845],[36.7123894,34.6700594],[36.7111404,34.6700474],[36.7102996,34.6700394],[36.7098016,34.6700339]]},"properties":{"technical_code":"SY-HI-HO-MAS-OSM-150366490","osm_way_id":150366490,"name_ar":null,"name_en":null,"highway":"residential","surface":null,"source":"OpenStreetMap contributors","source_date":"2026-07-29T15:31:21Z","quality_level":"D","official_status":"IMPORTED_UNVERIFIED"}},{"type":"Feature","id":"osm-way-150366491","geometry":{"type":"LineString","coordinates":[[36.7125654,34.6664163],[36.7119956,34.6664124],[36.7115996,34.6664105],[36.7105857,34.6664012],[36.7105902,34.66602]]},"properties":{"technical_code":"SY-HI-HO-MAS-OSM-150366491","osm_way_id":150366491,"name_ar":null,"name_en":null,"highway":"service","surface":null,"source":"OpenStreetMap contributors","source_date":"2026-07-29T15:31:21Z","quality_level":"D","official_status":"IMPORTED_UNVERIFIED"}},{"type":"Feature","id":"osm-way-150366492","geometry":{"type":"LineString","coordinates":[[36.7113772,34.672731],[36.7113164,34.6725625],[36.7112364,34.6722572],[36.7112108,34.6720282],[36.7111948,34.6718308]]},"properties":{"technical_code":"SY-HI-HO-MAS-OSM-150366492","osm_way_id":150366492,"name_ar":null,"name_en":null,"highway":"residential","surface":null,"source":"OpenStreetMap contributors","source_date":"2026-07-29T15:31:21Z","quality_level":"D","official_status":"IMPORTED_UNVERIFIED"}},{"type":"Feature","id":"osm-way-150366493","geometry":{"type":"LineString","coordinates":[[36.7164581,34.665524],[36.7164594,34.6661597],[36.7164415,34.6668253],[36.7164402,34.6674364],[36.7164562,34.667539]]},"properties":{"technical_code":"SY-HI-HO-MAS-OSM-150366493","osm_way_id":150366493,"name_ar":null,"name_en":null,"highway":"residential","surface":null,"source":"OpenStreetMap contributors","source_date":"2026-07-29T15:31:21Z","quality_level":"D","official_status":"IMPORTED_UNVERIFIED"}},{"type":"Feature","id":"osm-way-150366494","geometry":{"type":"LineString","coordinates":[[36.7174016,34.6683126],[36.7168915,34.6683024],[36.7167122,34.6683235],[36.716485,34.6684051],[36.7153648,34.6689105]]},"properties":{"technical_code":"SY-HI-HO-MAS-OSM-150366494","osm_way_id":150366494,"name_ar":null,"name_en":null,"highway":"residential","surface":null,"source":"OpenStreetMap contributors","source_date":"2026-07-29T15:31:21Z","quality_level":"D","official_status":"IMPORTED_UNVERIFIED"}},{"type":"Feature","id":"osm-way-150366495","geometry":{"type":"LineString","coordinates":[[36.7133465,34.6735454],[36.7133261,34.6734695],[36.7133325,34.6731404],[36.7133933,34.671798],[36.7141006,34.671798]]},"properties":{"technical_code":"SY-HI-HO-MAS-OSM-150366495","osm_way_id":150366495,"name_ar":null,"name_en":null,"highway":"residential","surface":null,"source":"OpenStreetMap contributors","source_date":"2026-07-29T15:31:21Z","quality_level":"D","official_status":"IMPORTED_UNVERIFIED"}},{"type":"Feature","id":"osm-way-150366496","geometry":{"type":"LineString","coordinates":[[36.7149232,34.6682629],[36.7153648,34.6689105],[36.7158001,34.6695396],[36.7162482,34.6702108],[36.7163326,34.6703105]]},"properties":{"technical_code":"SY-HI-HO-MAS-OSM-150366496","osm_way_id":150366496,"name_ar":null,"name_en":null,"highway":"residential","surface":null,"source":"OpenStreetMap contributors","source_date":"2026-07-29T15:31:21Z","quality_level":"D","official_status":"IMPORTED_UNVERIFIED"}},{"type":"Feature","id":"osm-way-150366497","geometry":{"type":"LineString","coordinates":[[36.7116098,34.6664414],[36.710932,34.6666227],[36.7104929,34.6667381],[36.7103707,34.6667456],[36.7099765,34.6667546]]},"properties":{"technical_code":"SY-HI-HO-MAS-OSM-150366497","osm_way_id":150366497,"name_ar":null,"name_en":null,"highway":"service","surface":null,"source":"OpenStreetMap contributors","source_date":"2026-07-29T15:31:21Z","quality_level":"D","official_status":"IMPORTED_UNVERIFIED"}},{"type":"Feature","id":"osm-way-150366498","geometry":{"type":"LineString","coordinates":[[36.7112193,34.6699448],[36.711264,34.6698006],[36.7114304,34.6693742],[36.711456,34.6692557],[36.7114496,34.6690662],[36.7113696,34.6684371]]},"properties":{"technical_code":"SY-HI-HO-MAS-OSM-150366498","osm_way_id":150366498,"name_ar":null,"name_en":null,"highway":"residential","surface":null,"source":"OpenStreetMap contributors","source_date":"2026-07-29T15:31:21Z","quality_level":"D","official_status":"IMPORTED_UNVERIFIED"}},{"type":"Feature","id":"osm-way-150366499","geometry":{"type":"LineString","coordinates":[[36.7073098,34.6691954],[36.7059526,34.6692005],[36.7055958,34.669198],[36.7049065,34.6691931],[36.7048707,34.6691848],[36.7048373,34.6691714],[36.7048073,34.6691534],[36.704779,34.6691284],[36.7047572,34.6690994],[36.7047429,34.6690674],[36.7047398,34.6690352],[36.7047443,34.6690032],[36.7047563,34.6689725],[36.7047754,34.6689443],[36.7048007,34.6689198],[36.7048314,34.6688997],[36.7048725,34.6688847],[36.7049157,34.6688744],[36.7049602,34.6688688],[36.7050111,34.6688684],[36.7050616,34.6688744],[36.7051104,34.6688865],[36.7051766,34.6688982],[36.7052412,34.6689152],[36.7053035,34.6689372],[36.705372,34.6689688],[36.7054357,34.6690064],[36.7054939,34.6690497],[36.7055958,34.669198]]},"properties":{"technical_code":"SY-HI-HO-MAS-OSM-150366499","osm_way_id":150366499,"name_ar":null,"name_en":null,"highway":"unclassified","surface":null,"source":"OpenStreetMap contributors","source_date":"2026-07-29T15:31:21Z","quality_level":"D","official_status":"IMPORTED_UNVERIFIED"}},{"type":"Feature","id":"osm-way-150366500","geometry":{"type":"LineString","coordinates":[[36.7134829,34.6694422],[36.7134925,34.6689684],[36.7135085,34.6686736],[36.7135405,34.6685577],[36.7136269,34.6684314],[36.713739,34.6683024],[36.7138542,34.6681945]]},"properties":{"technical_code":"SY-HI-HO-MAS-OSM-150366500","osm_way_id":150366500,"name_ar":null,"name_en":null,"highway":"residential","surface":null,"source":"OpenStreetMap contributors","source_date":"2026-07-29T15:31:21Z","quality_level":"D","official_status":"IMPORTED_UNVERIFIED"}},{"type":"Feature","id":"osm-way-150366501","geometry":{"type":"LineString","coordinates":[[36.7101716,34.6685811],[36.7104974,34.6685647],[36.7108287,34.6685424],[36.7109727,34.668516],[36.7113696,34.6684371],[36.7117104,34.6683528],[36.7124696,34.6683581]]},"properties":{"technical_code":"SY-HI-HO-MAS-OSM-150366501","osm_way_id":150366501,"name_ar":null,"name_en":null,"highway":"residential","surface":null,"source":"OpenStreetMap contributors","source_date":"2026-07-29T15:31:21Z","quality_level":"D","official_status":"IMPORTED_UNVERIFIED"}},{"type":"Feature","id":"osm-way-150366502","geometry":{"type":"LineString","coordinates":[[36.7032103,34.6681119],[36.705121,34.6681092],[36.7058647,34.6681094],[36.7059543,34.6681109],[36.706446,34.6681119],[36.7068062,34.6681071],[36.7071865,34.6681022],[36.7075459,34.6680962],[36.7077025,34.6680936]]},"properties":{"technical_code":"SY-HI-HO-MAS-OSM-150366502","osm_way_id":150366502,"name_ar":null,"name_en":null,"highway":"unclassified","surface":null,"source":"OpenStreetMap contributors","source_date":"2026-07-29T15:31:21Z","quality_level":"D","official_status":"IMPORTED_UNVERIFIED"}},{"type":"Feature","id":"osm-way-150366503","geometry":{"type":"LineString","coordinates":[[36.714171,34.6694343],[36.7144111,34.6694448],[36.7145071,34.669479],[36.7146063,34.6695501],[36.7148239,34.6698739],[36.7152816,34.6705583],[36.7155569,34.6709689],[36.7156605,34.6710238]]},"properties":{"technical_code":"SY-HI-HO-MAS-OSM-150366503","osm_way_id":150366503,"name_ar":null,"name_en":null,"highway":"residential","surface":null,"source":"OpenStreetMap contributors","source_date":"2026-07-29T15:31:21Z","quality_level":"D","official_status":"IMPORTED_UNVERIFIED"}},{"type":"Feature","id":"osm-way-150366505","geometry":{"type":"LineString","coordinates":[[36.7101999,34.673861],[36.7101676,34.6738579],[36.7101381,34.673844],[36.7101127,34.6738255],[36.7100915,34.6738018],[36.7100769,34.673775],[36.7100698,34.6737461],[36.7100269,34.6735277],[36.7100109,34.6735042],[36.7099901,34.6734834],[36.7099652,34.673466],[36.7099268,34.6734488],[36.7098847,34.6734395],[36.7097485,34.6734275],[36.7097189,34.6734246],[36.709691,34.6734159],[36.7096666,34.6734018],[36.7096472,34.6733832],[36.7096338,34.6733612],[36.7096263,34.6731781],[36.7096385,34.6731499],[36.7096625,34.6731275],[36.7096949,34.673114],[36.7097285,34.6731095],[36.7101365,34.6730864]]},"properties":{"technical_code":"SY-HI-HO-MAS-OSM-150366505","osm_way_id":150366505,"name_ar":null,"name_en":null,"highway":"service","surface":null,"source":"OpenStreetMap contributors","source_date":"2026-07-29T15:31:21Z","quality_level":"D","official_status":"IMPORTED_UNVERIFIED"}},{"type":"Feature","id":"osm-way-150366507","geometry":{"type":"LineString","coordinates":[[36.7125464,34.6667866],[36.7119031,34.6667813],[36.7117591,34.6667919],[36.7117282,34.6667985],[36.7116119,34.6668235],[36.7110779,34.6669797],[36.7108053,34.6670446],[36.7106357,34.667063],[36.7100115,34.6671123]]},"properties":{"technical_code":"SY-HI-HO-MAS-OSM-150366507","osm_way_id":150366507,"name_ar":null,"name_en":null,"highway":"residential","surface":null,"source":"OpenStreetMap contributors","source_date":"2026-07-29T15:31:21Z","quality_level":"D","official_status":"IMPORTED_UNVERIFIED"}},{"type":"Feature","id":"osm-way-150473401","geometry":{"type":"LineString","coordinates":[[36.7020863,34.6603046],[36.7073628,34.6604074],[36.7075823,34.6603306],[36.7081373,34.660232]]},"properties":{"technical_code":"SY-HI-HO-MAS-OSM-150473401","osm_way_id":150473401,"name_ar":null,"name_en":null,"highway":"unclassified","surface":null,"source":"OpenStreetMap contributors","source_date":"2026-07-29T15:31:21Z","quality_level":"D","official_status":"IMPORTED_UNVERIFIED"}},{"type":"Feature","id":"osm-way-150473410","geometry":{"type":"LineString","coordinates":[[36.7082119,34.6610997],[36.7079045,34.6609025],[36.7078305,34.6608427],[36.7075916,34.6606494],[36.7073441,34.6604996],[36.7020839,34.6603941]]},"properties":{"technical_code":"SY-HI-HO-MAS-OSM-150473410","osm_way_id":150473410,"name_ar":null,"name_en":null,"highway":"unclassified","surface":null,"source":"OpenStreetMap contributors","source_date":"2026-07-29T15:31:21Z","quality_level":"D","official_status":"IMPORTED_UNVERIFIED"}},{"type":"Feature","id":"osm-way-150473414","geometry":{"type":"LineString","coordinates":[[36.7020337,34.6621],[36.7074276,34.6622052],[36.7076158,34.6622052],[36.7078647,34.6622366],[36.7080253,34.6622568],[36.708235,34.6622975],[36.7083149,34.6623201]]},"properties":{"technical_code":"SY-HI-HO-MAS-OSM-150473414","osm_way_id":150473414,"name_ar":null,"name_en":null,"highway":"unclassified","surface":null,"source":"OpenStreetMap contributors","source_date":"2026-07-29T15:31:21Z","quality_level":"D","official_status":"IMPORTED_UNVERIFIED"}},{"type":"Feature","id":"osm-way-150473421","geometry":{"type":"LineString","coordinates":[[36.6840338,34.6655329],[36.6860636,34.6655496],[36.6910334,34.6655905],[36.6957812,34.6655661],[36.6964834,34.665565],[36.6980961,34.6655625],[36.7019504,34.6655453],[36.7055478,34.6655293],[36.707729,34.66552],[36.7077818,34.6655224],[36.7078342,34.6655289],[36.7078828,34.6655386],[36.707929,34.6655543],[36.7079757,34.6655789],[36.7080246,34.6656017],[36.7080862,34.6656228],[36.7081507,34.665637],[36.7083281,34.6656427]]},"properties":{"technical_code":"SY-HI-HO-MAS-OSM-150473421","osm_way_id":150473421,"name_ar":null,"name_en":null,"highway":"unclassified","surface":null,"source":"OpenStreetMap contributors","source_date":"2026-07-29T15:31:21Z","quality_level":"D","official_status":"IMPORTED_UNVERIFIED"}},{"type":"Feature","id":"osm-way-150592343","geometry":{"type":"LineString","coordinates":[[36.7294136,34.6778687],[36.7293595,34.6782735],[36.729097,34.6796014],[36.7289321,34.6803437],[36.7288941,34.6806917],[36.7288197,34.6810347],[36.7286306,34.6814827],[36.7285778,34.6816044],[36.7285316,34.681899],[36.7284846,34.6821985],[36.7284238,34.6828492],[36.7283639,34.683079],[36.7282362,34.6832973]]},"properties":{"technical_code":"SY-HI-HO-MAS-OSM-150592343","osm_way_id":150592343,"name_ar":null,"name_en":null,"highway":"unclassified","surface":null,"source":"OpenStreetMap contributors","source_date":"2026-07-29T15:31:21Z","quality_level":"D","official_status":"IMPORTED_UNVERIFIED"}},{"type":"Feature","id":"osm-way-150592344","geometry":{"type":"LineString","coordinates":[[36.7281852,34.6833407],[36.7283914,34.6833914],[36.7282955,34.6841295],[36.7281402,34.684162],[36.7262545,34.6839949],[36.726119,34.6839206],[36.7260823,34.6838185],[36.7260626,34.6836629],[36.7261939,34.6832855],[36.7266852,34.6818729],[36.7268743,34.6817034],[36.7270493,34.6815943],[36.7270834,34.6814652]]},"properties":{"technical_code":"SY-HI-HO-MAS-OSM-150592344","osm_way_id":150592344,"name_ar":null,"name_en":null,"highway":"service","surface":null,"source":"OpenStreetMap contributors","source_date":"2026-07-29T15:31:21Z","quality_level":"D","official_status":"IMPORTED_UNVERIFIED"}},{"type":"Feature","id":"osm-way-150592348","geometry":{"type":"LineString","coordinates":[[36.7245254,34.6896271],[36.7245346,34.6885111],[36.724537,34.6882086],[36.724541,34.6874516],[36.724577,34.6870185],[36.7246648,34.6867001],[36.7247287,34.6865688],[36.7248088,34.6863589],[36.7248447,34.6859683],[36.7251348,34.6851012],[36.7257252,34.6834665],[36.726094,34.6824965],[36.7262922,34.682051],[36.7263925,34.6817063],[36.7264413,34.6814652],[36.7265776,34.6814181],[36.7270834,34.6814652],[36.7285778,34.6816044]]},"properties":{"technical_code":"SY-HI-HO-MAS-OSM-150592348","osm_way_id":150592348,"name_ar":null,"name_en":null,"highway":"unclassified","surface":null,"source":"OpenStreetMap contributors","source_date":"2026-07-29T15:31:21Z","quality_level":"D","official_status":"IMPORTED_UNVERIFIED"}},{"type":"Feature","id":"osm-way-150592367","geometry":{"type":"LineString","coordinates":[[36.7278515,34.6838474],[36.7278839,34.6835967],[36.7281852,34.6833407],[36.7282362,34.6832973]]},"properties":{"technical_code":"SY-HI-HO-MAS-OSM-150592367","osm_way_id":150592367,"name_ar":null,"name_en":null,"highway":"service","surface":null,"source":"OpenStreetMap contributors","source_date":"2026-07-29T15:31:21Z","quality_level":"D","official_status":"IMPORTED_UNVERIFIED"}},{"type":"Feature","id":"osm-way-150592378","geometry":{"type":"LineString","coordinates":[[36.7261939,34.6832855],[36.7271905,34.6833446],[36.7272751,34.6833167],[36.7273175,34.6832703],[36.7273655,34.6831867],[36.7275094,34.6819588],[36.7275969,34.6818497],[36.7277099,34.6818288],[36.7285316,34.681899]]},"properties":{"technical_code":"SY-HI-HO-MAS-OSM-150592378","osm_way_id":150592378,"name_ar":null,"name_en":null,"highway":"service","surface":null,"source":"OpenStreetMap contributors","source_date":"2026-07-29T15:31:21Z","quality_level":"D","official_status":"IMPORTED_UNVERIFIED"}},{"type":"Feature","id":"osm-way-150596457","geometry":{"type":"LineString","coordinates":[[36.7397885,34.6650876],[36.7397991,34.6649852],[36.7398943,34.664064],[36.7399333,34.6638656],[36.7399466,34.6637697],[36.7401783,34.6634552],[36.7402657,34.6633124],[36.7402755,34.6632541],[36.7402362,34.6632203],[36.7401714,34.6631844],[36.7401006,34.6631669],[36.7395582,34.663099],[36.7382435,34.6629632],[36.7371283,34.6628599]]},"properties":{"technical_code":"SY-HI-HO-MAS-OSM-150596457","osm_way_id":150596457,"name_ar":null,"name_en":null,"highway":"residential","surface":null,"source":"OpenStreetMap contributors","source_date":"2026-07-29T15:31:21Z","quality_level":"D","official_status":"IMPORTED_UNVERIFIED"}},{"type":"Feature","id":"osm-way-150596458","geometry":{"type":"LineString","coordinates":[[36.7338957,34.6859138],[36.7341111,34.6856981],[36.7349353,34.6853785],[36.7351508,34.6853063],[36.7372731,34.6855858],[36.7378958,34.6856615],[36.7390188,34.6857445],[36.7400983,34.6858616],[36.7407223,34.6859064],[36.7408392,34.6859785]]},"properties":{"technical_code":"SY-HI-HO-MAS-OSM-150596458","osm_way_id":150596458,"name_ar":null,"name_en":null,"highway":"service","surface":null,"source":"OpenStreetMap contributors","source_date":"2026-07-29T15:31:21Z","quality_level":"D","official_status":"IMPORTED_UNVERIFIED"}},{"type":"Feature","id":"osm-way-150596459","geometry":{"type":"LineString","coordinates":[[36.7463789,34.6666523],[36.7473527,34.6666065],[36.7478988,34.6665607],[36.748134,34.6665191],[36.7483552,34.6664705],[36.74853,34.6664248],[36.7487181,34.6663521],[36.7490573,34.6661166],[36.7494687,34.6657808],[36.7500676,34.6650632],[36.7502997,34.664785],[36.7506248,34.664381]]},"properties":{"technical_code":"SY-HI-HO-MAS-OSM-150596459","osm_way_id":150596459,"name_ar":null,"name_en":null,"highway":"unclassified","surface":null,"source":"OpenStreetMap contributors","source_date":"2026-07-29T15:31:21Z","quality_level":"D","official_status":"IMPORTED_UNVERIFIED"}},{"type":"Feature","id":"osm-way-150596460","geometry":{"type":"LineString","coordinates":[[36.7432014,34.6498475],[36.7431996,34.6490716],[36.743198,34.6483828],[36.7431966,34.6477929],[36.7431954,34.6472831],[36.7431993,34.6468846],[36.7432013,34.646681],[36.7432161,34.6451661],[36.7431959,34.643785],[36.7434326,34.64375],[36.744977,34.643784],[36.7463252,34.6438136]]},"properties":{"technical_code":"SY-HI-HO-MAS-OSM-150596460","osm_way_id":150596460,"name_ar":null,"name_en":null,"highway":"service","surface":null,"source":"OpenStreetMap contributors","source_date":"2026-07-29T15:31:21Z","quality_level":"D","official_status":"IMPORTED_UNVERIFIED"}},{"type":"Feature","id":"osm-way-150596461","geometry":{"type":"LineString","coordinates":[[36.7395041,34.6651194],[36.7394121,34.6646319],[36.7393989,34.6645616],[36.7393823,34.6640436],[36.7394263,34.6638383],[36.7393579,34.6637701],[36.7389313,34.6636298],[36.7383233,34.6635363],[36.738144,34.6635339],[36.738069,34.6635329],[36.737194,34.6635315]]},"properties":{"technical_code":"SY-HI-HO-MAS-OSM-150596461","osm_way_id":150596461,"name_ar":null,"name_en":null,"highway":"residential","surface":null,"source":"OpenStreetMap contributors","source_date":"2026-07-29T15:31:21Z","quality_level":"D","official_status":"IMPORTED_UNVERIFIED"}},{"type":"Feature","id":"osm-way-150596462","geometry":{"type":"LineString","coordinates":[[36.7409539,34.649852],[36.7409206,34.6488306],[36.7409137,34.6484033],[36.7409081,34.6480487],[36.7409444,34.6466948],[36.7409636,34.6459772],[36.7409844,34.645305],[36.7410428,34.6452192],[36.7411178,34.6451884],[36.7432161,34.6451661],[36.7449429,34.6451437],[36.7463193,34.6451259]]},"properties":{"technical_code":"SY-HI-HO-MAS-OSM-150596462","osm_way_id":150596462,"name_ar":null,"name_en":null,"highway":"service","surface":null,"source":"OpenStreetMap contributors","source_date":"2026-07-29T15:31:21Z","quality_level":"D","official_status":"IMPORTED_UNVERIFIED"}},{"type":"Feature","id":"osm-way-150596463","geometry":{"type":"LineString","coordinates":[[36.7368164,34.6670563],[36.7364795,34.667165],[36.7363532,34.6672225],[36.7362766,34.6672573],[36.7362349,34.6673104],[36.736199,34.6674653],[36.7362739,34.6675614],[36.7362869,34.6676663],[36.7363143,34.6676894],[36.7371682,34.6676079],[36.7371761,34.6675682],[36.7372041,34.6674253],[36.7372561,34.667346]]},"properties":{"technical_code":"SY-HI-HO-MAS-OSM-150596463","osm_way_id":150596463,"name_ar":null,"name_en":null,"highway":"residential","surface":null,"source":"OpenStreetMap contributors","source_date":"2026-07-29T15:31:21Z","quality_level":"D","official_status":"IMPORTED_UNVERIFIED"}},{"type":"Feature","id":"osm-way-150596464","geometry":{"type":"LineString","coordinates":[[36.7377475,34.6871584],[36.7373911,34.6870873],[36.7372487,34.6870547],[36.7370997,34.6869893],[36.7369904,34.6868695],[36.7369507,34.6867579],[36.7369573,34.6866762],[36.737007,34.6865618],[36.7370732,34.6864066],[36.7371692,34.6863549],[36.7373679,34.6863658],[36.7378482,34.6864773]]},"properties":{"technical_code":"SY-HI-HO-MAS-OSM-150596464","osm_way_id":150596464,"name_ar":null,"name_en":null,"highway":"service","surface":null,"source":"OpenStreetMap contributors","source_date":"2026-07-29T15:31:21Z","quality_level":"D","official_status":"IMPORTED_UNVERIFIED"}},{"type":"Feature","id":"osm-way-150596466","geometry":{"type":"LineString","coordinates":[[36.7305024,34.6661094],[36.7305228,34.6655688],[36.7305464,34.6649452],[36.7305555,34.6647049],[36.7305656,34.6644358],[36.7305831,34.6639745],[36.7306081,34.6633129],[36.7306376,34.6632475],[36.7307201,34.6632305],[36.7314453,34.6632669],[36.7316001,34.663233],[36.7316322,34.6627975],[36.73168,34.6621487],[36.7317024,34.6615213],[36.731717,34.660979]]},"properties":{"technical_code":"SY-HI-HO-MAS-OSM-150596466","osm_way_id":150596466,"name_ar":null,"name_en":null,"highway":"residential","surface":null,"source":"OpenStreetMap contributors","source_date":"2026-07-29T15:31:21Z","quality_level":"D","official_status":"IMPORTED_UNVERIFIED"}},{"type":"Feature","id":"osm-way-150596468","geometry":{"type":"LineString","coordinates":[[36.7392412,34.6651487],[36.739273,34.6653684],[36.7393892,34.6661709],[36.7394226,34.6664013],[36.7394638,34.6668208],[36.7393135,34.6669323],[36.7389763,34.6669188],[36.7388301,34.6669129],[36.7383,34.6669255],[36.7382198,34.6669275],[36.7379263,34.6669425],[36.7377276,34.6669565],[36.7375271,34.6669832],[36.7371557,34.6667383],[36.7370139,34.66666],[36.7366839,34.6668069]]},"properties":{"technical_code":"SY-HI-HO-MAS-OSM-150596468","osm_way_id":150596468,"name_ar":null,"name_en":null,"highway":"residential","surface":null,"source":"OpenStreetMap contributors","source_date":"2026-07-29T15:31:21Z","quality_level":"D","official_status":"IMPORTED_UNVERIFIED"}},{"type":"Feature","id":"osm-way-150596470","geometry":{"type":"LineString","coordinates":[[36.7354943,34.6663597],[36.7355067,34.6659393],[36.7355084,34.6657856],[36.7354291,34.6656177],[36.7354431,34.6654311],[36.735478,34.6651738],[36.7354944,34.6650455],[36.7355073,34.6649619],[36.7355372,34.6647697],[36.7355453,34.6646862],[36.7355392,34.6642048],[36.7355539,34.6638747],[36.7355502,34.6637009],[36.7355497,34.6636793],[36.7355355,34.6634689],[36.7355382,34.6634368],[36.7355774,34.6629706]]},"properties":{"technical_code":"SY-HI-HO-MAS-OSM-150596470","osm_way_id":150596470,"name_ar":null,"name_en":null,"highway":"residential","surface":null,"source":"OpenStreetMap contributors","source_date":"2026-07-29T15:31:21Z","quality_level":"D","official_status":"IMPORTED_UNVERIFIED"}},{"type":"Feature","id":"osm-way-150596472","geometry":{"type":"LineString","coordinates":[[36.7481114,34.6510182],[36.7479316,34.6506035],[36.747911,34.6504095],[36.7478992,34.650167],[36.747908,34.6500312],[36.7478992,34.6499366],[36.7478415,34.64984],[36.7477988,34.6492357],[36.7478749,34.6490247],[36.7481225,34.6486076],[36.7482994,34.6482342],[36.7483465,34.6481129],[36.7483524,34.6477588],[36.748385,34.6466565],[36.7484283,34.64519],[36.7483533,34.6451008],[36.7482491,34.6450768],[36.7473609,34.645072],[36.7463196,34.6450664]]},"properties":{"technical_code":"SY-HI-HO-MAS-OSM-150596472","osm_way_id":150596472,"name_ar":null,"name_en":null,"highway":"service","surface":null,"source":"OpenStreetMap contributors","source_date":"2026-07-29T15:31:21Z","quality_level":"D","official_status":"IMPORTED_UNVERIFIED"}},{"type":"Feature","id":"osm-way-150596473","geometry":{"type":"LineString","coordinates":[[36.7463778,34.6827025],[36.7472922,34.6820491],[36.7479519,34.681093],[36.748774,34.6800161],[36.7495997,34.678915],[36.7508787,34.6771757],[36.7513103,34.6766629],[36.7513613,34.676525],[36.7516789,34.6751854],[36.7517987,34.674909],[36.752628,34.6735972],[36.7526527,34.6735269],[36.7532354,34.6726235],[36.7532795,34.6725551],[36.7536853,34.6719302],[36.7541603,34.671205],[36.7547514,34.6702169],[36.7552949,34.669186],[36.755382,34.6690208],[36.7553865,34.6689343],[36.755398,34.6687156]]},"properties":{"technical_code":"SY-HI-HO-MAS-OSM-150596473","osm_way_id":150596473,"name_ar":null,"name_en":null,"highway":"unclassified","surface":null,"source":"OpenStreetMap contributors","source_date":"2026-07-29T15:31:21Z","quality_level":"D","official_status":"IMPORTED_UNVERIFIED"}},{"type":"Feature","id":"osm-way-150596475","geometry":{"type":"LineString","coordinates":[[36.7321804,34.6661691],[36.7321417,34.6673025]]},"properties":{"technical_code":"SY-HI-HO-MAS-OSM-150596475","osm_way_id":150596475,"name_ar":null,"name_en":null,"highway":"residential","surface":null,"source":"OpenStreetMap contributors","source_date":"2026-07-29T15:31:21Z","quality_level":"D","official_status":"IMPORTED_UNVERIFIED"}},{"type":"Feature","id":"osm-way-150596477","geometry":{"type":"LineString","coordinates":[[36.7395019,34.6803864],[36.7426456,34.6803293]]},"properties":{"technical_code":"SY-HI-HO-MAS-OSM-150596477","osm_way_id":150596477,"name_ar":null,"name_en":null,"highway":"service","surface":null,"source":"OpenStreetMap contributors","source_date":"2026-07-29T15:31:21Z","quality_level":"D","official_status":"IMPORTED_UNVERIFIED"}},{"type":"Feature","id":"osm-way-150596478","geometry":{"type":"LineString","coordinates":[[36.7431996,34.6490716],[36.7463017,34.6490647]]},"properties":{"technical_code":"SY-HI-HO-MAS-OSM-150596478","osm_way_id":150596478,"name_ar":null,"name_en":null,"highway":"service","surface":null,"source":"OpenStreetMap contributors","source_date":"2026-07-29T15:31:21Z","quality_level":"D","official_status":"IMPORTED_UNVERIFIED"}},{"type":"Feature","id":"osm-way-150596479","geometry":{"type":"LineString","coordinates":[[36.7371603,34.6664776],[36.7370752,34.6658551]]},"properties":{"technical_code":"SY-HI-HO-MAS-OSM-150596479","osm_way_id":150596479,"name_ar":null,"name_en":null,"highway":"residential","surface":null,"source":"OpenStreetMap contributors","source_date":"2026-07-29T15:31:21Z","quality_level":"D","official_status":"IMPORTED_UNVERIFIED"}},{"type":"Feature","id":"osm-way-150596481","geometry":{"type":"LineString","coordinates":[[36.7383,34.6669255],[36.73827,34.6664207]]},"properties":{"technical_code":"SY-HI-HO-MAS-OSM-150596481","osm_way_id":150596481,"name_ar":null,"name_en":null,"highway":"residential","surface":null,"source":"OpenStreetMap contributors","source_date":"2026-07-29T15:31:21Z","quality_level":"D","official_status":"IMPORTED_UNVERIFIED"}},{"type":"Feature","id":"osm-way-150596485","geometry":{"type":"LineString","coordinates":[[36.7464054,34.6762563],[36.7418631,34.6765313]]},"properties":{"technical_code":"SY-HI-HO-MAS-OSM-150596485","osm_way_id":150596485,"name_ar":null,"name_en":null,"highway":"unclassified","surface":null,"source":"OpenStreetMap contributors","source_date":"2026-07-29T15:31:21Z","quality_level":"D","official_status":"IMPORTED_UNVERIFIED"}},{"type":"Feature","id":"osm-way-150596486","geometry":{"type":"LineString","coordinates":[[36.7463996,34.6755573],[36.7422217,34.675837]]},"properties":{"technical_code":"SY-HI-HO-MAS-OSM-150596486","osm_way_id":150596486,"name_ar":null,"name_en":null,"highway":"service","surface":null,"source":"OpenStreetMap contributors","source_date":"2026-07-29T15:31:21Z","quality_level":"D","official_status":"IMPORTED_UNVERIFIED"}},{"type":"Feature","id":"osm-way-150596488","geometry":{"type":"LineString","coordinates":[[36.746306,34.648101],[36.7483465,34.6481129]]},"properties":{"technical_code":"SY-HI-HO-MAS-OSM-150596488","osm_way_id":150596488,"name_ar":null,"name_en":null,"highway":"service","surface":null,"source":"OpenStreetMap contributors","source_date":"2026-07-29T15:31:21Z","quality_level":"D","official_status":"IMPORTED_UNVERIFIED"}},{"type":"Feature","id":"osm-way-150596490","geometry":{"type":"LineString","coordinates":[[36.7561438,34.6834317],[36.748774,34.6800161]]},"properties":{"technical_code":"SY-HI-HO-MAS-OSM-150596490","osm_way_id":150596490,"name_ar":null,"name_en":null,"highway":"unclassified","surface":null,"source":"OpenStreetMap contributors","source_date":"2026-07-29T15:31:21Z","quality_level":"D","official_status":"IMPORTED_UNVERIFIED"}},{"type":"Feature","id":"osm-way-150596491","geometry":{"type":"LineString","coordinates":[[36.7431966,34.6477929],[36.7447653,34.6478068],[36.7463073,34.6478204]]},"properties":{"technical_code":"SY-HI-HO-MAS-OSM-150596491","osm_way_id":150596491,"name_ar":null,"name_en":null,"highway":"service","surface":null,"source":"OpenStreetMap contributors","source_date":"2026-07-29T15:31:21Z","quality_level":"D","official_status":"IMPORTED_UNVERIFIED"}},{"type":"Feature","id":"osm-way-150596493","geometry":{"type":"LineString","coordinates":[[36.7383644,34.6658943],[36.7378558,34.6659722]]},"properties":{"technical_code":"SY-HI-HO-MAS-OSM-150596493","osm_way_id":150596493,"name_ar":null,"name_en":null,"highway":"residential","surface":null,"source":"OpenStreetMap contributors","source_date":"2026-07-29T15:31:21Z","quality_level":"D","official_status":"IMPORTED_UNVERIFIED"}},{"type":"Feature","id":"osm-way-150596496","geometry":{"type":"LineString","coordinates":[[36.7432013,34.646681],[36.7409444,34.6466948]]},"properties":{"technical_code":"SY-HI-HO-MAS-OSM-150596496","osm_way_id":150596496,"name_ar":null,"name_en":null,"highway":"service","surface":null,"source":"OpenStreetMap contributors","source_date":"2026-07-29T15:31:21Z","quality_level":"D","official_status":"IMPORTED_UNVERIFIED"}},{"type":"Feature","id":"osm-way-150596498","geometry":{"type":"LineString","coordinates":[[36.7463976,34.6799891],[36.744391,34.6800311]]},"properties":{"technical_code":"SY-HI-HO-MAS-OSM-150596498","osm_way_id":150596498,"name_ar":null,"name_en":null,"highway":"service","surface":null,"source":"OpenStreetMap contributors","source_date":"2026-07-29T15:31:21Z","quality_level":"D","official_status":"IMPORTED_UNVERIFIED"}},{"type":"Feature","id":"osm-way-150596501","geometry":{"type":"LineString","coordinates":[[36.7464113,34.6769601],[36.7414463,34.6772824]]},"properties":{"technical_code":"SY-HI-HO-MAS-OSM-150596501","osm_way_id":150596501,"name_ar":null,"name_en":null,"highway":"unclassified","surface":null,"source":"OpenStreetMap contributors","source_date":"2026-07-29T15:31:21Z","quality_level":"D","official_status":"IMPORTED_UNVERIFIED"}},{"type":"Feature","id":"osm-way-150596503","geometry":{"type":"LineString","coordinates":[[36.7401277,34.679418],[36.7428418,34.6793587]]},"properties":{"technical_code":"SY-HI-HO-MAS-OSM-150596503","osm_way_id":150596503,"name_ar":null,"name_en":null,"highway":"unclassified","surface":null,"source":"OpenStreetMap contributors","source_date":"2026-07-29T15:31:21Z","quality_level":"D","official_status":"IMPORTED_UNVERIFIED"}},{"type":"Feature","id":"osm-way-150596507","geometry":{"type":"LineString","coordinates":[[36.7541603,34.671205],[36.7561959,34.6721302]]},"properties":{"technical_code":"SY-HI-HO-MAS-OSM-150596507","osm_way_id":150596507,"name_ar":null,"name_en":null,"highway":"residential","surface":null,"source":"OpenStreetMap contributors","source_date":"2026-07-29T15:31:21Z","quality_level":"D","official_status":"IMPORTED_UNVERIFIED"}},{"type":"Feature","id":"osm-way-150596508","geometry":{"type":"LineString","coordinates":[[36.74064,34.6786119],[36.7443283,34.6785178]]},"properties":{"technical_code":"SY-HI-HO-MAS-OSM-150596508","osm_way_id":150596508,"name_ar":null,"name_en":null,"highway":"unclassified","surface":null,"source":"OpenStreetMap contributors","source_date":"2026-07-29T15:31:21Z","quality_level":"D","official_status":"IMPORTED_UNVERIFIED"}},{"type":"Feature","id":"osm-way-150596513","geometry":{"type":"LineString","coordinates":[[36.7290604,34.6660413],[36.7290193,34.6671683]]},"properties":{"technical_code":"SY-HI-HO-MAS-OSM-150596513","osm_way_id":150596513,"name_ar":null,"name_en":null,"highway":"residential","surface":null,"source":"OpenStreetMap contributors","source_date":"2026-07-29T15:31:21Z","quality_level":"D","official_status":"IMPORTED_UNVERIFIED"}},{"type":"Feature","id":"osm-way-150596514","geometry":{"type":"LineString","coordinates":[[36.7463905,34.6809579],[36.7409205,34.6810711]]},"properties":{"technical_code":"SY-HI-HO-MAS-OSM-150596514","osm_way_id":150596514,"name_ar":null,"name_en":null,"highway":"unclassified","surface":null,"source":"OpenStreetMap contributors","source_date":"2026-07-29T15:31:21Z","quality_level":"D","official_status":"IMPORTED_UNVERIFIED"}},{"type":"Feature","id":"osm-way-150596516","geometry":{"type":"LineString","coordinates":[[36.7384761,34.6654694],[36.739273,34.6653684]]},"properties":{"technical_code":"SY-HI-HO-MAS-OSM-150596516","osm_way_id":150596516,"name_ar":null,"name_en":null,"highway":"residential","surface":null,"source":"OpenStreetMap contributors","source_date":"2026-07-29T15:31:21Z","quality_level":"D","official_status":"IMPORTED_UNVERIFIED"}},{"type":"Feature","id":"osm-way-150596520","geometry":{"type":"LineString","coordinates":[[36.7338091,34.6633808],[36.7338508,34.6628857]]},"properties":{"technical_code":"SY-HI-HO-MAS-OSM-150596520","osm_way_id":150596520,"name_ar":null,"name_en":null,"highway":"residential","surface":null,"source":"OpenStreetMap contributors","source_date":"2026-07-29T15:31:21Z","quality_level":"D","official_status":"IMPORTED_UNVERIFIED"}},{"type":"Feature","id":"osm-way-150596522","geometry":{"type":"LineString","coordinates":[[36.7409219,34.678147],[36.7363106,34.6785264]]},"properties":{"technical_code":"SY-HI-HO-MAS-OSM-150596522","osm_way_id":150596522,"name_ar":null,"name_en":null,"highway":"unclassified","surface":null,"source":"OpenStreetMap contributors","source_date":"2026-07-29T15:31:21Z","quality_level":"D","official_status":"IMPORTED_UNVERIFIED"}},{"type":"Feature","id":"osm-way-150596524","geometry":{"type":"LineString","coordinates":[[36.7316584,34.6661525],[36.7316405,34.667286]]},"properties":{"technical_code":"SY-HI-HO-MAS-OSM-150596524","osm_way_id":150596524,"name_ar":null,"name_en":null,"highway":"residential","surface":null,"source":"OpenStreetMap contributors","source_date":"2026-07-29T15:31:21Z","quality_level":"D","official_status":"IMPORTED_UNVERIFIED"}},{"type":"Feature","id":"osm-way-150596526","geometry":{"type":"LineString","coordinates":[[36.743198,34.6483828],[36.7409137,34.6484033]]},"properties":{"technical_code":"SY-HI-HO-MAS-OSM-150596526","osm_way_id":150596526,"name_ar":null,"name_en":null,"highway":"service","surface":null,"source":"OpenStreetMap contributors","source_date":"2026-07-29T15:31:21Z","quality_level":"D","official_status":"IMPORTED_UNVERIFIED"}},{"type":"Feature","id":"osm-way-150596528","geometry":{"type":"LineString","coordinates":[[36.7532795,34.6725551],[36.7463787,34.6730634]]},"properties":{"technical_code":"SY-HI-HO-MAS-OSM-150596528","osm_way_id":150596528,"name_ar":null,"name_en":null,"highway":"residential","surface":null,"source":"OpenStreetMap contributors","source_date":"2026-07-29T15:31:21Z","quality_level":"D","official_status":"IMPORTED_UNVERIFIED"}},{"type":"Feature","id":"osm-way-150596529","geometry":{"type":"LineString","coordinates":[[36.7434107,34.6731449],[36.7435898,34.6733961],[36.7436775,34.6735801],[36.7436672,34.6736791],[36.7436276,34.6738107],[36.7434808,34.6741332],[36.7430283,34.6748095],[36.7426293,34.6752977],[36.7424282,34.6755638],[36.7422217,34.675837],[36.7420737,34.6760889],[36.7418631,34.6765313],[36.7418191,34.6766237],[36.7414463,34.6772824],[36.7409219,34.678147],[36.74064,34.6786119],[36.7405071,34.678831],[36.7401277,34.679418],[36.7395019,34.6803864],[36.7392112,34.6808362]]},"properties":{"technical_code":"SY-HI-HO-MAS-OSM-150596529","osm_way_id":150596529,"name_ar":null,"name_en":null,"highway":"unclassified","surface":null,"source":"OpenStreetMap contributors","source_date":"2026-07-29T15:31:21Z","quality_level":"D","official_status":"IMPORTED_UNVERIFIED"}},{"type":"Feature","id":"osm-way-150596538","geometry":{"type":"LineString","coordinates":[[36.7370208,34.6754871],[36.7371077,34.674681],[36.7371321,34.6743048],[36.7371759,34.6739286],[36.7374154,34.6729742],[36.7374724,34.6727931],[36.7376701,34.6721649],[36.7378215,34.6716725],[36.7379038,34.6712709],[36.7379824,34.6708872],[36.7380005,34.670653],[36.7380374,34.6701741],[36.7380237,34.6696307],[36.7379187,34.6690377],[36.7377192,34.6683573],[36.7374129,34.6676047],[36.7372561,34.667346],[36.7372234,34.6672686],[36.7371192,34.6671412],[36.7369953,34.6670931],[36.7368164,34.6670563],[36.7367369,34.6669407],[36.7366839,34.6668069],[36.7366274,34.6665877],[36.7366109,34.6665235],[36.7366169,34.6662186]]},"properties":{"technical_code":"SY-HI-HO-MAS-OSM-150596538","osm_way_id":150596538,"name_ar":null,"name_en":null,"highway":"unclassified","surface":null,"source":"OpenStreetMap contributors","source_date":"2026-07-29T15:31:21Z","quality_level":"D","official_status":"IMPORTED_UNVERIFIED"}},{"type":"Feature","id":"osm-way-150596540","geometry":{"type":"LineString","coordinates":[[36.7369636,34.6656796],[36.7373808,34.6654298],[36.7375935,34.6653674],[36.7377146,34.6653601],[36.7380137,34.6653386],[36.7382478,34.6653001],[36.7384554,34.665266],[36.7390134,34.6651742],[36.7392412,34.6651487],[36.7395041,34.6651194],[36.7397885,34.6650876],[36.7447766,34.6647316],[36.7457313,34.6646257],[36.7459315,34.6646345],[36.7460638,34.664658],[36.746146,34.6647051],[36.7462318,34.6648227],[36.746242,34.6651383],[36.7462167,34.6660512],[36.7462256,34.6661908],[36.7463216,34.6664278],[36.7463786,34.6665765]]},"properties":{"technical_code":"SY-HI-HO-MAS-OSM-150596540","osm_way_id":150596540,"name_ar":null,"name_en":null,"highway":"unclassified","surface":null,"source":"OpenStreetMap contributors","source_date":"2026-07-29T15:31:21Z","quality_level":"D","official_status":"IMPORTED_UNVERIFIED"}},{"type":"Feature","id":"osm-way-150596547","geometry":{"type":"LineString","coordinates":[[36.7381866,34.6902932],[36.7383066,34.6897675],[36.7383498,34.6894322],[36.7381102,34.6886922],[36.7378254,34.687948],[36.7377105,34.6876345],[36.7376967,34.6874721],[36.7377475,34.6871584],[36.7377976,34.6868496],[36.7378431,34.6865683],[36.7378482,34.6864773],[36.7378891,34.6857373],[36.7378958,34.6856615],[36.7379548,34.6849932],[36.738015,34.6843125],[36.7380816,34.6835883],[36.7380772,34.6832327],[36.7380257,34.683098],[36.737932,34.6830479],[36.7356749,34.682967],[36.7348027,34.6829639],[36.7333712,34.6829588],[36.7313201,34.682978],[36.7298391,34.683036],[36.7296073,34.6830552]]},"properties":{"technical_code":"SY-HI-HO-MAS-OSM-150596547","osm_way_id":150596547,"name_ar":null,"name_en":null,"highway":"service","surface":null,"source":"OpenStreetMap contributors","source_date":"2026-07-29T15:31:21Z","quality_level":"D","official_status":"IMPORTED_UNVERIFIED"}},{"type":"Feature","id":"osm-way-150596552","geometry":{"type":"LineString","coordinates":[[36.7438053,34.6888783],[36.7435697,34.6882446],[36.7435722,34.6881546],[36.7436135,34.6880886],[36.7438654,34.687797],[36.744026,34.687587],[36.7446323,34.6864764],[36.7450177,34.6857704],[36.7454944,34.6849062],[36.746006,34.6839787],[36.7462255,34.6834941],[36.7463091,34.6833097],[36.7463772,34.6830696],[36.7463772,34.6827775],[36.7463778,34.6827025],[36.7463803,34.6823616],[36.7463862,34.6815416],[36.7463905,34.6809579],[36.7463976,34.6799891],[36.7463981,34.6799193],[36.7464022,34.6789967],[36.7464064,34.6780646],[36.7464091,34.6774514],[36.7464113,34.6769601],[36.7464054,34.6762563],[36.7463996,34.6755573],[36.746397,34.6752413],[36.7463828,34.6735516],[36.7463787,34.6730634],[36.7463741,34.6725189],[36.7464228,34.6723805],[36.7465809,34.6722425],[36.7466567,34.6719416]]},"properties":{"technical_code":"SY-HI-HO-MAS-OSM-150596552","osm_way_id":150596552,"name_ar":null,"name_en":null,"highway":"tertiary","surface":null,"source":"OpenStreetMap contributors","source_date":"2026-07-29T15:31:21Z","quality_level":"D","official_status":"IMPORTED_UNVERIFIED"}},{"type":"Feature","id":"osm-way-150596559","geometry":{"type":"LineString","coordinates":[[36.7378233,34.6658312],[36.7370752,34.6658551],[36.7369424,34.6658593]]},"properties":{"technical_code":"SY-HI-HO-MAS-OSM-150596559","osm_way_id":150596559,"name_ar":null,"name_en":null,"highway":"residential","surface":null,"source":"OpenStreetMap contributors","source_date":"2026-07-29T15:31:21Z","quality_level":"D","official_status":"IMPORTED_UNVERIFIED"}},{"type":"Feature","id":"osm-way-150596568","geometry":{"type":"LineString","coordinates":[[36.735478,34.6651738],[36.7336564,34.6650888],[36.7334545,34.6650794],[36.7305464,34.6649452]]},"properties":{"technical_code":"SY-HI-HO-MAS-OSM-150596568","osm_way_id":150596568,"name_ar":null,"name_en":null,"highway":"residential","surface":null,"source":"OpenStreetMap contributors","source_date":"2026-07-29T15:31:21Z","quality_level":"D","official_status":"IMPORTED_UNVERIFIED"}},{"type":"Feature","id":"osm-way-150596570","geometry":{"type":"LineString","coordinates":[[36.7463803,34.6823616],[36.7435791,34.6824607],[36.7410879,34.6824777]]},"properties":{"technical_code":"SY-HI-HO-MAS-OSM-150596570","osm_way_id":150596570,"name_ar":null,"name_en":null,"highway":"unclassified","surface":null,"source":"OpenStreetMap contributors","source_date":"2026-07-29T15:31:21Z","quality_level":"D","official_status":"IMPORTED_UNVERIFIED"}},{"type":"Feature","id":"osm-way-150596577","geometry":{"type":"LineString","coordinates":[[36.7355042,34.6665678],[36.735493,34.6666236],[36.7355263,34.6673695]]},"properties":{"technical_code":"SY-HI-HO-MAS-OSM-150596577","osm_way_id":150596577,"name_ar":null,"name_en":null,"highway":"residential","surface":null,"source":"OpenStreetMap contributors","source_date":"2026-07-29T15:31:21Z","quality_level":"D","official_status":"IMPORTED_UNVERIFIED"}},{"type":"Feature","id":"osm-way-150596579","geometry":{"type":"LineString","coordinates":[[36.7601324,34.6675446],[36.7642014,34.669429],[36.765523,34.6700471]]},"properties":{"technical_code":"SY-HI-HO-MAS-OSM-150596579","osm_way_id":150596579,"name_ar":null,"name_en":null,"highway":"residential","surface":null,"source":"OpenStreetMap contributors","source_date":"2026-07-29T15:31:21Z","quality_level":"D","official_status":"IMPORTED_UNVERIFIED"}},{"type":"Feature","id":"osm-way-150596581","geometry":{"type":"LineString","coordinates":[[36.7463899,34.6694347],[36.7464838,34.669428],[36.7489005,34.6692558]]},"properties":{"technical_code":"SY-HI-HO-MAS-OSM-150596581","osm_way_id":150596581,"name_ar":null,"name_en":null,"highway":"unclassified","surface":null,"source":"OpenStreetMap contributors","source_date":"2026-07-29T15:31:21Z","quality_level":"D","official_status":"IMPORTED_UNVERIFIED"}},{"type":"Feature","id":"osm-way-150596590","geometry":{"type":"LineString","coordinates":[[36.7305555,34.6647049],[36.7332841,34.6648395],[36.7334672,34.6648485],[36.7355073,34.6649619]]},"properties":{"technical_code":"SY-HI-HO-MAS-OSM-150596590","osm_way_id":150596590,"name_ar":null,"name_en":null,"highway":"residential","surface":null,"source":"OpenStreetMap contributors","source_date":"2026-07-29T15:31:21Z","quality_level":"D","official_status":"IMPORTED_UNVERIFIED"}},{"type":"Feature","id":"osm-way-150596591","geometry":{"type":"LineString","coordinates":[[36.7355382,34.6634368],[36.7341662,34.6633846],[36.7338091,34.6633808],[36.7315964,34.6632693]]},"properties":{"technical_code":"SY-HI-HO-MAS-OSM-150596591","osm_way_id":150596591,"name_ar":null,"name_en":null,"highway":"residential","surface":null,"source":"OpenStreetMap contributors","source_date":"2026-07-29T15:31:21Z","quality_level":"D","official_status":"IMPORTED_UNVERIFIED"}},{"type":"Feature","id":"osm-way-150596592","geometry":{"type":"LineString","coordinates":[[36.7351508,34.6853063],[36.7349526,34.6852449],[36.7348027,34.6829639]]},"properties":{"technical_code":"SY-HI-HO-MAS-OSM-150596592","osm_way_id":150596592,"name_ar":null,"name_en":null,"highway":"service","surface":null,"source":"OpenStreetMap contributors","source_date":"2026-07-29T15:31:21Z","quality_level":"D","official_status":"IMPORTED_UNVERIFIED"}},{"type":"Feature","id":"osm-way-150596602","geometry":{"type":"LineString","coordinates":[[36.7341739,34.6636367],[36.7341662,34.6633846],[36.734198,34.6631559],[36.7342237,34.6629031]]},"properties":{"technical_code":"SY-HI-HO-MAS-OSM-150596602","osm_way_id":150596602,"name_ar":null,"name_en":null,"highway":"residential","surface":null,"source":"OpenStreetMap contributors","source_date":"2026-07-29T15:31:21Z","quality_level":"D","official_status":"IMPORTED_UNVERIFIED"}},{"type":"Feature","id":"osm-way-150596605","geometry":{"type":"LineString","coordinates":[[36.7379548,34.6849932],[36.7383933,34.6850371],[36.7398778,34.6851856]]},"properties":{"technical_code":"SY-HI-HO-MAS-OSM-150596605","osm_way_id":150596605,"name_ar":null,"name_en":null,"highway":"service","surface":null,"source":"OpenStreetMap contributors","source_date":"2026-07-29T15:31:21Z","quality_level":"D","official_status":"IMPORTED_UNVERIFIED"}},{"type":"Feature","id":"osm-way-150596606","geometry":{"type":"LineString","coordinates":[[36.7463862,34.6815416],[36.7399271,34.681683],[36.7398033,34.6818055]]},"properties":{"technical_code":"SY-HI-HO-MAS-OSM-150596606","osm_way_id":150596606,"name_ar":null,"name_en":null,"highway":"unclassified","surface":null,"source":"OpenStreetMap contributors","source_date":"2026-07-29T15:31:21Z","quality_level":"D","official_status":"IMPORTED_UNVERIFIED"}},{"type":"Feature","id":"osm-way-150596611","geometry":{"type":"LineString","coordinates":[[36.735739,34.6656234],[36.7363162,34.6656499],[36.7369636,34.6656796]]},"properties":{"technical_code":"SY-HI-HO-MAS-OSM-150596611","osm_way_id":150596611,"name_ar":null,"name_en":null,"highway":"residential","surface":null,"source":"OpenStreetMap contributors","source_date":"2026-07-29T15:31:21Z","quality_level":"D","official_status":"IMPORTED_UNVERIFIED"}},{"type":"Feature","id":"osm-way-150596613","geometry":{"type":"LineString","coordinates":[[36.7328654,34.666194],[36.732848,34.6666263],[36.7328162,34.6673059]]},"properties":{"technical_code":"SY-HI-HO-MAS-OSM-150596613","osm_way_id":150596613,"name_ar":null,"name_en":null,"highway":"residential","surface":null,"source":"OpenStreetMap contributors","source_date":"2026-07-29T15:31:21Z","quality_level":"D","official_status":"IMPORTED_UNVERIFIED"}},{"type":"Feature","id":"osm-way-150596615","geometry":{"type":"LineString","coordinates":[[36.7424282,34.6755638],[36.7423197,34.6755555],[36.739973,34.6757706]]},"properties":{"technical_code":"SY-HI-HO-MAS-OSM-150596615","osm_way_id":150596615,"name_ar":null,"name_en":null,"highway":"unclassified","surface":null,"source":"OpenStreetMap contributors","source_date":"2026-07-29T15:31:21Z","quality_level":"D","official_status":"IMPORTED_UNVERIFIED"}},{"type":"Feature","id":"osm-way-150596618","geometry":{"type":"LineString","coordinates":[[36.7547514,34.6702169],[36.7605705,34.6729094],[36.7624595,34.6737834]]},"properties":{"technical_code":"SY-HI-HO-MAS-OSM-150596618","osm_way_id":150596618,"name_ar":null,"name_en":null,"highway":"residential","surface":null,"source":"OpenStreetMap contributors","source_date":"2026-07-29T15:31:21Z","quality_level":"D","official_status":"IMPORTED_UNVERIFIED"}},{"type":"Feature","id":"osm-way-150596620","geometry":{"type":"LineString","coordinates":[[36.7382478,34.6653001],[36.738166,34.6647168],[36.738144,34.6635339]]},"properties":{"technical_code":"SY-HI-HO-MAS-OSM-150596620","osm_way_id":150596620,"name_ar":null,"name_en":null,"highway":"residential","surface":null,"source":"OpenStreetMap contributors","source_date":"2026-07-29T15:31:21Z","quality_level":"D","official_status":"IMPORTED_UNVERIFIED"}},{"type":"Feature","id":"osm-way-150596621","geometry":{"type":"LineString","coordinates":[[36.7355453,34.6646862],[36.7332915,34.6645711],[36.732738,34.6645428],[36.7305656,34.6644358]]},"properties":{"technical_code":"SY-HI-HO-MAS-OSM-150596621","osm_way_id":150596621,"name_ar":null,"name_en":null,"highway":"residential","surface":null,"source":"OpenStreetMap contributors","source_date":"2026-07-29T15:31:21Z","quality_level":"D","official_status":"IMPORTED_UNVERIFIED"}},{"type":"Feature","id":"osm-way-150596626","geometry":{"type":"LineString","coordinates":[[36.7315718,34.6635154],[36.7327002,34.663568],[36.7341739,34.6636367],[36.7355502,34.6637009]]},"properties":{"technical_code":"SY-HI-HO-MAS-OSM-150596626","osm_way_id":150596626,"name_ar":null,"name_en":null,"highway":"residential","surface":null,"source":"OpenStreetMap contributors","source_date":"2026-07-29T15:31:21Z","quality_level":"D","official_status":"IMPORTED_UNVERIFIED"}},{"type":"Feature","id":"osm-way-150596628","geometry":{"type":"LineString","coordinates":[[36.7464022,34.6789967],[36.7495997,34.678915],[36.7566606,34.6822066]]},"properties":{"technical_code":"SY-HI-HO-MAS-OSM-150596628","osm_way_id":150596628,"name_ar":null,"name_en":null,"highway":"unclassified","surface":null,"source":"OpenStreetMap contributors","source_date":"2026-07-29T15:31:21Z","quality_level":"D","official_status":"IMPORTED_UNVERIFIED"}},{"type":"Feature","id":"osm-way-150596633","geometry":{"type":"LineString","coordinates":[[36.7367106,34.6765858],[36.7394087,34.6763308],[36.7420737,34.6760889]]},"properties":{"technical_code":"SY-HI-HO-MAS-OSM-150596633","osm_way_id":150596633,"name_ar":null,"name_en":null,"highway":"unclassified","surface":null,"source":"OpenStreetMap contributors","source_date":"2026-07-29T15:31:21Z","quality_level":"D","official_status":"IMPORTED_UNVERIFIED"}},{"type":"Feature","id":"osm-way-150596634","geometry":{"type":"LineString","coordinates":[[36.7305831,34.6639745],[36.7315213,34.6640187],[36.7326038,34.6640565],[36.7326513,34.664042],[36.7326835,34.6640133],[36.7327002,34.663568]]},"properties":{"technical_code":"SY-HI-HO-MAS-OSM-150596634","osm_way_id":150596634,"name_ar":null,"name_en":null,"highway":"residential","surface":null,"source":"OpenStreetMap contributors","source_date":"2026-07-29T15:31:21Z","quality_level":"D","official_status":"IMPORTED_UNVERIFIED"}},{"type":"Feature","id":"osm-way-150596642","geometry":{"type":"LineString","coordinates":[[36.7315213,34.6640187],[36.7315718,34.6635154],[36.7315964,34.6632693],[36.7316001,34.663233]]},"properties":{"technical_code":"SY-HI-HO-MAS-OSM-150596642","osm_way_id":150596642,"name_ar":null,"name_en":null,"highway":"residential","surface":null,"source":"OpenStreetMap contributors","source_date":"2026-07-29T15:31:21Z","quality_level":"D","official_status":"IMPORTED_UNVERIFIED"}},{"type":"Feature","id":"osm-way-150596655","geometry":{"type":"LineString","coordinates":[[36.7363162,34.6656499],[36.7364249,34.665112],[36.7365642,34.664315],[36.7367663,34.6634824],[36.7368372,34.6630202]]},"properties":{"technical_code":"SY-HI-HO-MAS-OSM-150596655","osm_way_id":150596655,"name_ar":null,"name_en":null,"highway":"residential","surface":null,"source":"OpenStreetMap contributors","source_date":"2026-07-29T15:31:21Z","quality_level":"D","official_status":"IMPORTED_UNVERIFIED"}},{"type":"Feature","id":"osm-way-150596657","geometry":{"type":"LineString","coordinates":[[36.7591495,34.6696551],[36.7603487,34.6702022],[36.7618541,34.670889],[36.7642027,34.6719605]]},"properties":{"technical_code":"SY-HI-HO-MAS-OSM-150596657","osm_way_id":150596657,"name_ar":null,"name_en":null,"highway":"residential","surface":null,"source":"OpenStreetMap contributors","source_date":"2026-07-29T15:31:21Z","quality_level":"D","official_status":"IMPORTED_UNVERIFIED"}},{"type":"Feature","id":"osm-way-150596661","geometry":{"type":"LineString","coordinates":[[36.7377146,34.6653601],[36.7378233,34.6658312],[36.7378558,34.6659722],[36.7379162,34.666234]]},"properties":{"technical_code":"SY-HI-HO-MAS-OSM-150596661","osm_way_id":150596661,"name_ar":null,"name_en":null,"highway":"residential","surface":null,"source":"OpenStreetMap contributors","source_date":"2026-07-29T15:31:21Z","quality_level":"D","official_status":"IMPORTED_UNVERIFIED"}},{"type":"Feature","id":"osm-way-150596665","geometry":{"type":"LineString","coordinates":[[36.7354944,34.6650455],[36.736007,34.6650819],[36.7364249,34.665112],[36.7370051,34.6651583]]},"properties":{"technical_code":"SY-HI-HO-MAS-OSM-150596665","osm_way_id":150596665,"name_ar":null,"name_en":null,"highway":"residential","surface":null,"source":"OpenStreetMap contributors","source_date":"2026-07-29T15:31:21Z","quality_level":"D","official_status":"IMPORTED_UNVERIFIED"}},{"type":"Feature","id":"osm-way-150596666","geometry":{"type":"LineString","coordinates":[[36.7394121,34.6646319],[36.738166,34.6647168],[36.73748,34.6647162],[36.7374646,34.6645902],[36.737444,34.6645636],[36.7370692,34.6645661]]},"properties":{"technical_code":"SY-HI-HO-MAS-OSM-150596666","osm_way_id":150596666,"name_ar":null,"name_en":null,"highway":"residential","surface":null,"source":"OpenStreetMap contributors","source_date":"2026-07-29T15:31:21Z","quality_level":"D","official_status":"IMPORTED_UNVERIFIED"}},{"type":"Feature","id":"osm-way-150596670","geometry":{"type":"LineString","coordinates":[[36.7376068,34.6663525],[36.7378336,34.6664057],[36.73827,34.6664207],[36.7384095,34.6663771],[36.7384439,34.6662583]]},"properties":{"technical_code":"SY-HI-HO-MAS-OSM-150596670","osm_way_id":150596670,"name_ar":null,"name_en":null,"highway":"residential","surface":null,"source":"OpenStreetMap contributors","source_date":"2026-07-29T15:31:21Z","quality_level":"D","official_status":"IMPORTED_UNVERIFIED"}},{"type":"Feature","id":"osm-way-150596672","geometry":{"type":"LineString","coordinates":[[36.7393998,34.6498551],[36.7409539,34.649852],[36.7432014,34.6498475],[36.7462982,34.6498413],[36.7478415,34.64984]]},"properties":{"technical_code":"SY-HI-HO-MAS-OSM-150596672","osm_way_id":150596672,"name_ar":null,"name_en":null,"highway":"service","surface":null,"source":"OpenStreetMap contributors","source_date":"2026-07-29T15:31:21Z","quality_level":"D","official_status":"IMPORTED_UNVERIFIED"}},{"type":"Feature","id":"osm-way-150596674","geometry":{"type":"LineString","coordinates":[[36.7464838,34.669428],[36.7476578,34.6678979],[36.7486877,34.6665962],[36.7487073,34.6665271],[36.7487181,34.6663521]]},"properties":{"technical_code":"SY-HI-HO-MAS-OSM-150596674","osm_way_id":150596674,"name_ar":null,"name_en":null,"highway":"unclassified","surface":null,"source":"OpenStreetMap contributors","source_date":"2026-07-29T15:31:21Z","quality_level":"D","official_status":"IMPORTED_UNVERIFIED"}},{"type":"Feature","id":"osm-way-150596675","geometry":{"type":"LineString","coordinates":[[36.7384439,34.6662583],[36.7383644,34.6658943],[36.7383631,34.6657213],[36.7384666,34.6655035],[36.7384761,34.6654694],[36.7384554,34.665266]]},"properties":{"technical_code":"SY-HI-HO-MAS-OSM-150596675","osm_way_id":150596675,"name_ar":null,"name_en":null,"highway":"residential","surface":null,"source":"OpenStreetMap contributors","source_date":"2026-07-29T15:31:21Z","quality_level":"D","official_status":"IMPORTED_UNVERIFIED"}},{"type":"Feature","id":"osm-way-150596677","geometry":{"type":"LineString","coordinates":[[36.7383933,34.6850371],[36.7388494,34.684278],[36.7390745,34.684248],[36.739654,34.6842453],[36.7403361,34.684199],[36.740803,34.684199]]},"properties":{"technical_code":"SY-HI-HO-MAS-OSM-150596677","osm_way_id":150596677,"name_ar":null,"name_en":null,"highway":"service","surface":null,"source":"OpenStreetMap contributors","source_date":"2026-07-29T15:31:21Z","quality_level":"D","official_status":"IMPORTED_UNVERIFIED"}},{"type":"Feature","id":"osm-way-150596679","geometry":{"type":"LineString","coordinates":[[36.7316322,34.6627975],[36.7338508,34.6628857],[36.7342237,34.6629031],[36.7355774,34.6629706],[36.7356371,34.6629731],[36.7367323,34.6630203],[36.7368372,34.6630202]]},"properties":{"technical_code":"SY-HI-HO-MAS-OSM-150596679","osm_way_id":150596679,"name_ar":null,"name_en":null,"highway":"residential","surface":null,"source":"OpenStreetMap contributors","source_date":"2026-07-29T15:31:21Z","quality_level":"D","official_status":"IMPORTED_UNVERIFIED"}},{"type":"Feature","id":"osm-way-150596680","geometry":{"type":"LineString","coordinates":[[36.7359928,34.6798354],[36.7362713,34.6786884],[36.7363106,34.6785264],[36.7367106,34.6765858],[36.7367941,34.6761812],[36.736929,34.6758555],[36.736984,34.6756688],[36.7370208,34.6754871]]},"properties":{"technical_code":"SY-HI-HO-MAS-OSM-150596680","osm_way_id":150596680,"name_ar":null,"name_en":null,"highway":"unclassified","surface":null,"source":"OpenStreetMap contributors","source_date":"2026-07-29T15:31:21Z","quality_level":"D","official_status":"IMPORTED_UNVERIFIED"}},{"type":"Feature","id":"osm-way-150596683","geometry":{"type":"LineString","coordinates":[[36.7305228,34.6655688],[36.7314441,34.6656158],[36.733298,34.6657045],[36.7333689,34.6657075],[36.7355084,34.6657856]]},"properties":{"technical_code":"SY-HI-HO-MAS-OSM-150596683","osm_way_id":150596683,"name_ar":null,"name_en":null,"highway":"residential","surface":null,"source":"OpenStreetMap contributors","source_date":"2026-07-29T15:31:21Z","quality_level":"D","official_status":"IMPORTED_UNVERIFIED"}},{"type":"Feature","id":"osm-way-150596686","geometry":{"type":"LineString","coordinates":[[36.7553865,34.6689343],[36.7556184,34.6691504],[36.7589409,34.6709779],[36.7596059,34.6712873],[36.7596433,34.6713044],[36.7611678,34.672],[36.7618171,34.6722962],[36.7634744,34.6730776]]},"properties":{"technical_code":"SY-HI-HO-MAS-OSM-150596686","osm_way_id":150596686,"name_ar":null,"name_en":null,"highway":"residential","surface":null,"source":"OpenStreetMap contributors","source_date":"2026-07-29T15:31:21Z","quality_level":"D","official_status":"IMPORTED_UNVERIFIED"}},{"type":"Feature","id":"osm-way-150596687","geometry":{"type":"LineString","coordinates":[[36.7463426,34.6517106],[36.7463451,34.6530356],[36.746346,34.6535087],[36.7463529,34.6571628],[36.7463533,34.6573703],[36.7463599,34.6602193],[36.7463603,34.6604105],[36.7463616,34.6609652],[36.7463709,34.6646372],[36.7463786,34.6665765],[36.7463789,34.6666523],[36.7463899,34.6694347],[36.7463903,34.669528],[36.7463983,34.6715398]]},"properties":{"technical_code":"SY-HI-HO-MAS-OSM-150596687","osm_way_id":150596687,"name_ar":null,"name_en":null,"highway":"unclassified","surface":null,"source":"OpenStreetMap contributors","source_date":"2026-07-29T15:31:21Z","quality_level":"D","official_status":"IMPORTED_UNVERIFIED"}},{"type":"Feature","id":"osm-way-150596688","geometry":{"type":"LineString","coordinates":[[36.732848,34.6666263],[36.7332642,34.6666242],[36.7337806,34.6666593],[36.7340478,34.6666716],[36.7341063,34.6666954],[36.7341154,34.6667586],[36.7340917,34.6669798],[36.7341091,34.6673759]]},"properties":{"technical_code":"SY-HI-HO-MAS-OSM-150596688","osm_way_id":150596688,"name_ar":null,"name_en":null,"highway":"residential","surface":null,"source":"OpenStreetMap contributors","source_date":"2026-07-29T15:31:21Z","quality_level":"D","official_status":"IMPORTED_UNVERIFIED"}},{"type":"Feature","id":"osm-way-150596689","geometry":{"type":"LineString","coordinates":[[36.7393892,34.6661709],[36.7389691,34.6662097],[36.7384439,34.6662583],[36.7381255,34.6662462],[36.7379162,34.666234],[36.7376068,34.6663525],[36.7373591,34.6664474],[36.7371603,34.6664776],[36.7370083,34.6665007],[36.7366109,34.6665235],[36.7362549,34.6665286],[36.7360689,34.6665312],[36.735732,34.666536]]},"properties":{"technical_code":"SY-HI-HO-MAS-OSM-150596689","osm_way_id":150596689,"name_ar":null,"name_en":null,"highway":"residential","surface":null,"source":"OpenStreetMap contributors","source_date":"2026-07-29T15:31:21Z","quality_level":"D","official_status":"IMPORTED_UNVERIFIED"}},{"type":"Feature","id":"osm-way-150596690","geometry":{"type":"LineString","coordinates":[[36.7648634,34.6709471],[36.7587007,34.6681334],[36.758711,34.6680931],[36.7595383,34.667773],[36.7601324,34.6675446],[36.7609976,34.6672118],[36.7613095,34.667091],[36.7613935,34.6671045],[36.766061,34.6692791]]},"properties":{"technical_code":"SY-HI-HO-MAS-OSM-150596690","osm_way_id":150596690,"name_ar":null,"name_en":null,"highway":"residential","surface":null,"source":"OpenStreetMap contributors","source_date":"2026-07-29T15:31:21Z","quality_level":"D","official_status":"IMPORTED_UNVERIFIED"}},{"type":"Feature","id":"osm-way-150596691","geometry":{"type":"LineString","coordinates":[[36.7371283,34.6628599],[36.7369112,34.6628649],[36.7368731,34.6629104],[36.7368372,34.6630202],[36.7367744,34.6631211],[36.7364886,34.6635068],[36.7363546,34.6638755],[36.7360859,34.6646307],[36.736007,34.6650819]]},"properties":{"technical_code":"SY-HI-HO-MAS-OSM-150596691","osm_way_id":150596691,"name_ar":null,"name_en":null,"highway":"residential","surface":null,"source":"OpenStreetMap contributors","source_date":"2026-07-29T15:31:21Z","quality_level":"D","official_status":"IMPORTED_UNVERIFIED"}},{"type":"Feature","id":"osm-way-150596692","geometry":{"type":"LineString","coordinates":[[36.7556819,34.6686113],[36.7560899,34.6680169],[36.7563684,34.6675588],[36.7566825,34.6670332],[36.7571375,34.6662717],[36.7578541,34.6650725],[36.758702,34.6636383],[36.7592137,34.6627729],[36.7594623,34.6623523],[36.7596672,34.6619461],[36.7597952,34.6615666],[36.75981,34.6613038],[36.7597952,34.6605703],[36.7597692,34.6596683],[36.759758,34.6592806],[36.7598364,34.659079],[36.7599364,34.6588222],[36.7600255,34.6584922],[36.7600404,34.6581927],[36.7600168,34.6581004],[36.7599003,34.6576456],[36.7598121,34.6572853],[36.7597351,34.6569707],[36.7596114,34.6564657],[36.7595641,34.656081],[36.7595666,34.6560405],[36.7595798,34.655826],[36.7596572,34.6545336],[36.7596847,34.6539324],[36.7597188,34.6531875],[36.7596819,34.6523763],[36.7595716,34.6518965],[36.7594972,34.6513019],[36.759478,34.6508679],[36.7595289,34.6505639],[36.7596574,34.6502445],[36.7599624,34.6497105],[36.7601897,34.6493958],[36.7606442,34.6488941],[36.7609989,34.6483881],[36.7612262,34.6479861],[36.7612822,34.6478715],[36.7613663,34.6476995],[36.7614986,34.6473555],[36.7615486,34.6472036],[36.7615971,34.6470564],[36.7617419,34.6466384],[36.7620525,34.6459155],[36.7622229,34.645417],[36.7623404,34.6450742],[36.7624144,34.6447361],[36.7625081,34.6442294],[36.7625777,34.6437975],[36.762672,34.6432946],[36.7627402,34.6430142],[36.7628425,34.6426714],[36.7629822,34.6423025],[36.7631366,34.6419277],[36.7632987,34.6415306],[36.7634015,34.6413157],[36.7634339,34.6412479],[36.7634918,34.6409843],[36.763542,34.6407429],[36.7635665,34.6403549],[36.7636102,34.6395913],[36.7635884,34.6392858],[36.7636266,34.6389758],[36.7636866,34.6387243],[36.7637685,34.6384637],[36.763976,34.6380415],[36.7645623,34.6370376],[36.7647328,34.6367768],[36.7648996,34.6364601],[36.7655678,34.6351481],[36.7657699,34.6348179],[36.76592,34.6345821],[36.7663392,34.6340395],[36.7667446,34.6335503],[36.767092,34.6331691],[36.7674465,34.6327065],[36.7675165,34.6325899],[36.7675971,34.6324556],[36.7678481,34.6320299],[36.7680179,34.6317821],[36.7681415,34.6313977],[36.7682148,34.6312134],[36.7683654,34.6311023],[36.7689831,34.6309688],[36.7692215,34.6308705],[36.7699149,34.6306324],[36.7704063,34.6304706],[36.7708486,34.6303988],[36.7712799,34.6303853],[36.7716348,34.6304257],[36.7718041,34.6303988],[36.7718314,34.6302819],[36.7719152,34.6289639],[36.7720619,34.6268925],[36.7720938,34.6263067],[36.7721607,34.6261253],[36.7723378,34.6259666],[36.7725425,34.6258209],[36.7726275,34.6257605],[36.7727432,34.6256784],[36.7728731,34.6255521],[36.7729793,34.6254355],[36.7748937,34.6222589],[36.7751631,34.621767],[36.7753579,34.6214114],[36.7753859,34.6213602],[36.7762085,34.6198769]]},"properties":{"technical_code":"SY-HI-HO-MAS-OSM-150596692","osm_way_id":150596692,"name_ar":null,"name_en":null,"highway":"unclassified","surface":null,"source":"OpenStreetMap contributors","source_date":"2026-07-29T15:31:21Z","quality_level":"D","official_status":"IMPORTED_UNVERIFIED"}},{"type":"Feature","id":"osm-way-150596698","geometry":{"type":"LineString","coordinates":[[36.73168,34.6621487],[36.7357082,34.6623644],[36.7370212,34.6624243]]},"properties":{"technical_code":"SY-HI-HO-MAS-OSM-150596698","osm_way_id":150596698,"name_ar":null,"name_en":null,"highway":"unclassified","surface":null,"source":"OpenStreetMap contributors","source_date":"2026-07-29T15:31:21Z","quality_level":"D","official_status":"IMPORTED_UNVERIFIED"}},{"type":"Feature","id":"osm-way-150596699","geometry":{"type":"LineString","coordinates":[[36.7526527,34.6735269],[36.7507848,34.6735158],[36.7490193,34.6736262],[36.7489942,34.6733696],[36.7463828,34.6735516]]},"properties":{"technical_code":"SY-HI-HO-MAS-OSM-150596699","osm_way_id":150596699,"name_ar":null,"name_en":null,"highway":"residential","surface":null,"source":"OpenStreetMap contributors","source_date":"2026-07-29T15:31:21Z","quality_level":"D","official_status":"IMPORTED_UNVERIFIED"}},{"type":"Feature","id":"osm-way-150601971","geometry":{"type":"LineString","coordinates":[[36.7144703,34.6516098],[36.7150989,34.6516261],[36.7159175,34.6516472],[36.7189593,34.6517297],[36.7189461,34.6520726],[36.7189174,34.652825],[36.7188923,34.6534817],[36.7188808,34.6537829],[36.7188391,34.6548746],[36.7188,34.6558967],[36.7187918,34.6561103]]},"properties":{"technical_code":"SY-HI-HO-MAS-OSM-150601971","osm_way_id":150601971,"name_ar":null,"name_en":null,"highway":"service","surface":null,"source":"OpenStreetMap contributors","source_date":"2026-07-29T15:31:21Z","quality_level":"D","official_status":"IMPORTED_UNVERIFIED"}},{"type":"Feature","id":"osm-way-150601975","geometry":{"type":"LineString","coordinates":[[36.7140138,34.6572516],[36.7140546,34.6572375],[36.7144176,34.657112],[36.7154317,34.6571271],[36.7156474,34.6570591],[36.7157451,34.6558438],[36.7157659,34.6555857],[36.715795,34.6548299],[36.7157972,34.6547731],[36.7158382,34.653707],[36.7159175,34.6516472]]},"properties":{"technical_code":"SY-HI-HO-MAS-OSM-150601975","osm_way_id":150601975,"name_ar":null,"name_en":null,"highway":"service","surface":null,"source":"OpenStreetMap contributors","source_date":"2026-07-29T15:31:21Z","quality_level":"D","official_status":"IMPORTED_UNVERIFIED"}},{"type":"Feature","id":"osm-way-150601980","geometry":{"type":"LineString","coordinates":[[36.7140546,34.6572375],[36.7140209,34.657972],[36.7139797,34.6588737],[36.7139381,34.6597818],[36.7138533,34.6616357],[36.7137843,34.6631423],[36.713684,34.6637391],[36.7137943,34.6639206],[36.7138436,34.664044],[36.7138722,34.6641154],[36.7136223,34.6642115],[36.7136094,34.6645798]]},"properties":{"technical_code":"SY-HI-HO-MAS-OSM-150601980","osm_way_id":150601980,"name_ar":null,"name_en":null,"highway":"service","surface":null,"source":"OpenStreetMap contributors","source_date":"2026-07-29T15:31:21Z","quality_level":"D","official_status":"IMPORTED_UNVERIFIED"}},{"type":"Feature","id":"osm-way-150602001","geometry":{"type":"LineString","coordinates":[[36.7157972,34.6547731],[36.7188391,34.6548746]]},"properties":{"technical_code":"SY-HI-HO-MAS-OSM-150602001","osm_way_id":150602001,"name_ar":null,"name_en":null,"highway":"service","surface":null,"source":"OpenStreetMap contributors","source_date":"2026-07-29T15:31:21Z","quality_level":"D","official_status":"IMPORTED_UNVERIFIED"}},{"type":"Feature","id":"osm-way-150602025","geometry":{"type":"LineString","coordinates":[[36.7149202,34.6589059],[36.7148589,34.6579985]]},"properties":{"technical_code":"SY-HI-HO-MAS-OSM-150602025","osm_way_id":150602025,"name_ar":null,"name_en":null,"highway":"service","surface":null,"source":"OpenStreetMap contributors","source_date":"2026-07-29T15:31:21Z","quality_level":"D","official_status":"IMPORTED_UNVERIFIED"}},{"type":"Feature","id":"osm-way-150602040","geometry":{"type":"LineString","coordinates":[[36.7150989,34.6516261],[36.7150827,34.6520671]]},"properties":{"technical_code":"SY-HI-HO-MAS-OSM-150602040","osm_way_id":150602040,"name_ar":null,"name_en":null,"highway":"service","surface":null,"source":"OpenStreetMap contributors","source_date":"2026-07-29T15:31:21Z","quality_level":"D","official_status":"IMPORTED_UNVERIFIED"}},{"type":"Feature","id":"osm-way-150602050","geometry":{"type":"LineString","coordinates":[[36.7158382,34.653707],[36.7188808,34.6537829]]},"properties":{"technical_code":"SY-HI-HO-MAS-OSM-150602050","osm_way_id":150602050,"name_ar":null,"name_en":null,"highway":"service","surface":null,"source":"OpenStreetMap contributors","source_date":"2026-07-29T15:31:21Z","quality_level":"D","official_status":"IMPORTED_UNVERIFIED"}},{"type":"Feature","id":"osm-way-150602076","geometry":{"type":"LineString","coordinates":[[36.725709,34.6667669],[36.7201022,34.6665502]]},"properties":{"technical_code":"SY-HI-HO-MAS-OSM-150602076","osm_way_id":150602076,"name_ar":null,"name_en":null,"highway":"residential","surface":null,"source":"OpenStreetMap contributors","source_date":"2026-07-29T15:31:21Z","quality_level":"D","official_status":"IMPORTED_UNVERIFIED"}},{"type":"Feature","id":"osm-way-150602078","geometry":{"type":"LineString","coordinates":[[36.7189174,34.652825],[36.7204176,34.6528787]]},"properties":{"technical_code":"SY-HI-HO-MAS-OSM-150602078","osm_way_id":150602078,"name_ar":null,"name_en":null,"highway":"service","surface":null,"source":"OpenStreetMap contributors","source_date":"2026-07-29T15:31:21Z","quality_level":"D","official_status":"IMPORTED_UNVERIFIED"}},{"type":"Feature","id":"osm-way-150602084","geometry":{"type":"LineString","coordinates":[[36.7157608,34.6631985],[36.7157119,34.6642571]]},"properties":{"technical_code":"SY-HI-HO-MAS-OSM-150602084","osm_way_id":150602084,"name_ar":null,"name_en":null,"highway":"service","surface":null,"source":"OpenStreetMap contributors","source_date":"2026-07-29T15:31:21Z","quality_level":"D","official_status":"IMPORTED_UNVERIFIED"}},{"type":"Feature","id":"osm-way-150602101","geometry":{"type":"LineString","coordinates":[[36.7147817,34.6639534],[36.7144299,34.6641422],[36.7138436,34.664044]]},"properties":{"technical_code":"SY-HI-HO-MAS-OSM-150602101","osm_way_id":150602101,"name_ar":null,"name_en":null,"highway":"service","surface":null,"source":"OpenStreetMap contributors","source_date":"2026-07-29T15:31:21Z","quality_level":"D","official_status":"IMPORTED_UNVERIFIED"}},{"type":"Feature","id":"osm-way-150602110","geometry":{"type":"LineString","coordinates":[[36.7140209,34.657972],[36.7148589,34.6579985],[36.716239,34.6580422]]},"properties":{"technical_code":"SY-HI-HO-MAS-OSM-150602110","osm_way_id":150602110,"name_ar":null,"name_en":null,"highway":"service","surface":null,"source":"OpenStreetMap contributors","source_date":"2026-07-29T15:31:21Z","quality_level":"D","official_status":"IMPORTED_UNVERIFIED"}},{"type":"Feature","id":"osm-way-150602111","geometry":{"type":"LineString","coordinates":[[36.719337,34.6559021],[36.7188,34.6558967],[36.7157451,34.6558438]]},"properties":{"technical_code":"SY-HI-HO-MAS-OSM-150602111","osm_way_id":150602111,"name_ar":null,"name_en":null,"highway":"service","surface":null,"source":"OpenStreetMap contributors","source_date":"2026-07-29T15:31:21Z","quality_level":"D","official_status":"IMPORTED_UNVERIFIED"}},{"type":"Feature","id":"osm-way-150602113","geometry":{"type":"LineString","coordinates":[[36.7156474,34.6570591],[36.7158383,34.6571241],[36.7189093,34.6572196]]},"properties":{"technical_code":"SY-HI-HO-MAS-OSM-150602113","osm_way_id":150602113,"name_ar":null,"name_en":null,"highway":"service","surface":null,"source":"OpenStreetMap contributors","source_date":"2026-07-29T15:31:21Z","quality_level":"D","official_status":"IMPORTED_UNVERIFIED"}},{"type":"Feature","id":"osm-way-150602119","geometry":{"type":"LineString","coordinates":[[36.715795,34.6548299],[36.7152722,34.654894],[36.7147078,34.6551091]]},"properties":{"technical_code":"SY-HI-HO-MAS-OSM-150602119","osm_way_id":150602119,"name_ar":null,"name_en":null,"highway":"service","surface":null,"source":"OpenStreetMap contributors","source_date":"2026-07-29T15:31:21Z","quality_level":"D","official_status":"IMPORTED_UNVERIFIED"}},{"type":"Feature","id":"osm-way-150602159","geometry":{"type":"LineString","coordinates":[[36.7209202,34.6656869],[36.7201022,34.6665502],[36.7192808,34.6674447],[36.7191798,34.6676183],[36.7175151,34.6693316]]},"properties":{"technical_code":"SY-HI-HO-MAS-OSM-150602159","osm_way_id":150602159,"name_ar":null,"name_en":null,"highway":"residential","surface":null,"source":"OpenStreetMap contributors","source_date":"2026-07-29T15:31:21Z","quality_level":"D","official_status":"IMPORTED_UNVERIFIED"}},{"type":"Feature","id":"osm-way-150602164","geometry":{"type":"LineString","coordinates":[[36.7323649,34.670164],[36.7344145,34.6703264],[36.7344534,34.6701503],[36.7351024,34.6701823],[36.7351608,34.6704011],[36.7380005,34.670653]]},"properties":{"technical_code":"SY-HI-HO-MAS-OSM-150602164","osm_way_id":150602164,"name_ar":null,"name_en":null,"highway":"residential","surface":null,"source":"OpenStreetMap contributors","source_date":"2026-07-29T15:31:21Z","quality_level":"D","official_status":"IMPORTED_UNVERIFIED"}},{"type":"Feature","id":"osm-way-150602165","geometry":{"type":"LineString","coordinates":[[36.7257208,34.6698334],[36.7257162,34.668637],[36.7256979,34.6677274],[36.7257004,34.6670393],[36.725709,34.6667669],[36.7257281,34.6659051]]},"properties":{"technical_code":"SY-HI-HO-MAS-OSM-150602165","osm_way_id":150602165,"name_ar":null,"name_en":null,"highway":"unclassified","surface":null,"source":"OpenStreetMap contributors","source_date":"2026-07-29T15:31:21Z","quality_level":"D","official_status":"IMPORTED_UNVERIFIED"}},{"type":"Feature","id":"osm-way-150602176","geometry":{"type":"LineString","coordinates":[[36.7137843,34.6631423],[36.7148158,34.6631716],[36.7157608,34.6631985],[36.7174376,34.6632463],[36.7175673,34.6633611],[36.7177226,34.6640353],[36.7179043,34.6642888]]},"properties":{"technical_code":"SY-HI-HO-MAS-OSM-150602176","osm_way_id":150602176,"name_ar":null,"name_en":null,"highway":"service","surface":null,"source":"OpenStreetMap contributors","source_date":"2026-07-29T15:31:21Z","quality_level":"D","official_status":"IMPORTED_UNVERIFIED"}},{"type":"Feature","id":"osm-way-150602182","geometry":{"type":"LineString","coordinates":[[36.7188923,34.6534817],[36.7200235,34.6535116],[36.7203026,34.6533862],[36.7204176,34.6528787],[36.7205362,34.6523558],[36.7204291,34.652129],[36.7189461,34.6520726]]},"properties":{"technical_code":"SY-HI-HO-MAS-OSM-150602182","osm_way_id":150602182,"name_ar":null,"name_en":null,"highway":"service","surface":null,"source":"OpenStreetMap contributors","source_date":"2026-07-29T15:31:21Z","quality_level":"D","official_status":"IMPORTED_UNVERIFIED"}},{"type":"Feature","id":"osm-way-150602184","geometry":{"type":"LineString","coordinates":[[36.7147473,34.6647433],[36.7149321,34.6648537],[36.7150675,34.6650405],[36.7153589,34.6650084],[36.7158683,34.6649574],[36.716373,34.6649103],[36.7166369,34.6649178],[36.7172311,34.6649159]]},"properties":{"technical_code":"SY-HI-HO-MAS-OSM-150602184","osm_way_id":150602184,"name_ar":null,"name_en":null,"highway":"service","surface":null,"source":"OpenStreetMap contributors","source_date":"2026-07-29T15:31:21Z","quality_level":"D","official_status":"IMPORTED_UNVERIFIED"}},{"type":"Feature","id":"osm-way-150602185","geometry":{"type":"LineString","coordinates":[[36.7138533,34.6616357],[36.714871,34.6616896],[36.7148158,34.6631716],[36.7147817,34.6639534],[36.7147473,34.6647433],[36.7146208,34.6648448],[36.7144131,34.6648608],[36.7136863,34.6649061]]},"properties":{"technical_code":"SY-HI-HO-MAS-OSM-150602185","osm_way_id":150602185,"name_ar":null,"name_en":null,"highway":"service","surface":null,"source":"OpenStreetMap contributors","source_date":"2026-07-29T15:31:21Z","quality_level":"D","official_status":"IMPORTED_UNVERIFIED"}},{"type":"Feature","id":"osm-way-150602186","geometry":{"type":"LineString","coordinates":[[36.7139381,34.6597818],[36.7173886,34.6598647],[36.7188451,34.6599264],[36.7189133,34.6598756],[36.7189847,34.6591684],[36.7188971,34.6590723],[36.7187705,34.6590376],[36.7149202,34.6589059],[36.7139797,34.6588737]]},"properties":{"technical_code":"SY-HI-HO-MAS-OSM-150602186","osm_way_id":150602186,"name_ar":null,"name_en":null,"highway":"service","surface":null,"source":"OpenStreetMap contributors","source_date":"2026-07-29T15:31:21Z","quality_level":"D","official_status":"IMPORTED_UNVERIFIED"}},{"type":"Feature","id":"osm-way-150756595","geometry":{"type":"LineString","coordinates":[[36.7288427,34.6054818],[36.7288498,34.6056686],[36.728743,34.6068149],[36.7285941,34.6087943],[36.7284461,34.6109496],[36.7282962,34.6134434],[36.7281391,34.6159819],[36.7279535,34.6179934],[36.7276804,34.6216226],[36.7275023,34.6242286],[36.7273002,34.6281639],[36.7272988,34.6281918],[36.7271683,34.6305784],[36.7271456,34.631815],[36.7270689,34.6335751],[36.7270375,34.6349737],[36.7270543,34.6357814],[36.7270497,34.6362921],[36.7270085,34.6368253],[36.7269584,34.6377209],[36.7268969,34.6384137],[36.7267821,34.6394725],[36.7266915,34.6402826],[36.7266349,34.6406898],[36.7264508,34.6425297],[36.726386,34.6436488],[36.7263681,34.6439263],[36.7263337,34.6442334],[36.7263452,34.6445367],[36.7263567,34.6447462],[36.7263086,34.6449346],[36.7262835,34.645042],[36.7262606,34.6454339],[36.7262481,34.6461787],[36.7261833,34.6469355],[36.7261899,34.6471636],[36.7262223,34.6474327],[36.7262191,34.6478031],[36.7262353,34.6481708],[36.7262936,34.6483573],[36.726245,34.6485651],[36.7261899,34.648765],[36.7261635,34.6493083],[36.7261763,34.649745]]},"properties":{"technical_code":"SY-HI-HO-MAS-OSM-150756595","osm_way_id":150756595,"name_ar":null,"name_en":null,"highway":"unclassified","surface":null,"source":"OpenStreetMap contributors","source_date":"2026-07-29T15:31:21Z","quality_level":"D","official_status":"IMPORTED_UNVERIFIED"}},{"type":"Feature","id":"osm-way-150768172","geometry":{"type":"LineString","coordinates":[[36.7598364,34.659079],[36.7605062,34.6586221],[36.7608036,34.6584805],[36.761194,34.6582946],[36.7614758,34.6581605],[36.7618326,34.6579883],[36.7624957,34.6576683],[36.7626604,34.65761],[36.7627817,34.6576119],[36.7630573,34.6575852],[36.7633957,34.6575523],[36.7639069,34.6574325],[36.7643873,34.657362],[36.7648253,34.6573491],[36.7650609,34.6573001],[36.765491,34.6572268],[36.7663291,34.6570668],[36.7674181,34.6568335],[36.7682112,34.6566396],[36.7682646,34.6566265],[36.768871,34.6564977],[36.7692392,34.6564195],[36.7697138,34.6562957],[36.7705388,34.6560509],[36.7710047,34.6558459],[36.7711535,34.6557634],[36.7711321,34.6540098],[36.7711373,34.6528556]]},"properties":{"technical_code":"SY-HI-HO-MAS-OSM-150768172","osm_way_id":150768172,"name_ar":null,"name_en":null,"highway":"unclassified","surface":null,"source":"OpenStreetMap contributors","source_date":"2026-07-29T15:31:21Z","quality_level":"D","official_status":"IMPORTED_UNVERIFIED"}},{"type":"Feature","id":"osm-way-151515326","geometry":{"type":"LineString","coordinates":[[36.7220833,34.6788181],[36.7185994,34.6796289],[36.7177212,34.6798116]]},"properties":{"technical_code":"SY-HI-HO-MAS-OSM-151515326","osm_way_id":151515326,"name_ar":null,"name_en":null,"highway":"residential","surface":null,"source":"OpenStreetMap contributors","source_date":"2026-07-29T15:31:21Z","quality_level":"D","official_status":"IMPORTED_UNVERIFIED"}},{"type":"Feature","id":"osm-way-151515328","geometry":{"type":"LineString","coordinates":[[36.752628,34.6735972],[36.756901,34.6755573]]},"properties":{"technical_code":"SY-HI-HO-MAS-OSM-151515328","osm_way_id":151515328,"name_ar":null,"name_en":null,"highway":"residential","surface":null,"source":"OpenStreetMap contributors","source_date":"2026-07-29T15:31:21Z","quality_level":"D","official_status":"IMPORTED_UNVERIFIED"}},{"type":"Feature","id":"osm-way-151515330","geometry":{"type":"LineString","coordinates":[[36.7463903,34.669528],[36.7461902,34.6695809],[36.745981,34.6698103],[36.7456484,34.6702383],[36.7454284,34.6705692],[36.7416074,34.6711324],[36.741448,34.6709883],[36.7412496,34.6710236],[36.7409921,34.6708515],[36.7379038,34.6712709]]},"properties":{"technical_code":"SY-HI-HO-MAS-OSM-151515330","osm_way_id":151515330,"name_ar":null,"name_en":null,"highway":"track","surface":null,"source":"OpenStreetMap contributors","source_date":"2026-07-29T15:31:21Z","quality_level":"D","official_status":"IMPORTED_UNVERIFIED"}},{"type":"Feature","id":"osm-way-151515331","geometry":{"type":"LineString","coordinates":[[36.7517692,34.6710412],[36.7513747,34.6701933]]},"properties":{"technical_code":"SY-HI-HO-MAS-OSM-151515331","osm_way_id":151515331,"name_ar":null,"name_en":null,"highway":"service","surface":null,"source":"OpenStreetMap contributors","source_date":"2026-07-29T15:31:21Z","quality_level":"D","official_status":"IMPORTED_UNVERIFIED"}},{"type":"Feature","id":"osm-way-151515332","geometry":{"type":"LineString","coordinates":[[36.7183059,34.6754662],[36.7220127,34.6758677],[36.7251617,34.6760397]]},"properties":{"technical_code":"SY-HI-HO-MAS-OSM-151515332","osm_way_id":151515332,"name_ar":null,"name_en":null,"highway":"residential","surface":null,"source":"OpenStreetMap contributors","source_date":"2026-07-29T15:31:21Z","quality_level":"D","official_status":"IMPORTED_UNVERIFIED"}},{"type":"Feature","id":"osm-way-151515335","geometry":{"type":"LineString","coordinates":[[36.7511254,34.6744383],[36.7511144,34.6749511]]},"properties":{"technical_code":"SY-HI-HO-MAS-OSM-151515335","osm_way_id":151515335,"name_ar":null,"name_en":null,"highway":"service","surface":null,"source":"OpenStreetMap contributors","source_date":"2026-07-29T15:31:21Z","quality_level":"D","official_status":"IMPORTED_UNVERIFIED"}},{"type":"Feature","id":"osm-way-151515336","geometry":{"type":"LineString","coordinates":[[36.748234,34.6779455],[36.7464064,34.6780646]]},"properties":{"technical_code":"SY-HI-HO-MAS-OSM-151515336","osm_way_id":151515336,"name_ar":null,"name_en":null,"highway":"residential","surface":null,"source":"OpenStreetMap contributors","source_date":"2026-07-29T15:31:21Z","quality_level":"D","official_status":"IMPORTED_UNVERIFIED"}},{"type":"Feature","id":"osm-way-151515337","geometry":{"type":"LineString","coordinates":[[36.7568117,34.674253],[36.7532354,34.6726235]]},"properties":{"technical_code":"SY-HI-HO-MAS-OSM-151515337","osm_way_id":151515337,"name_ar":null,"name_en":null,"highway":"residential","surface":null,"source":"OpenStreetMap contributors","source_date":"2026-07-29T15:31:21Z","quality_level":"D","official_status":"IMPORTED_UNVERIFIED"}},{"type":"Feature","id":"osm-way-151515338","geometry":{"type":"LineString","coordinates":[[36.7221806,34.6790903],[36.7220833,34.6788181],[36.7219092,34.6783057],[36.7218824,34.6779925],[36.7218824,34.6776043],[36.7218733,34.6770368],[36.7219342,34.6764282],[36.7220127,34.6758677]]},"properties":{"technical_code":"SY-HI-HO-MAS-OSM-151515338","osm_way_id":151515338,"name_ar":null,"name_en":null,"highway":"residential","surface":null,"source":"OpenStreetMap contributors","source_date":"2026-07-29T15:31:21Z","quality_level":"D","official_status":"IMPORTED_UNVERIFIED"}},{"type":"Feature","id":"osm-way-151515341","geometry":{"type":"LineString","coordinates":[[36.7218824,34.6779925],[36.7188316,34.6780029],[36.7171955,34.6780117],[36.7150964,34.6780013]]},"properties":{"technical_code":"SY-HI-HO-MAS-OSM-151515341","osm_way_id":151515341,"name_ar":null,"name_en":null,"highway":"residential","surface":null,"source":"OpenStreetMap contributors","source_date":"2026-07-29T15:31:21Z","quality_level":"D","official_status":"IMPORTED_UNVERIFIED"}},{"type":"Feature","id":"osm-way-151515342","geometry":{"type":"LineString","coordinates":[[36.7277128,34.6779186],[36.7266752,34.6781112],[36.7252738,34.6783615]]},"properties":{"technical_code":"SY-HI-HO-MAS-OSM-151515342","osm_way_id":151515342,"name_ar":null,"name_en":null,"highway":"primary","surface":null,"source":"OpenStreetMap contributors","source_date":"2026-07-29T15:31:21Z","quality_level":"D","official_status":"IMPORTED_UNVERIFIED"}},{"type":"Feature","id":"osm-way-151515343","geometry":{"type":"LineString","coordinates":[[36.7536853,34.6719302],[36.7518657,34.6720383]]},"properties":{"technical_code":"SY-HI-HO-MAS-OSM-151515343","osm_way_id":151515343,"name_ar":null,"name_en":null,"highway":"residential","surface":null,"source":"OpenStreetMap contributors","source_date":"2026-07-29T15:31:21Z","quality_level":"D","official_status":"IMPORTED_UNVERIFIED"}},{"type":"Feature","id":"osm-way-151515344","geometry":{"type":"LineString","coordinates":[[36.7335259,34.6785501],[36.7362713,34.6786884]]},"properties":{"technical_code":"SY-HI-HO-MAS-OSM-151515344","osm_way_id":151515344,"name_ar":null,"name_en":null,"highway":"service","surface":null,"source":"OpenStreetMap contributors","source_date":"2026-07-29T15:31:21Z","quality_level":"D","official_status":"IMPORTED_UNVERIFIED"}},{"type":"Feature","id":"osm-way-151515347","geometry":{"type":"LineString","coordinates":[[36.7218824,34.6776043],[36.7193397,34.6774896],[36.7191948,34.677344],[36.7178215,34.6772867],[36.7176713,34.677419]]},"properties":{"technical_code":"SY-HI-HO-MAS-OSM-151515347","osm_way_id":151515347,"name_ar":null,"name_en":null,"highway":"residential","surface":null,"source":"OpenStreetMap contributors","source_date":"2026-07-29T15:31:21Z","quality_level":"D","official_status":"IMPORTED_UNVERIFIED"}},{"type":"Feature","id":"osm-way-151515348","geometry":{"type":"LineString","coordinates":[[36.7481482,34.6744692],[36.7481427,34.6751339]]},"properties":{"technical_code":"SY-HI-HO-MAS-OSM-151515348","osm_way_id":151515348,"name_ar":null,"name_en":null,"highway":"service","surface":null,"source":"OpenStreetMap contributors","source_date":"2026-07-29T15:31:21Z","quality_level":"D","official_status":"IMPORTED_UNVERIFIED"}},{"type":"Feature","id":"osm-way-151515349","geometry":{"type":"LineString","coordinates":[[36.7490387,34.6767588],[36.7464113,34.6769601]]},"properties":{"technical_code":"SY-HI-HO-MAS-OSM-151515349","osm_way_id":151515349,"name_ar":null,"name_en":null,"highway":"residential","surface":null,"source":"OpenStreetMap contributors","source_date":"2026-07-29T15:31:21Z","quality_level":"D","official_status":"IMPORTED_UNVERIFIED"}},{"type":"Feature","id":"osm-way-151515350","geometry":{"type":"LineString","coordinates":[[36.7571014,34.6735163],[36.7536853,34.6719302]]},"properties":{"technical_code":"SY-HI-HO-MAS-OSM-151515350","osm_way_id":151515350,"name_ar":null,"name_en":null,"highway":"residential","surface":null,"source":"OpenStreetMap contributors","source_date":"2026-07-29T15:31:21Z","quality_level":"D","official_status":"IMPORTED_UNVERIFIED"}},{"type":"Feature","id":"osm-way-151515353","geometry":{"type":"LineString","coordinates":[[36.7252738,34.6783615],[36.7251869,34.6778558],[36.7250796,34.6775381],[36.7250957,34.6770132],[36.7251617,34.6760397]]},"properties":{"technical_code":"SY-HI-HO-MAS-OSM-151515353","osm_way_id":151515353,"name_ar":null,"name_en":null,"highway":"residential","surface":null,"source":"OpenStreetMap contributors","source_date":"2026-07-29T15:31:21Z","quality_level":"D","official_status":"IMPORTED_UNVERIFIED"}},{"type":"Feature","id":"osm-way-151515354","geometry":{"type":"LineString","coordinates":[[36.7496878,34.6742927],[36.7497092,34.6750376]]},"properties":{"technical_code":"SY-HI-HO-MAS-OSM-151515354","osm_way_id":151515354,"name_ar":null,"name_en":null,"highway":"service","surface":null,"source":"OpenStreetMap contributors","source_date":"2026-07-29T15:31:21Z","quality_level":"D","official_status":"IMPORTED_UNVERIFIED"}},{"type":"Feature","id":"osm-way-151515355","geometry":{"type":"LineString","coordinates":[[36.7185994,34.6796289],[36.7185189,34.6795189],[36.7184438,34.6792057],[36.7172331,34.6792116],[36.7150535,34.6792321],[36.7150747,34.6788449]]},"properties":{"technical_code":"SY-HI-HO-MAS-OSM-151515355","osm_way_id":151515355,"name_ar":null,"name_en":null,"highway":"residential","surface":null,"source":"OpenStreetMap contributors","source_date":"2026-07-29T15:31:21Z","quality_level":"D","official_status":"IMPORTED_UNVERIFIED"}},{"type":"Feature","id":"osm-way-151515358","geometry":{"type":"LineString","coordinates":[[36.7488992,34.6746589],[36.7489473,34.6750844]]},"properties":{"technical_code":"SY-HI-HO-MAS-OSM-151515358","osm_way_id":151515358,"name_ar":null,"name_en":null,"highway":"service","surface":null,"source":"OpenStreetMap contributors","source_date":"2026-07-29T15:31:21Z","quality_level":"D","official_status":"IMPORTED_UNVERIFIED"}},{"type":"Feature","id":"osm-way-151515359","geometry":{"type":"LineString","coordinates":[[36.7517987,34.674909],[36.7511144,34.6749511],[36.7497092,34.6750376],[36.7489473,34.6750844],[36.7481427,34.6751339],[36.746397,34.6752413]]},"properties":{"technical_code":"SY-HI-HO-MAS-OSM-151515359","osm_way_id":151515359,"name_ar":null,"name_en":null,"highway":"residential","surface":null,"source":"OpenStreetMap contributors","source_date":"2026-07-29T15:31:21Z","quality_level":"D","official_status":"IMPORTED_UNVERIFIED"}},{"type":"Feature","id":"osm-way-151515360","geometry":{"type":"LineString","coordinates":[[36.7219342,34.6764282],[36.7203106,34.6762676]]},"properties":{"technical_code":"SY-HI-HO-MAS-OSM-151515360","osm_way_id":151515360,"name_ar":null,"name_en":null,"highway":"residential","surface":null,"source":"OpenStreetMap contributors","source_date":"2026-07-29T15:31:21Z","quality_level":"D","official_status":"IMPORTED_UNVERIFIED"}},{"type":"Feature","id":"osm-way-151515361","geometry":{"type":"LineString","coordinates":[[36.7508787,34.6771757],[36.7464091,34.6774514]]},"properties":{"technical_code":"SY-HI-HO-MAS-OSM-151515361","osm_way_id":151515361,"name_ar":null,"name_en":null,"highway":"residential","surface":null,"source":"OpenStreetMap contributors","source_date":"2026-07-29T15:31:21Z","quality_level":"D","official_status":"IMPORTED_UNVERIFIED"}},{"type":"Feature","id":"osm-way-151519539","geometry":{"type":"LineString","coordinates":[[36.7161047,34.6807274],[36.7157538,34.6808415],[36.7154068,34.6809636],[36.715064,34.6810935],[36.7146998,34.681247],[36.7145157,34.6813217],[36.7142464,34.6814433],[36.7139804,34.6815699],[36.7137677,34.6816745],[36.7135592,34.6817847],[36.7133551,34.6819004],[36.7131557,34.6820215],[36.7129612,34.6821478],[36.7127353,34.6823055],[36.7125171,34.6824703],[36.7123571,34.6826077],[36.7122011,34.6827483],[36.7120493,34.6828919],[36.7119018,34.6830384]]},"properties":{"technical_code":"SY-HI-HO-MAS-OSM-151519539","osm_way_id":151519539,"name_ar":null,"name_en":null,"highway":"primary_link","surface":null,"source":"OpenStreetMap contributors","source_date":"2026-07-29T15:31:21Z","quality_level":"D","official_status":"IMPORTED_UNVERIFIED"}},{"type":"Feature","id":"osm-way-151519540","geometry":{"type":"LineString","coordinates":[[36.7161047,34.6807274],[36.7161496,34.6806675],[36.7161848,34.6806034],[36.7162099,34.6805361],[36.7162244,34.6804668],[36.7162281,34.6803965],[36.7162207,34.6803248],[36.716202,34.6802544],[36.7161724,34.6801867],[36.7161324,34.6801226],[36.7160826,34.6800634],[36.7160238,34.68001]]},"properties":{"technical_code":"SY-HI-HO-MAS-OSM-151519540","osm_way_id":151519540,"name_ar":null,"name_en":null,"highway":"primary_link","surface":null,"source":"OpenStreetMap contributors","source_date":"2026-07-29T15:31:21Z","quality_level":"D","official_status":"IMPORTED_UNVERIFIED"}},{"type":"Feature","id":"osm-way-152580235","geometry":{"type":"LineString","coordinates":[[36.7475321,34.6821007],[36.7492017,34.6828852],[36.7512244,34.6838106],[36.7525336,34.6844326],[36.7536652,34.6849508],[36.7537111,34.6850129],[36.7537308,34.6850884],[36.7535996,34.685288],[36.7536094,34.6853446],[36.7536619,34.6853797],[36.754703,34.6859014],[36.7548879,34.6861053]]},"properties":{"technical_code":"SY-HI-HO-MAS-OSM-152580235","osm_way_id":152580235,"name_ar":null,"name_en":null,"highway":"unclassified","surface":null,"source":"OpenStreetMap contributors","source_date":"2026-07-29T15:31:21Z","quality_level":"D","official_status":"IMPORTED_UNVERIFIED"}},{"type":"Feature","id":"osm-way-152580239","geometry":{"type":"LineString","coordinates":[[36.7462255,34.6834941],[36.7464458,34.6834037],[36.7466128,34.6831825],[36.746699,34.6828868],[36.7467195,34.6828163],[36.747086,34.682431],[36.7475321,34.6821007],[36.7481575,34.6816376],[36.7489554,34.6813134],[36.7517108,34.6825989],[36.752352,34.6829736],[36.7526326,34.6831509],[36.7538433,34.6837841],[36.7550713,34.6844537],[36.7557764,34.6851193],[36.7559786,34.6852936],[36.7560835,34.6853692],[36.7562279,34.6854514],[36.7562935,34.6855243],[36.7563935,34.6857283]]},"properties":{"technical_code":"SY-HI-HO-MAS-OSM-152580239","osm_way_id":152580239,"name_ar":null,"name_en":null,"highway":"unclassified","surface":null,"source":"OpenStreetMap contributors","source_date":"2026-07-29T15:31:21Z","quality_level":"D","official_status":"IMPORTED_UNVERIFIED"}},{"type":"Feature","id":"osm-way-152580248","geometry":{"type":"LineString","coordinates":[[36.7527616,34.6866373],[36.7526507,34.6863137],[36.7525161,34.6861001],[36.7523167,34.6855108],[36.7522262,34.6854326],[36.7517786,34.6852323],[36.7502799,34.6845267],[36.7471794,34.6830885],[36.746699,34.6828868]]},"properties":{"technical_code":"SY-HI-HO-MAS-OSM-152580248","osm_way_id":152580248,"name_ar":null,"name_en":null,"highway":"unclassified","surface":null,"source":"OpenStreetMap contributors","source_date":"2026-07-29T15:31:21Z","quality_level":"D","official_status":"IMPORTED_UNVERIFIED"}},{"type":"Feature","id":"osm-way-152762389","geometry":{"type":"LineString","coordinates":[[36.7148468,34.6817265],[36.7148655,34.6817667],[36.7148736,34.681796],[36.7148903,34.6818797],[36.7148933,34.681901],[36.7148883,34.681922],[36.7148757,34.6819407],[36.7148568,34.6819555],[36.7148334,34.6819648],[36.7146993,34.6820265],[36.7146743,34.6820487],[36.7146564,34.682075],[36.7146472,34.6821001],[36.7146445,34.6821262],[36.7146483,34.6821522],[36.7147663,34.682622],[36.7147901,34.6826577],[36.7148208,34.6826896],[36.7148575,34.6827169],[36.7149045,34.6827409],[36.714956,34.6827572],[36.7150104,34.6827654],[36.7150828,34.6827455],[36.715402,34.6826353],[36.7154269,34.6826149],[36.7154468,34.6825911],[36.715461,34.6825647],[36.71547,34.6825298],[36.7154691,34.6824941],[36.715453,34.682225],[36.7154643,34.6821861],[36.7154852,34.68215],[36.7155116,34.6821209],[36.7155441,34.6820963],[36.7155817,34.6820772],[36.7158875,34.6819934],[36.7160565,34.6819581],[36.7162067,34.6819449],[36.7168725,34.6818715]]},"properties":{"technical_code":"SY-HI-HO-MAS-OSM-152762389","osm_way_id":152762389,"name_ar":null,"name_en":null,"highway":"service","surface":null,"source":"OpenStreetMap contributors","source_date":"2026-07-29T15:31:21Z","quality_level":"D","official_status":"IMPORTED_UNVERIFIED"}},{"type":"Feature","id":"osm-way-152762396","geometry":{"type":"LineString","coordinates":[[36.7177304,34.6805102],[36.7177878,34.6806633],[36.7178343,34.6808178],[36.7178696,34.6809744],[36.7178934,34.6811311],[36.7179059,34.6812886],[36.7179072,34.6814464],[36.7177945,34.6831712]]},"properties":{"technical_code":"SY-HI-HO-MAS-OSM-152762396","osm_way_id":152762396,"name_ar":null,"name_en":null,"highway":"service","surface":null,"source":"OpenStreetMap contributors","source_date":"2026-07-29T15:31:21Z","quality_level":"D","official_status":"IMPORTED_UNVERIFIED"}},{"type":"Feature","id":"osm-way-152762398","geometry":{"type":"LineString","coordinates":[[36.7192521,34.6798415],[36.7194128,34.6804709],[36.7194871,34.6809886],[36.7195839,34.6823186],[36.7194509,34.6830833],[36.7195118,34.6847308]]},"properties":{"technical_code":"SY-HI-HO-MAS-OSM-152762398","osm_way_id":152762398,"name_ar":null,"name_en":null,"highway":"service","surface":null,"source":"OpenStreetMap contributors","source_date":"2026-07-29T15:31:21Z","quality_level":"D","official_status":"IMPORTED_UNVERIFIED"}},{"type":"Feature","id":"osm-way-152762402","geometry":{"type":"LineString","coordinates":[[36.7157648,34.6836199],[36.7158137,34.683705],[36.715869,34.6837875],[36.7159303,34.683867],[36.7159975,34.6839432],[36.7160891,34.6840333],[36.7161889,34.6841173],[36.7162962,34.6841948],[36.7164373,34.6842829],[36.7164611,34.6842963],[36.716489,34.6843024],[36.7165178,34.6843005],[36.716543,34.6842914],[36.7165634,34.6842762],[36.7165768,34.6842564],[36.7166329,34.684126],[36.7166813,34.6839936],[36.7167216,34.6838594],[36.7167537,34.6837251],[36.7167779,34.6835897],[36.7167909,34.6834793],[36.7168021,34.6833168],[36.7168289,34.6830786],[36.7168719,34.6827433],[36.7168933,34.6825694],[36.716904,34.6823949],[36.7169042,34.6822201],[36.7168936,34.6820455],[36.7168725,34.6818715],[36.7168128,34.6815214],[36.716794,34.681413],[36.7167592,34.6812788],[36.7166634,34.6810199],[36.7166045,34.6808806],[36.7165366,34.6807441],[36.7164761,34.6806108]]},"properties":{"technical_code":"SY-HI-HO-MAS-OSM-152762402","osm_way_id":152762402,"name_ar":null,"name_en":null,"highway":"service","surface":null,"source":"OpenStreetMap contributors","source_date":"2026-07-29T15:31:21Z","quality_level":"D","official_status":"IMPORTED_UNVERIFIED"}},{"type":"Feature","id":"osm-way-152959192","geometry":{"type":"LineString","coordinates":[[36.72206,34.6746207],[36.7222685,34.6745688],[36.7224863,34.6745592],[36.7228865,34.6746366],[36.7235251,34.6747794],[36.7237399,34.6748108],[36.7239341,34.6747939],[36.724143,34.6747237],[36.7242637,34.6746802],[36.7245548,34.6746089]]},"properties":{"technical_code":"SY-HI-HO-MAS-OSM-152959192","osm_way_id":152959192,"name_ar":null,"name_en":null,"highway":"track","surface":null,"source":"OpenStreetMap contributors","source_date":"2026-07-29T15:31:21Z","quality_level":"D","official_status":"IMPORTED_UNVERIFIED"}},{"type":"Feature","id":"osm-way-152959194","geometry":{"type":"LineString","coordinates":[[36.7526815,34.6545461],[36.7554348,34.6545824],[36.7555349,34.6545557],[36.7556379,34.6545146],[36.7568709,34.6536674],[36.7570089,34.6536452],[36.7571338,34.6536589],[36.7572539,34.6536902],[36.7577456,34.6538181],[36.7579199,34.6538327],[36.7580931,34.6538472],[36.7587362,34.6538888],[36.7591672,34.6539116],[36.7593306,34.6539203],[36.7596847,34.6539324]]},"properties":{"technical_code":"SY-HI-HO-MAS-OSM-152959194","osm_way_id":152959194,"name_ar":null,"name_en":null,"highway":"unclassified","surface":null,"source":"OpenStreetMap contributors","source_date":"2026-07-29T15:31:21Z","quality_level":"D","official_status":"IMPORTED_UNVERIFIED"}},{"type":"Feature","id":"osm-way-152959200","geometry":{"type":"LineString","coordinates":[[36.7257281,34.6659051],[36.7257544,34.6656875],[36.7257249,34.6649574],[36.7257365,34.6645442],[36.7257827,34.6640741],[36.7258115,34.6633159],[36.7258678,34.66089],[36.725929,34.6599934],[36.7258859,34.657757],[36.7259839,34.656669],[36.7260615,34.6543376],[36.7260828,34.6527297],[36.7261453,34.6505296],[36.7261763,34.649745]]},"properties":{"technical_code":"SY-HI-HO-MAS-OSM-152959200","osm_way_id":152959200,"name_ar":null,"name_en":null,"highway":"track","surface":null,"source":"OpenStreetMap contributors","source_date":"2026-07-29T15:31:21Z","quality_level":"D","official_status":"IMPORTED_UNVERIFIED"}},{"type":"Feature","id":"osm-way-152959203","geometry":{"type":"LineString","coordinates":[[36.715029,34.6779156],[36.7151497,34.6774582],[36.7151615,34.677117],[36.7151703,34.6768363],[36.715185,34.6765967],[36.7152527,34.6763595],[36.7156908,34.6753829],[36.7158114,34.6751336],[36.7159115,34.6750271],[36.7169876,34.6736628],[36.7171749,34.6733616],[36.7174626,34.6728154],[36.7175209,34.67248],[36.7175608,34.6714718],[36.7174168,34.6714653]]},"properties":{"technical_code":"SY-HI-HO-MAS-OSM-152959203","osm_way_id":152959203,"name_ar":null,"name_en":null,"highway":"track","surface":null,"source":"OpenStreetMap contributors","source_date":"2026-07-29T15:31:21Z","quality_level":"D","official_status":"IMPORTED_UNVERIFIED"}},{"type":"Feature","id":"osm-way-152959204","geometry":{"type":"LineString","coordinates":[[36.7313274,34.6719418],[36.7305878,34.6718969],[36.7289588,34.6718156],[36.727466,34.6717425],[36.7273744,34.6717014],[36.7272953,34.6716792],[36.7272017,34.6716723],[36.7271393,34.6716706],[36.7270706,34.6716997],[36.7270352,34.6717237],[36.7257968,34.6716808],[36.7256614,34.6715332],[36.7255955,34.6712068],[36.725633,34.6708337],[36.7257208,34.6698334]]},"properties":{"technical_code":"SY-HI-HO-MAS-OSM-152959204","osm_way_id":152959204,"name_ar":null,"name_en":null,"highway":"track","surface":null,"source":"OpenStreetMap contributors","source_date":"2026-07-29T15:31:21Z","quality_level":"D","official_status":"IMPORTED_UNVERIFIED"}},{"type":"Feature","id":"osm-way-152959209","geometry":{"type":"LineString","coordinates":[[36.7397991,34.6649852],[36.7400724,34.6648498],[36.7404969,34.6645622],[36.7410446,34.6641636],[36.741305,34.6639325],[36.7418952,34.6633545],[36.7420527,34.6632637],[36.7423616,34.663087],[36.7429506,34.6627334],[36.7431441,34.6626581],[36.7436373,34.6624185],[36.7439473,34.6622029],[36.7448213,34.6616269],[36.7451168,34.6614574],[36.7453041,34.6613222],[36.7456663,34.6609998],[36.7462614,34.6604653],[36.7463603,34.6604105]]},"properties":{"technical_code":"SY-HI-HO-MAS-OSM-152959209","osm_way_id":152959209,"name_ar":null,"name_en":null,"highway":"track","surface":null,"source":"OpenStreetMap contributors","source_date":"2026-07-29T15:31:21Z","quality_level":"D","official_status":"IMPORTED_UNVERIFIED"}},{"type":"Feature","id":"osm-way-152959224","geometry":{"type":"LineString","coordinates":[[36.7463126,34.6466221],[36.748385,34.6466565]]},"properties":{"technical_code":"SY-HI-HO-MAS-OSM-152959224","osm_way_id":152959224,"name_ar":null,"name_en":null,"highway":"service","surface":null,"source":"OpenStreetMap contributors","source_date":"2026-07-29T15:31:21Z","quality_level":"D","official_status":"IMPORTED_UNVERIFIED"}},{"type":"Feature","id":"osm-way-152959230","geometry":{"type":"LineString","coordinates":[[36.7369698,34.6613827],[36.7369298,34.6611349],[36.7367913,34.6606909],[36.7368028,34.660197],[36.7368441,34.6599707],[36.7370028,34.6597238],[36.7371962,34.6594768],[36.7372915,34.6592963],[36.7375691,34.6586173],[36.7376508,34.658305],[36.7376875,34.6580296],[36.737712,34.6579087],[36.7377655,34.6575381],[36.7377941,34.6570377],[36.7377982,34.656403],[36.7379153,34.6544474],[36.7379846,34.653583],[36.7380643,34.6527706],[36.7380672,34.65245],[36.7381134,34.652279]]},"properties":{"technical_code":"SY-HI-HO-MAS-OSM-152959230","osm_way_id":152959230,"name_ar":null,"name_en":null,"highway":"track","surface":null,"source":"OpenStreetMap contributors","source_date":"2026-07-29T15:31:21Z","quality_level":"D","official_status":"IMPORTED_UNVERIFIED"}},{"type":"Feature","id":"osm-way-152959233","geometry":{"type":"LineString","coordinates":[[36.7402755,34.6632541],[36.7404264,34.6630429],[36.7406854,34.6627428],[36.7410179,34.6623846],[36.7415835,34.6615652],[36.7416894,34.6614103],[36.7418512,34.6611973],[36.7421097,34.6606673],[36.7422127,34.6603211],[36.7423069,34.6600749],[36.7427771,34.6592499],[36.7434206,34.6580321],[36.7434872,34.6577445],[36.7434955,34.6576316],[36.743625,34.6572005],[36.7437273,34.6571088],[36.7438825,34.6571173],[36.7444046,34.6571309],[36.7456464,34.6571529],[36.7463529,34.6571628]]},"properties":{"technical_code":"SY-HI-HO-MAS-OSM-152959233","osm_way_id":152959233,"name_ar":null,"name_en":null,"highway":"track","surface":null,"source":"OpenStreetMap contributors","source_date":"2026-07-29T15:31:21Z","quality_level":"D","official_status":"IMPORTED_UNVERIFIED"}},{"type":"Feature","id":"osm-way-152959239","geometry":{"type":"LineString","coordinates":[[36.7463599,34.6602193],[36.7465191,34.6601225],[36.7468732,34.6594885],[36.7473092,34.6588705],[36.7475756,34.6585128],[36.7478107,34.6581636],[36.7484609,34.6572325],[36.7487828,34.6567548],[36.7488972,34.656534],[36.7491838,34.6560816],[36.7498296,34.6552149],[36.7499755,34.655158],[36.7503757,34.6551628],[36.7514822,34.6552209],[36.7520472,34.6552573],[36.7523768,34.6552573],[36.7524666,34.6551996],[36.7525829,34.6551004],[36.7526388,34.6549563],[36.7526815,34.6545461],[36.7526906,34.6544587],[36.7527203,34.65387],[36.7527162,34.6534815],[36.7526891,34.6532846],[36.7526059,34.6530286],[36.7520968,34.6525517],[36.7517828,34.6521663],[36.7516286,34.6519925],[36.7513799,34.6517541],[36.7511713,34.6515541],[36.7506769,34.6511377]]},"properties":{"technical_code":"SY-HI-HO-MAS-OSM-152959239","osm_way_id":152959239,"name_ar":null,"name_en":null,"highway":"unclassified","surface":null,"source":"OpenStreetMap contributors","source_date":"2026-07-29T15:31:21Z","quality_level":"D","official_status":"IMPORTED_UNVERIFIED"}},{"type":"Feature","id":"osm-way-152959262","geometry":{"type":"LineString","coordinates":[[36.7220163,34.6757895],[36.7220808,34.6752402],[36.7220871,34.6749784],[36.7220912,34.67472],[36.72206,34.6746207],[36.7220038,34.674578],[36.7214931,34.6743149],[36.7213371,34.6742584],[36.7210978,34.6742191],[36.7208335,34.6741917],[36.7206005,34.6741797],[36.7204735,34.6741575],[36.7203508,34.6741181],[36.7202237,34.6740169],[36.7200885,34.6738526],[36.7199948,34.6736763],[36.719673,34.6729177],[36.7196147,34.672726],[36.7195517,34.6725277],[36.7194899,34.6720751],[36.7194781,34.6717363],[36.7194899,34.6715064],[36.7195282,34.6713951],[36.7196959,34.6712862],[36.7200902,34.6710466],[36.7202898,34.670938],[36.7203722,34.6709525],[36.7204045,34.6709936],[36.7205252,34.6712115],[36.7206753,34.6713421],[36.7212167,34.6716398],[36.721614,34.6718092],[36.721872,34.6718982],[36.7220014,34.6718619],[36.7221103,34.6717602],[36.7222987,34.6716489],[36.7224311,34.6716005],[36.7226165,34.6715666],[36.7228342,34.6715908],[36.7231579,34.6716586],[36.7233257,34.6717312],[36.7233992,34.6718401],[36.7234081,34.6719805],[36.7233227,34.6720821],[36.7232521,34.6721741],[36.7231638,34.6722757],[36.7231197,34.6723919],[36.7231373,34.6724887],[36.7233348,34.6729253]]},"properties":{"technical_code":"SY-HI-HO-MAS-OSM-152959262","osm_way_id":152959262,"name_ar":null,"name_en":null,"highway":"track","surface":null,"source":"OpenStreetMap contributors","source_date":"2026-07-29T15:31:21Z","quality_level":"D","official_status":"IMPORTED_UNVERIFIED"}},{"type":"Feature","id":"osm-way-152959273","geometry":{"type":"LineString","coordinates":[[36.711737,34.6779477],[36.7134474,34.6779493],[36.7136576,34.6779339],[36.7137928,34.6779099],[36.7138677,34.6778688],[36.7139218,34.6777456]]},"properties":{"technical_code":"SY-HI-HO-MAS-OSM-152959273","osm_way_id":152959273,"name_ar":null,"name_en":null,"highway":"service","surface":null,"source":"OpenStreetMap contributors","source_date":"2026-07-29T15:31:21Z","quality_level":"D","official_status":"IMPORTED_UNVERIFIED"}},{"type":"Feature","id":"osm-way-152959275","geometry":{"type":"LineString","coordinates":[[36.7431993,34.6468846],[36.744322,34.6469137],[36.7443943,34.6462624],[36.7444472,34.6461946],[36.7445208,34.6461849],[36.744926,34.6461947]]},"properties":{"technical_code":"SY-HI-HO-MAS-OSM-152959275","osm_way_id":152959275,"name_ar":null,"name_en":null,"highway":"service","surface":null,"source":"OpenStreetMap contributors","source_date":"2026-07-29T15:31:21Z","quality_level":"D","official_status":"IMPORTED_UNVERIFIED"}},{"type":"Feature","id":"osm-way-152959277","geometry":{"type":"LineString","coordinates":[[36.7447653,34.6478068],[36.7447977,34.6473612],[36.7449007,34.6466374],[36.7449243,34.6463033],[36.744926,34.6461947],[36.7449429,34.6451437]]},"properties":{"technical_code":"SY-HI-HO-MAS-OSM-152959277","osm_way_id":152959277,"name_ar":null,"name_en":null,"highway":"service","surface":null,"source":"OpenStreetMap contributors","source_date":"2026-07-29T15:31:21Z","quality_level":"D","official_status":"IMPORTED_UNVERIFIED"}},{"type":"Feature","id":"osm-way-152959284","geometry":{"type":"LineString","coordinates":[[36.7642553,34.6185754],[36.7626893,34.6202742],[36.7601573,34.623073],[36.7553401,34.6282466],[36.7543188,34.6293976],[36.7540151,34.6297385],[36.7538166,34.6300519],[36.7537093,34.6303962],[36.7534947,34.6309789],[36.7532533,34.6314159],[36.7527974,34.6318793],[36.7525881,34.6321662],[36.7523963,34.6324262],[36.7523604,34.6324715],[36.751826,34.6330576],[36.7508882,34.6341739],[36.7507504,34.6343489],[36.7501238,34.6351448],[36.7496286,34.6356892],[36.7492207,34.6361481],[36.7483669,34.6371781],[36.7482795,34.6372714],[36.7481492,34.6374105],[36.7479814,34.6375994],[36.7478991,34.6378463],[36.7478637,34.6380739],[36.7478101,34.6384533],[36.7477235,34.6388618],[36.7476311,34.6393368],[36.7475041,34.6397786],[36.7474291,34.6399638],[36.7473194,34.6400541],[36.7471404,34.6400921],[36.7468055,34.6400683],[36.7464533,34.6400208],[36.7458739,34.6400477],[36.7454697,34.6400335],[36.7450887,34.6400335],[36.7448205,34.6400337],[36.744684,34.640081],[36.744546,34.6401142],[36.7442919,34.6401617],[36.743246,34.6401649],[36.7410752,34.6401316],[36.7406574,34.6401272],[36.7384527,34.640104],[36.736689,34.6400234],[36.736493,34.640057],[36.7363542,34.640272],[36.7363765,34.6412271],[36.7363602,34.6419056],[36.736401,34.642752],[36.736401,34.6436589],[36.736352,34.6439343],[36.7362214,34.6441157],[36.7359438,34.6443978],[36.7355763,34.6446732],[36.7350398,34.6449844],[36.734601,34.6451696],[36.7340525,34.6453311],[36.7335294,34.6455031],[36.733015,34.6457416],[36.732721,34.6458524],[36.732521,34.6458995],[36.7324352,34.6459498],[36.7323699,34.6461682],[36.7322148,34.6464066],[36.7320311,34.6465712],[36.7318783,34.6468275],[36.731835,34.6469748],[36.7318302,34.6471447],[36.7318764,34.6472943],[36.7319543,34.6475175],[36.7320669,34.6477455],[36.7321882,34.6480447],[36.7322453,34.6485663],[36.7323232,34.6493547],[36.7323159,34.6498525]]},"properties":{"technical_code":"SY-HI-HO-MAS-OSM-152959284","osm_way_id":152959284,"name_ar":null,"name_en":null,"highway":"track","surface":null,"source":"OpenStreetMap contributors","source_date":"2026-07-29T15:31:21Z","quality_level":"D","official_status":"IMPORTED_UNVERIFIED"}},{"type":"Feature","id":"osm-way-152959289","geometry":{"type":"LineString","coordinates":[[36.7473525,34.6452951],[36.7473609,34.645072],[36.7475773,34.6438434],[36.7476251,34.643792],[36.7476709,34.6437715],[36.7479144,34.6437766],[36.7480101,34.6438691]]},"properties":{"technical_code":"SY-HI-HO-MAS-OSM-152959289","osm_way_id":152959289,"name_ar":null,"name_en":null,"highway":"service","surface":null,"source":"OpenStreetMap contributors","source_date":"2026-07-29T15:31:21Z","quality_level":"D","official_status":"IMPORTED_UNVERIFIED"}},{"type":"Feature","id":"osm-way-152959297","geometry":{"type":"LineString","coordinates":[[36.7431959,34.643785],[36.7431848,34.6422826],[36.7432264,34.6422329],[36.7432681,34.6422021],[36.7448204,34.6421165],[36.7449078,34.6421542],[36.7449119,34.6422158],[36.744977,34.643784]]},"properties":{"technical_code":"SY-HI-HO-MAS-OSM-152959297","osm_way_id":152959297,"name_ar":null,"name_en":null,"highway":"service","surface":null,"source":"OpenStreetMap contributors","source_date":"2026-07-29T15:31:21Z","quality_level":"D","official_status":"IMPORTED_UNVERIFIED"}},{"type":"Feature","id":"osm-way-152959298","geometry":{"type":"LineString","coordinates":[[36.746346,34.6535087],[36.7460617,34.6535862],[36.7458057,34.6537581],[36.7455261,34.6540703],[36.7451789,34.6544576],[36.7450053,34.6545593],[36.7443947,34.6547824],[36.7430754,34.6550358]]},"properties":{"technical_code":"SY-HI-HO-MAS-OSM-152959298","osm_way_id":152959298,"name_ar":null,"name_en":null,"highway":"unclassified","surface":null,"source":"OpenStreetMap contributors","source_date":"2026-07-29T15:31:21Z","quality_level":"D","official_status":"IMPORTED_UNVERIFIED"}},{"type":"Feature","id":"osm-way-152959302","geometry":{"type":"LineString","coordinates":[[36.7218942,34.6712034],[36.7221103,34.6717602],[36.7221414,34.6718931],[36.722162,34.6719633],[36.7222562,34.6720795],[36.7223033,34.6722005],[36.7222974,34.6723384],[36.7222209,34.6725296],[36.7216623,34.6734019]]},"properties":{"technical_code":"SY-HI-HO-MAS-OSM-152959302","osm_way_id":152959302,"name_ar":null,"name_en":null,"highway":"track","surface":null,"source":"OpenStreetMap contributors","source_date":"2026-07-29T15:31:21Z","quality_level":"D","official_status":"IMPORTED_UNVERIFIED"}},{"type":"Feature","id":"osm-way-152959303","geometry":{"type":"LineString","coordinates":[[36.7374724,34.6727931],[36.736648,34.6727142],[36.7351893,34.6726081],[36.7341694,34.6725143],[36.7335896,34.6724586],[36.733107,34.6724393],[36.7323478,34.6724102],[36.7314704,34.6723605],[36.7311516,34.6723162]]},"properties":{"technical_code":"SY-HI-HO-MAS-OSM-152959303","osm_way_id":152959303,"name_ar":null,"name_en":null,"highway":"track","surface":null,"source":"OpenStreetMap contributors","source_date":"2026-07-29T15:31:21Z","quality_level":"D","official_status":"IMPORTED_UNVERIFIED"}},{"type":"Feature","id":"osm-way-152959308","geometry":{"type":"LineString","coordinates":[[36.721872,34.6718982],[36.722162,34.6719633],[36.7223297,34.6720262],[36.7225181,34.6720577],[36.7228123,34.6720238],[36.7228977,34.6720359],[36.7230154,34.6721642],[36.7230948,34.6722634],[36.7231197,34.6723919]]},"properties":{"technical_code":"SY-HI-HO-MAS-OSM-152959308","osm_way_id":152959308,"name_ar":null,"name_en":null,"highway":"track","surface":null,"source":"OpenStreetMap contributors","source_date":"2026-07-29T15:31:21Z","quality_level":"D","official_status":"IMPORTED_UNVERIFIED"}},{"type":"Feature","id":"osm-way-171968483","geometry":{"type":"LineString","coordinates":[[36.7120651,34.6787251],[36.7122697,34.6789205],[36.7123631,34.6789937],[36.7124745,34.6790734],[36.7125905,34.6791487],[36.7127108,34.6792192],[36.7127719,34.6792534],[36.7128351,34.6792849],[36.7129257,34.6793235],[36.7130195,34.6793565],[36.7131161,34.6793835],[36.7132148,34.6794045],[36.7133152,34.6794194],[36.7141816,34.6795826],[36.7161101,34.6799333],[36.7163303,34.6799721],[36.7165525,34.6800027],[36.716776,34.6800251],[36.7170006,34.6800392],[36.717231,34.6800451],[36.7174615,34.6800423],[36.7176916,34.6800308],[36.7179208,34.6800106],[36.7181486,34.6799819],[36.718696,34.6798902],[36.7187719,34.6798799],[36.7188485,34.6798742],[36.7189254,34.679873],[36.7190022,34.6798763],[36.7190777,34.6798829]]},"properties":{"technical_code":"SY-HI-HO-MAS-OSM-171968483","osm_way_id":171968483,"name_ar":null,"name_en":null,"highway":"primary","surface":null,"source":"OpenStreetMap contributors","source_date":"2026-07-29T15:31:21Z","quality_level":"D","official_status":"IMPORTED_UNVERIFIED"}},{"type":"Feature","id":"osm-way-203930849","geometry":{"type":"LineString","coordinates":[[36.7301154,34.6844029],[36.7310558,34.6857115],[36.7311161,34.686346],[36.730447,34.6887386],[36.7303565,34.6890622],[36.7300992,34.6890016]]},"properties":{"technical_code":"SY-HI-HO-MAS-OSM-203930849","osm_way_id":203930849,"name_ar":null,"name_en":null,"highway":"service","surface":null,"source":"OpenStreetMap contributors","source_date":"2026-07-29T15:31:21Z","quality_level":"D","official_status":"IMPORTED_UNVERIFIED"}},{"type":"Feature","id":"osm-way-203934386","geometry":{"type":"LineString","coordinates":[[36.7418011,34.6893888],[36.7419217,34.6892919],[36.7419458,34.689116],[36.7419043,34.6886064],[36.7418377,34.6877882],[36.7417226,34.6869716],[36.7414442,34.6847827],[36.7412151,34.6841282],[36.7408533,34.6834142],[36.7402382,34.68272],[36.7392131,34.6819315],[36.7367734,34.6806941],[36.7346583,34.6796094],[36.7326998,34.6786566],[36.7314513,34.6782217],[36.7305479,34.6779818]]},"properties":{"technical_code":"SY-HI-HO-MAS-OSM-203934386","osm_way_id":203934386,"name_ar":null,"name_en":null,"highway":"unclassified","surface":null,"source":"OpenStreetMap contributors","source_date":"2026-07-29T15:31:21Z","quality_level":"D","official_status":"IMPORTED_UNVERIFIED"}},{"type":"Feature","id":"osm-way-203959662","geometry":{"type":"LineString","coordinates":[[36.758702,34.6636383],[36.7603931,34.6643996]]},"properties":{"technical_code":"SY-HI-HO-MAS-OSM-203959662","osm_way_id":203959662,"name_ar":null,"name_en":null,"highway":"residential","surface":null,"source":"OpenStreetMap contributors","source_date":"2026-07-29T15:31:21Z","quality_level":"D","official_status":"IMPORTED_UNVERIFIED"}},{"type":"Feature","id":"osm-way-203964310","geometry":{"type":"LineString","coordinates":[[36.7504016,34.6642637],[36.7505236,34.6641107],[36.7520463,34.6622014],[36.7521,34.6621881],[36.7521858,34.6622058],[36.7524058,34.662347],[36.7539883,34.6631985]]},"properties":{"technical_code":"SY-HI-HO-MAS-OSM-203964310","osm_way_id":203964310,"name_ar":null,"name_en":null,"highway":"service","surface":null,"source":"OpenStreetMap contributors","source_date":"2026-07-29T15:31:21Z","quality_level":"D","official_status":"IMPORTED_UNVERIFIED"}},{"type":"Feature","id":"osm-way-203964311","geometry":{"type":"LineString","coordinates":[[36.7506248,34.664381],[36.7507495,34.6642258],[36.7512739,34.6635736],[36.7514241,34.6635162],[36.7524058,34.662347]]},"properties":{"technical_code":"SY-HI-HO-MAS-OSM-203964311","osm_way_id":203964311,"name_ar":null,"name_en":null,"highway":"service","surface":null,"source":"OpenStreetMap contributors","source_date":"2026-07-29T15:31:21Z","quality_level":"D","official_status":"IMPORTED_UNVERIFIED"}},{"type":"Feature","id":"osm-way-203964313","geometry":{"type":"LineString","coordinates":[[36.750024,34.6641075],[36.7501849,34.6639972],[36.7502707,34.6639839],[36.7505236,34.6641107],[36.7507495,34.6642258],[36.7509305,34.6643192]]},"properties":{"technical_code":"SY-HI-HO-MAS-OSM-203964313","osm_way_id":203964313,"name_ar":null,"name_en":null,"highway":"service","surface":null,"source":"OpenStreetMap contributors","source_date":"2026-07-29T15:31:21Z","quality_level":"D","official_status":"IMPORTED_UNVERIFIED"}},{"type":"Feature","id":"osm-way-203964316","geometry":{"type":"LineString","coordinates":[[36.7571375,34.6662717],[36.7516816,34.6665703]]},"properties":{"technical_code":"SY-HI-HO-MAS-OSM-203964316","osm_way_id":203964316,"name_ar":null,"name_en":null,"highway":"residential","surface":null,"source":"OpenStreetMap contributors","source_date":"2026-07-29T15:31:21Z","quality_level":"D","official_status":"IMPORTED_UNVERIFIED"}},{"type":"Feature","id":"osm-way-203964317","geometry":{"type":"LineString","coordinates":[[36.7502997,34.664785],[36.7502171,34.6645001],[36.7504016,34.6642637]]},"properties":{"technical_code":"SY-HI-HO-MAS-OSM-203964317","osm_way_id":203964317,"name_ar":null,"name_en":null,"highway":"unclassified","surface":null,"source":"OpenStreetMap contributors","source_date":"2026-07-29T15:31:21Z","quality_level":"D","official_status":"IMPORTED_UNVERIFIED"}},{"type":"Feature","id":"osm-way-203964320","geometry":{"type":"LineString","coordinates":[[36.7566825,34.6670332],[36.7528081,34.667293]]},"properties":{"technical_code":"SY-HI-HO-MAS-OSM-203964320","osm_way_id":203964320,"name_ar":null,"name_en":null,"highway":"residential","surface":null,"source":"OpenStreetMap contributors","source_date":"2026-07-29T15:31:21Z","quality_level":"D","official_status":"IMPORTED_UNVERIFIED"}},{"type":"Feature","id":"osm-way-203964324","geometry":{"type":"LineString","coordinates":[[36.7595383,34.667773],[36.758808,34.6674631],[36.7583651,34.6671792],[36.7596847,34.666685]]},"properties":{"technical_code":"SY-HI-HO-MAS-OSM-203964324","osm_way_id":203964324,"name_ar":null,"name_en":null,"highway":"residential","surface":null,"source":"OpenStreetMap contributors","source_date":"2026-07-29T15:31:21Z","quality_level":"D","official_status":"IMPORTED_UNVERIFIED"}},{"type":"Feature","id":"osm-way-203964332","geometry":{"type":"LineString","coordinates":[[36.7568117,34.674253],[36.7612731,34.6763108]]},"properties":{"technical_code":"SY-HI-HO-MAS-OSM-203964332","osm_way_id":203964332,"name_ar":null,"name_en":null,"highway":"track","surface":null,"source":"OpenStreetMap contributors","source_date":"2026-07-29T15:31:21Z","quality_level":"D","official_status":"IMPORTED_UNVERIFIED"}},{"type":"Feature","id":"osm-way-203964350","geometry":{"type":"LineString","coordinates":[[36.7508787,34.6771757],[36.7525077,34.6779431],[36.7547071,34.6790548],[36.754986,34.6790724],[36.7576039,34.6785342],[36.7593216,34.6792935]]},"properties":{"technical_code":"SY-HI-HO-MAS-OSM-203964350","osm_way_id":203964350,"name_ar":null,"name_en":null,"highway":"track","surface":null,"source":"OpenStreetMap contributors","source_date":"2026-07-29T15:31:21Z","quality_level":"D","official_status":"IMPORTED_UNVERIFIED"}},{"type":"Feature","id":"osm-way-203982435","geometry":{"type":"LineString","coordinates":[[36.7516455,34.6593611],[36.751921,34.6590063],[36.7520425,34.6589969],[36.7521173,34.6590363],[36.7534594,34.6597435],[36.7557496,34.6609504],[36.7557436,34.6610471],[36.7522731,34.6655942],[36.7521921,34.6656328],[36.751363,34.6652208],[36.7500676,34.6650632]]},"properties":{"technical_code":"SY-HI-HO-MAS-OSM-203982435","osm_way_id":203982435,"name_ar":null,"name_en":null,"highway":"unclassified","surface":null,"source":"OpenStreetMap contributors","source_date":"2026-07-29T15:31:21Z","quality_level":"D","official_status":"IMPORTED_UNVERIFIED"}},{"type":"Feature","id":"osm-way-203982436","geometry":{"type":"LineString","coordinates":[[36.7523768,34.6552573],[36.7524475,34.655571],[36.7522855,34.6567878],[36.7521173,34.6590363]]},"properties":{"technical_code":"SY-HI-HO-MAS-OSM-203982436","osm_way_id":203982436,"name_ar":null,"name_en":null,"highway":"unclassified","surface":null,"source":"OpenStreetMap contributors","source_date":"2026-07-29T15:31:21Z","quality_level":"D","official_status":"IMPORTED_UNVERIFIED"}},{"type":"Feature","id":"osm-way-203982437","geometry":{"type":"LineString","coordinates":[[36.7597692,34.6596683],[36.7585732,34.6596897],[36.7535344,34.6596616],[36.7534594,34.6597435]]},"properties":{"technical_code":"SY-HI-HO-MAS-OSM-203982437","osm_way_id":203982437,"name_ar":null,"name_en":null,"highway":"unclassified","surface":null,"source":"OpenStreetMap contributors","source_date":"2026-07-29T15:31:21Z","quality_level":"D","official_status":"IMPORTED_UNVERIFIED"}},{"type":"Feature","id":"osm-way-292054974","geometry":{"type":"LineString","coordinates":[[36.7138242,34.6740755],[36.7135269,34.6739376]]},"properties":{"technical_code":"SY-HI-HO-MAS-OSM-292054974","osm_way_id":292054974,"name_ar":null,"name_en":null,"highway":"residential","surface":null,"source":"OpenStreetMap contributors","source_date":"2026-07-29T15:31:21Z","quality_level":"D","official_status":"IMPORTED_UNVERIFIED"}},{"type":"Feature","id":"osm-way-369996904","geometry":{"type":"LineString","coordinates":[[36.7654235,34.6650331],[36.7650159,34.6643979],[36.7643589,34.6633814],[36.7632794,34.6628281],[36.7618871,34.6621848],[36.7602915,34.66158],[36.761543,34.659341],[36.763123,34.6595083],[36.7633889,34.6598686]]},"properties":{"technical_code":"SY-HI-HO-MAS-OSM-369996904","osm_way_id":369996904,"name_ar":null,"name_en":null,"highway":"service","surface":null,"source":"OpenStreetMap contributors","source_date":"2026-07-29T15:31:21Z","quality_level":"D","official_status":"IMPORTED_UNVERIFIED"}},{"type":"Feature","id":"osm-way-406612045","geometry":{"type":"LineString","coordinates":[[36.731021,34.6770224],[36.7310829,34.6773401]]},"properties":{"technical_code":"SY-HI-HO-MAS-OSM-406612045","osm_way_id":406612045,"name_ar":null,"name_en":null,"highway":"primary_link","surface":null,"source":"OpenStreetMap contributors","source_date":"2026-07-29T15:31:21Z","quality_level":"D","official_status":"IMPORTED_UNVERIFIED"}},{"type":"Feature","id":"osm-way-406612046","geometry":{"type":"LineString","coordinates":[[36.7309644,34.677336],[36.7309145,34.6770392]]},"properties":{"technical_code":"SY-HI-HO-MAS-OSM-406612046","osm_way_id":406612046,"name_ar":null,"name_en":null,"highway":"primary_link","surface":null,"source":"OpenStreetMap contributors","source_date":"2026-07-29T15:31:21Z","quality_level":"D","official_status":"IMPORTED_UNVERIFIED"}},{"type":"Feature","id":"osm-way-615978870","geometry":{"type":"LineString","coordinates":[[36.7124287,34.6787006],[36.711737,34.6779477],[36.7108757,34.6769404],[36.7108259,34.6768526],[36.710786,34.6767613],[36.7107565,34.6766675],[36.7107376,34.6765718],[36.7105373,34.6747258],[36.7105294,34.6746704],[36.7105144,34.674616],[36.7104926,34.6745631],[36.7104673,34.6745176],[36.7104368,34.6744743],[36.7104045,34.6744344],[36.7103759,34.6743927],[36.710343,34.6743331]]},"properties":{"technical_code":"SY-HI-HO-MAS-OSM-615978870","osm_way_id":615978870,"name_ar":null,"name_en":null,"highway":"residential","surface":null,"source":"OpenStreetMap contributors","source_date":"2026-07-29T15:31:21Z","quality_level":"D","official_status":"IMPORTED_UNVERIFIED"}},{"type":"Feature","id":"osm-way-692056727","geometry":{"type":"LineString","coordinates":[[36.7090398,34.6530768],[36.7089594,34.6550979],[36.7089325,34.6551994],[36.7089003,34.6552744],[36.7088574,34.6553318],[36.7087823,34.6553891],[36.7086965,34.6554244],[36.7081136,34.6554378]]},"properties":{"technical_code":"SY-HI-HO-MAS-OSM-692056727","osm_way_id":692056727,"name_ar":null,"name_en":null,"highway":"track","surface":null,"source":"OpenStreetMap contributors","source_date":"2026-07-29T15:31:21Z","quality_level":"D","official_status":"IMPORTED_UNVERIFIED"}},{"type":"Feature","id":"osm-way-1287549636","geometry":{"type":"LineString","coordinates":[[36.7184007,34.6800701],[36.717887,34.6802055],[36.717711,34.6802521],[36.7175264,34.680304],[36.7173815,34.6803436],[36.7169537,34.6804665],[36.7164761,34.6806108],[36.7161047,34.6807274]]},"properties":{"technical_code":"SY-HI-HO-MAS-OSM-1287549636","osm_way_id":1287549636,"name_ar":null,"name_en":null,"highway":"primary_link","surface":null,"source":"OpenStreetMap contributors","source_date":"2026-07-29T15:31:21Z","quality_level":"D","official_status":"IMPORTED_UNVERIFIED"}},{"type":"Feature","id":"osm-way-1287958304","geometry":{"type":"LineString","coordinates":[[36.7082088,34.6703772],[36.7080903,34.6703767],[36.7079719,34.670381],[36.7078539,34.67039],[36.7077366,34.6704037]]},"properties":{"technical_code":"SY-HI-HO-MAS-OSM-1287958304","osm_way_id":1287958304,"name_ar":null,"name_en":null,"highway":"motorway_link","surface":null,"source":"OpenStreetMap contributors","source_date":"2026-07-29T15:31:21Z","quality_level":"D","official_status":"IMPORTED_UNVERIFIED"}},{"type":"Feature","id":"osm-way-1287959223","geometry":{"type":"LineString","coordinates":[[36.7097485,34.6734275],[36.7097285,34.6731095]]},"properties":{"technical_code":"SY-HI-HO-MAS-OSM-1287959223","osm_way_id":1287959223,"name_ar":null,"name_en":null,"highway":"service","surface":null,"source":"OpenStreetMap contributors","source_date":"2026-07-29T15:31:21Z","quality_level":"D","official_status":"IMPORTED_UNVERIFIED"}},{"type":"Feature","id":"osm-way-1287959226","geometry":{"type":"LineString","coordinates":[[36.7069302,34.6688721],[36.7073152,34.6688746]]},"properties":{"technical_code":"SY-HI-HO-MAS-OSM-1287959226","osm_way_id":1287959226,"name_ar":null,"name_en":null,"highway":"unclassified","surface":null,"source":"OpenStreetMap contributors","source_date":"2026-07-29T15:31:21Z","quality_level":"D","official_status":"IMPORTED_UNVERIFIED"}},{"type":"Feature","id":"osm-way-1287959227","geometry":{"type":"LineString","coordinates":[[36.7073098,34.6691954],[36.7073152,34.6688746]]},"properties":{"technical_code":"SY-HI-HO-MAS-OSM-1287959227","osm_way_id":1287959227,"name_ar":null,"name_en":null,"highway":"unclassified","surface":null,"source":"OpenStreetMap contributors","source_date":"2026-07-29T15:31:21Z","quality_level":"D","official_status":"IMPORTED_UNVERIFIED"}},{"type":"Feature","id":"osm-way-1287959231","geometry":{"type":"LineString","coordinates":[[36.717711,34.6802521],[36.7177505,34.6803491],[36.717757,34.6803899],[36.7177557,34.680431],[36.7177468,34.6804714],[36.7177304,34.6805102]]},"properties":{"technical_code":"SY-HI-HO-MAS-OSM-1287959231","osm_way_id":1287959231,"name_ar":null,"name_en":null,"highway":"service","surface":null,"source":"OpenStreetMap contributors","source_date":"2026-07-29T15:31:21Z","quality_level":"D","official_status":"IMPORTED_UNVERIFIED"}},{"type":"Feature","id":"osm-way-1287959232","geometry":{"type":"LineString","coordinates":[[36.7177304,34.6805102],[36.7176884,34.6804979],[36.7176497,34.6804795],[36.7176157,34.6804557],[36.7175875,34.6804273],[36.717566,34.6803952],[36.7175264,34.680304]]},"properties":{"technical_code":"SY-HI-HO-MAS-OSM-1287959232","osm_way_id":1287959232,"name_ar":null,"name_en":null,"highway":"service","surface":null,"source":"OpenStreetMap contributors","source_date":"2026-07-29T15:31:21Z","quality_level":"D","official_status":"IMPORTED_UNVERIFIED"}},{"type":"Feature","id":"osm-way-1428617615","geometry":{"type":"LineString","coordinates":[[36.7314441,34.6656158],[36.7314497,34.6653105],[36.7315033,34.6652862],[36.7331378,34.66535],[36.7334014,34.665382],[36.7336433,34.6653797],[36.7354431,34.6654311]]},"properties":{"technical_code":"SY-HI-HO-MAS-OSM-1428617615","osm_way_id":1428617615,"name_ar":null,"name_en":null,"highway":"residential","surface":null,"source":"OpenStreetMap contributors","source_date":"2026-07-29T15:31:21Z","quality_level":"D","official_status":"IMPORTED_UNVERIFIED"}},{"type":"Feature","id":"osm-way-1428617616","geometry":{"type":"LineString","coordinates":[[36.7355392,34.6642048],[36.7337794,34.6641454],[36.733433,34.6642636],[36.7332928,34.6643067],[36.7328061,34.6642928],[36.7327504,34.6643331],[36.732738,34.6645428]]},"properties":{"technical_code":"SY-HI-HO-MAS-OSM-1428617616","osm_way_id":1428617616,"name_ar":null,"name_en":null,"highway":"residential","surface":null,"source":"OpenStreetMap contributors","source_date":"2026-07-29T15:31:21Z","quality_level":"D","official_status":"IMPORTED_UNVERIFIED"}},{"type":"Feature","id":"osm-way-1428617617","geometry":{"type":"LineString","coordinates":[[36.7364795,34.667165],[36.7364528,34.6669683],[36.7364635,34.6669018],[36.7365082,34.6668528],[36.7366839,34.6668069]]},"properties":{"technical_code":"SY-HI-HO-MAS-OSM-1428617617","osm_way_id":1428617617,"name_ar":null,"name_en":null,"highway":"residential","surface":null,"source":"OpenStreetMap contributors","source_date":"2026-07-29T15:31:21Z","quality_level":"D","official_status":"IMPORTED_UNVERIFIED"}},{"type":"Feature","id":"osm-way-1428617618","geometry":{"type":"LineString","coordinates":[[36.7362398,34.6663988],[36.7362549,34.6665286]]},"properties":{"technical_code":"SY-HI-HO-MAS-OSM-1428617618","osm_way_id":1428617618,"name_ar":null,"name_en":null,"highway":"residential","surface":null,"source":"OpenStreetMap contributors","source_date":"2026-07-29T15:31:21Z","quality_level":"D","official_status":"IMPORTED_UNVERIFIED"}},{"type":"Feature","id":"osm-way-1428617619","geometry":{"type":"LineString","coordinates":[[36.7370139,34.66666],[36.7366274,34.6665877]]},"properties":{"technical_code":"SY-HI-HO-MAS-OSM-1428617619","osm_way_id":1428617619,"name_ar":null,"name_en":null,"highway":"residential","surface":null,"source":"OpenStreetMap contributors","source_date":"2026-07-29T15:31:21Z","quality_level":"D","official_status":"IMPORTED_UNVERIFIED"}},{"type":"Feature","id":"osm-way-1499309358","geometry":{"type":"LineString","coordinates":[[36.7401226,34.6738321],[36.7397243,34.6739678]]},"properties":{"technical_code":"SY-HI-HO-MAS-OSM-1499309358","osm_way_id":1499309358,"name_ar":null,"name_en":null,"highway":"service","surface":null,"source":"OpenStreetMap contributors","source_date":"2026-07-29T15:31:21Z","quality_level":"D","official_status":"IMPORTED_UNVERIFIED"}},{"type":"Feature","id":"osm-way-1499309359","geometry":{"type":"LineString","coordinates":[[36.73973,34.6744926],[36.7397243,34.6739678],[36.7396572,34.6737042],[36.7396358,34.6735873],[36.7396894,34.6735079],[36.7398798,34.6734594],[36.7400193,34.6736358],[36.7401226,34.6738321],[36.7403661,34.6742787]]},"properties":{"technical_code":"SY-HI-HO-MAS-OSM-1499309359","osm_way_id":1499309359,"name_ar":null,"name_en":null,"highway":"service","surface":null,"source":"OpenStreetMap contributors","source_date":"2026-07-29T15:31:21Z","quality_level":"D","official_status":"IMPORTED_UNVERIFIED"}},{"type":"Feature","id":"osm-way-1517193251","geometry":{"type":"LineString","coordinates":[[36.7341063,34.6666954],[36.7341185,34.6664797],[36.7340869,34.6664566],[36.733869,34.6664524]]},"properties":{"technical_code":"SY-HI-HO-MAS-OSM-1517193251","osm_way_id":1517193251,"name_ar":null,"name_en":null,"highway":"residential","surface":null,"source":"OpenStreetMap contributors","source_date":"2026-07-29T15:31:21Z","quality_level":"D","official_status":"IMPORTED_UNVERIFIED"}},{"type":"Feature","id":"osm-way-1517193252","geometry":{"type":"LineString","coordinates":[[36.7389763,34.6669188],[36.7389691,34.6662097]]},"properties":{"technical_code":"SY-HI-HO-MAS-OSM-1517193252","osm_way_id":1517193252,"name_ar":null,"name_en":null,"highway":"residential","surface":null,"source":"OpenStreetMap contributors","source_date":"2026-07-29T15:31:21Z","quality_level":"D","official_status":"IMPORTED_UNVERIFIED"}},{"type":"Feature","id":"osm-way-1517193253","geometry":{"type":"LineString","coordinates":[[36.7358341,34.6670111],[36.7358239,34.6669263],[36.7358459,34.6668985],[36.7360166,34.6668791],[36.7360436,34.6668554],[36.7360926,34.6667415],[36.7360689,34.6665312]]},"properties":{"technical_code":"SY-HI-HO-MAS-OSM-1517193253","osm_way_id":1517193253,"name_ar":null,"name_en":null,"highway":"residential","surface":null,"source":"OpenStreetMap contributors","source_date":"2026-07-29T15:31:21Z","quality_level":"D","official_status":"IMPORTED_UNVERIFIED"}},{"type":"Feature","id":"osm-way-1517193254","geometry":{"type":"LineString","coordinates":[[36.73748,34.6647162],[36.7374545,34.6648737],[36.7374274,34.6649029],[36.7370325,34.6649049]]},"properties":{"technical_code":"SY-HI-HO-MAS-OSM-1517193254","osm_way_id":1517193254,"name_ar":null,"name_en":null,"highway":"residential","surface":null,"source":"OpenStreetMap contributors","source_date":"2026-07-29T15:31:21Z","quality_level":"D","official_status":"IMPORTED_UNVERIFIED"}},{"type":"Feature","id":"osm-way-1517193255","geometry":{"type":"LineString","coordinates":[[36.7393579,34.6637701],[36.7399466,34.6637697]]},"properties":{"technical_code":"SY-HI-HO-MAS-OSM-1517193255","osm_way_id":1517193255,"name_ar":null,"name_en":null,"highway":"residential","surface":null,"source":"OpenStreetMap contributors","source_date":"2026-07-29T15:31:21Z","quality_level":"D","official_status":"IMPORTED_UNVERIFIED"}},{"type":"Feature","id":"osm-way-1517193256","geometry":{"type":"LineString","coordinates":[[36.7357082,34.6623644],[36.7356371,34.6629731]]},"properties":{"technical_code":"SY-HI-HO-MAS-OSM-1517193256","osm_way_id":1517193256,"name_ar":null,"name_en":null,"highway":"residential","surface":null,"source":"OpenStreetMap contributors","source_date":"2026-07-29T15:31:21Z","quality_level":"D","official_status":"IMPORTED_UNVERIFIED"}},{"type":"Feature","id":"osm-way-1517193257","geometry":{"type":"LineString","coordinates":[[36.7351109,34.6617233],[36.7351146,34.6612055]]},"properties":{"technical_code":"SY-HI-HO-MAS-OSM-1517193257","osm_way_id":1517193257,"name_ar":null,"name_en":null,"highway":"residential","surface":null,"source":"OpenStreetMap contributors","source_date":"2026-07-29T15:31:21Z","quality_level":"D","official_status":"IMPORTED_UNVERIFIED"}},{"type":"Feature","id":"osm-way-1517193258","geometry":{"type":"LineString","coordinates":[[36.7358027,34.6617704],[36.7358219,34.6612527]]},"properties":{"technical_code":"SY-HI-HO-MAS-OSM-1517193258","osm_way_id":1517193258,"name_ar":null,"name_en":null,"highway":"residential","surface":null,"source":"OpenStreetMap contributors","source_date":"2026-07-29T15:31:21Z","quality_level":"D","official_status":"IMPORTED_UNVERIFIED"}},{"type":"Feature","id":"osm-way-1517193259","geometry":{"type":"LineString","coordinates":[[36.7317024,34.6615213],[36.733346,34.6615865],[36.7342097,34.6616659],[36.7351109,34.6617233],[36.7358027,34.6617704],[36.7369847,34.6618366]]},"properties":{"technical_code":"SY-HI-HO-MAS-OSM-1517193259","osm_way_id":1517193259,"name_ar":null,"name_en":null,"highway":"residential","surface":null,"source":"OpenStreetMap contributors","source_date":"2026-07-29T15:31:21Z","quality_level":"D","official_status":"IMPORTED_UNVERIFIED"}},{"type":"Feature","id":"osm-way-1517193260","geometry":{"type":"LineString","coordinates":[[36.7364886,34.6635068],[36.7355355,34.6634689]]},"properties":{"technical_code":"SY-HI-HO-MAS-OSM-1517193260","osm_way_id":1517193260,"name_ar":null,"name_en":null,"highway":"residential","surface":null,"source":"OpenStreetMap contributors","source_date":"2026-07-29T15:31:21Z","quality_level":"D","official_status":"IMPORTED_UNVERIFIED"}},{"type":"Feature","id":"osm-way-1518172210","geometry":{"type":"LineString","coordinates":[[36.733298,34.6657045],[36.733266,34.6662062]]},"properties":{"technical_code":"SY-HI-HO-MAS-OSM-1518172210","osm_way_id":1518172210,"name_ar":null,"name_en":null,"highway":"residential","surface":null,"source":"OpenStreetMap contributors","source_date":"2026-07-29T15:31:21Z","quality_level":"D","official_status":"IMPORTED_UNVERIFIED"}},{"type":"Feature","id":"osm-way-1518172211","geometry":{"type":"LineString","coordinates":[[36.7333689,34.6657075],[36.7334014,34.665382]]},"properties":{"technical_code":"SY-HI-HO-MAS-OSM-1518172211","osm_way_id":1518172211,"name_ar":null,"name_en":null,"highway":"residential","surface":null,"source":"OpenStreetMap contributors","source_date":"2026-07-29T15:31:21Z","quality_level":"D","official_status":"IMPORTED_UNVERIFIED"}},{"type":"Feature","id":"osm-way-1518172212","geometry":{"type":"LineString","coordinates":[[36.7336433,34.6653797],[36.7336564,34.6650888]]},"properties":{"technical_code":"SY-HI-HO-MAS-OSM-1518172212","osm_way_id":1518172212,"name_ar":null,"name_en":null,"highway":"residential","surface":null,"source":"OpenStreetMap contributors","source_date":"2026-07-29T15:31:21Z","quality_level":"D","official_status":"IMPORTED_UNVERIFIED"}},{"type":"Feature","id":"osm-way-1518172213","geometry":{"type":"LineString","coordinates":[[36.7332915,34.6645711],[36.7332841,34.6648395]]},"properties":{"technical_code":"SY-HI-HO-MAS-OSM-1518172213","osm_way_id":1518172213,"name_ar":null,"name_en":null,"highway":"residential","surface":null,"source":"OpenStreetMap contributors","source_date":"2026-07-29T15:31:21Z","quality_level":"D","official_status":"IMPORTED_UNVERIFIED"}},{"type":"Feature","id":"osm-way-1518172214","geometry":{"type":"LineString","coordinates":[[36.7334672,34.6648485],[36.7334545,34.6650794]]},"properties":{"technical_code":"SY-HI-HO-MAS-OSM-1518172214","osm_way_id":1518172214,"name_ar":null,"name_en":null,"highway":"residential","surface":null,"source":"OpenStreetMap contributors","source_date":"2026-07-29T15:31:21Z","quality_level":"D","official_status":"IMPORTED_UNVERIFIED"}},{"type":"Feature","id":"osm-way-1518172215","geometry":{"type":"LineString","coordinates":[[36.7331976,34.6690899],[36.7328572,34.6690764],[36.7326251,34.6690537],[36.7323314,34.6690572],[36.7320589,34.6690344],[36.731669,34.6690276],[36.7316183,34.6690137],[36.7315879,34.6689831],[36.7316267,34.6686551],[36.7316014,34.6686162],[36.7315456,34.6686009],[36.7299945,34.6685537],[36.7295574,34.6685284],[36.7295234,34.6685161],[36.7295212,34.668306]]},"properties":{"technical_code":"SY-HI-HO-MAS-OSM-1518172215","osm_way_id":1518172215,"name_ar":null,"name_en":null,"highway":"residential","surface":null,"source":"OpenStreetMap contributors","source_date":"2026-07-29T15:31:21Z","quality_level":"D","official_status":"IMPORTED_UNVERIFIED"}},{"type":"Feature","id":"osm-way-1518172216","geometry":{"type":"LineString","coordinates":[[36.7257004,34.6670393],[36.7263441,34.6670819],[36.726611,34.6671062],[36.7267585,34.6671029],[36.7269999,34.6670897],[36.7274961,34.6670886],[36.7281787,34.6671239],[36.7283772,34.6671448],[36.7287809,34.6671867],[36.7289807,34.6671746],[36.7290193,34.6671683],[36.7290826,34.6671581],[36.7294903,34.6672033],[36.7298698,34.6672386],[36.7306182,34.6672529],[36.7310902,34.6672849],[36.7313638,34.6672849],[36.7316405,34.667286],[36.7321417,34.6673025],[36.7328162,34.6673059],[36.7331502,34.6673125],[36.7334814,34.6673599],[36.7338543,34.6673588],[36.7341091,34.6673759]]},"properties":{"technical_code":"SY-HI-HO-MAS-OSM-1518172216","osm_way_id":1518172216,"name_ar":null,"name_en":null,"highway":"residential","surface":null,"source":"OpenStreetMap contributors","source_date":"2026-07-29T15:31:21Z","quality_level":"D","official_status":"IMPORTED_UNVERIFIED"}},{"type":"Feature","id":"osm-way-1521977886","geometry":{"type":"LineString","coordinates":[[36.735827,34.6672441],[36.7362173,34.6672044],[36.7363138,34.6672011],[36.7363532,34.6672225]]},"properties":{"technical_code":"SY-HI-HO-MAS-OSM-1521977886","osm_way_id":1521977886,"name_ar":null,"name_en":null,"highway":"residential","surface":null,"source":"OpenStreetMap contributors","source_date":"2026-07-29T15:31:21Z","quality_level":"D","official_status":"IMPORTED_UNVERIFIED"}},{"type":"Feature","id":"osm-way-1524225870","geometry":{"type":"LineString","coordinates":[[36.7354291,34.6656177],[36.735585,34.665624],[36.735739,34.6656234],[36.7359322,34.6653144],[36.736007,34.6650819]]},"properties":{"technical_code":"SY-HI-HO-MAS-OSM-1524225870","osm_way_id":1524225870,"name_ar":null,"name_en":null,"highway":"residential","surface":null,"source":"OpenStreetMap contributors","source_date":"2026-07-29T15:31:21Z","quality_level":"D","official_status":"IMPORTED_UNVERIFIED"}}]}