{"type":"FeatureCollection","name":"Al-Zabadani road working inventory","license":"© OpenStreetMap contributors, ODbL 1.0","source_date":"2026-07-29T23:55:44Z","notice":"Open-data working inventory. Names and geometries require municipal verification.","features":[{"type":"Feature","id":"osm-way-26590418","geometry":{"type":"LineString","coordinates":[[36.0530342,33.6793614],[36.0533623,33.6797697],[36.0535049,33.6799471],[36.0541262,33.6806359],[36.0541513,33.680664],[36.0559961,33.6827308],[36.0560496,33.6828004],[36.0566814,33.6835256],[36.0593196,33.6864652],[36.0607964,33.688108],[36.0614336,33.6888341],[36.061748,33.6891923],[36.0637393,33.6914613],[36.0643997,33.6921873],[36.0696486,33.6979567],[36.0698035,33.6981269],[36.0743514,33.7033246],[36.0762613,33.7054108],[36.0813357,33.7111661],[36.083491,33.713628],[36.0856594,33.7161047],[36.0858389,33.7162831],[36.0885278,33.7193724],[36.0897751,33.7208054],[36.0898365,33.7208755],[36.0902918,33.7213196],[36.0903373,33.7213639],[36.0904795,33.7215026],[36.0915078,33.7225055],[36.0923845,33.723321],[36.0924544,33.7233687],[36.0926334,33.7235096]]},"properties":{"technical_code":"SY-RD-ZA-ZAB-RD-OSM-26590418","osm_way_id":26590418,"name_ar":null,"name_en":null,"highway":"secondary","surface":null,"source":"OpenStreetMap contributors","quality_level":"D","official_status":"IMPORTED_UNVERIFIED"}},{"type":"Feature","id":"osm-way-26591167","geometry":{"type":"LineString","coordinates":[[36.0926334,33.7235096],[36.0927736,33.7236751],[36.093886,33.7248422],[36.0941418,33.7250894],[36.0944542,33.7253914],[36.0949188,33.7258287],[36.0952082,33.7261009],[36.0953317,33.7261169]]},"properties":{"technical_code":"SY-RD-ZA-ZAB-RD-OSM-26591167","osm_way_id":26591167,"name_ar":null,"name_en":null,"highway":"secondary","surface":null,"source":"OpenStreetMap contributors","quality_level":"D","official_status":"IMPORTED_UNVERIFIED"}},{"type":"Feature","id":"osm-way-26591377","geometry":{"type":"LineString","coordinates":[[36.1041577,33.725691],[36.1041983,33.725519],[36.1043023,33.7250384],[36.1044584,33.7244143],[36.1045129,33.7241828],[36.1045439,33.7240609],[36.1046028,33.7238121],[36.1048843,33.7226256],[36.1049105,33.7225081],[36.1049384,33.7223318],[36.1049326,33.7221043],[36.1046398,33.7208615],[36.1045905,33.7206606],[36.1042349,33.7190616],[36.1041742,33.7188331],[36.1039912,33.7180993],[36.1039643,33.7179902]]},"properties":{"technical_code":"SY-RD-ZA-ZAB-RD-OSM-26591377","osm_way_id":26591377,"name_ar":null,"name_en":null,"highway":"secondary","surface":null,"source":"OpenStreetMap contributors","quality_level":"D","official_status":"IMPORTED_UNVERIFIED"}},{"type":"Feature","id":"osm-way-26591502","geometry":{"type":"LineString","coordinates":[[36.1543404,33.8053563],[36.1537487,33.8045812],[36.1536728,33.8044762],[36.1536306,33.8044101],[36.1535942,33.804353],[36.152693,33.8031619],[36.1526415,33.8030763],[36.1525814,33.8029979],[36.1517831,33.801974],[36.1516654,33.8018178],[36.1515369,33.8016626],[36.150759,33.8007664],[36.1502516,33.8001818],[36.1501175,33.8000305],[36.1500577,33.7999539],[36.1499911,33.7998686],[36.1495645,33.7992856],[36.1490003,33.7985144],[36.1484153,33.7977149],[36.1476289,33.7965675],[36.1472668,33.7960826],[36.1465359,33.7952031],[36.146212,33.7947297],[36.1457218,33.7937716],[36.1453708,33.7929922],[36.1451574,33.7921804],[36.1449458,33.7913754],[36.144792,33.7909059],[36.1446838,33.7905754],[36.1446489,33.7904689],[36.1442165,33.7893094],[36.1436878,33.7878917],[36.1428722,33.7857046],[36.142818,33.7855083],[36.1426061,33.7847408],[36.1425483,33.7845209],[36.1424413,33.7835687],[36.1424235,33.7834104],[36.142253,33.7827981],[36.1416324,33.7815992],[36.1413524,33.7807244],[36.1412397,33.7803723],[36.1411213,33.7801109],[36.140941,33.779847],[36.140635,33.7794941],[36.1400055,33.7786413],[36.1392673,33.7777567],[36.1381831,33.7766061],[36.1375341,33.7758561],[36.1372645,33.7756081],[36.1365994,33.7750031],[36.1358167,33.7743403],[36.1356282,33.7741878],[36.1351185,33.7737861],[36.1343724,33.7732554],[36.1343169,33.7732344],[36.1341029,33.7731535],[36.1336399,33.7729786],[36.1330831,33.7728385],[36.1329311,33.7728003],[36.132668,33.7726883],[36.1322922,33.7724658],[36.1321689,33.7723928],[36.1317714,33.7719999],[36.1313094,33.7716999],[36.1308619,33.7715874],[36.1297307,33.7713032],[36.129461,33.7712354],[36.1275593,33.7709593],[36.1260144,33.770735],[36.1255762,33.7705361],[36.1252582,33.7701431],[36.1250997,33.7698309],[36.1251205,33.768252],[36.1251452,33.7663726],[36.1249658,33.765653],[36.1247148,33.7654962],[36.1236788,33.7653515],[36.1233461,33.7652386],[36.1230697,33.7650305],[36.1229202,33.7646984],[36.1229726,33.7645179],[36.1237181,33.7637783],[36.1242219,33.7629469],[36.1243377,33.7626599],[36.1243372,33.7623706],[36.1242716,33.7622453],[36.1239528,33.7619275],[36.1229544,33.7611441],[36.1210648,33.760062],[36.1199145,33.7593143],[36.1181641,33.7579719],[36.1178257,33.7576415],[36.1176106,33.7573522],[36.1174375,33.7569642],[36.1172717,33.7563401],[36.1163464,33.7524036],[36.1162908,33.7521671],[36.1162592,33.751397],[36.1169917,33.7494792],[36.1173271,33.7488226],[36.11749,33.748125],[36.1170367,33.747161],[36.1162137,33.7460125],[36.1154355,33.7448113],[36.1149607,33.7440784],[36.114398,33.7430257],[36.1144062,33.7427239],[36.1145459,33.7422227],[36.1145834,33.7420369],[36.1145348,33.7419262],[36.1145239,33.7419015],[36.1144008,33.7418032],[36.1139878,33.7416222],[36.1135709,33.7414394],[36.1131884,33.7412043],[36.1128486,33.7409273],[36.1126713,33.7406338],[36.1124741,33.7402669],[36.1123197,33.7399311],[36.112247,33.7394956],[36.1121899,33.7391244],[36.1120793,33.7389081],[36.1118114,33.7385347],[36.1112867,33.7378471],[36.110867,33.7372285],[36.110537,33.736566],[36.1102903,33.7359928],[36.110106,33.7352789],[36.1100305,33.7350314],[36.109785,33.734658],[36.1095977,33.7344765],[36.1086522,33.7335051],[36.1081171,33.7328467],[36.1079418,33.7326649],[36.1077424,33.7325061],[36.1074345,33.7322946],[36.107172,33.7320276],[36.1069034,33.7317543],[36.1064388,33.731256],[36.1060095,33.7307955],[36.1056769,33.730452],[36.1056346,33.7298724],[36.1055101,33.7296071],[36.1054186,33.729412],[36.1048744,33.7285375],[36.1047807,33.7281941],[36.1046296,33.7276402],[36.1044167,33.7272152],[36.1041247,33.7268839],[36.1040572,33.7267713],[36.1041563,33.726047]]},"properties":{"technical_code":"SY-RD-ZA-ZAB-RD-OSM-26591502","osm_way_id":26591502,"name_ar":"طريق الى سرغايا","name_en":null,"highway":"secondary","surface":"asphalt","source":"OpenStreetMap contributors","quality_level":"D","official_status":"IMPORTED_UNVERIFIED"}},{"type":"Feature","id":"osm-way-32614488","geometry":{"type":"LineString","coordinates":[[36.1111393,33.7094133],[36.1113309,33.7096886],[36.1116097,33.7102816],[36.1117912,33.7105714],[36.1119104,33.7107068],[36.1120808,33.7109819],[36.1124917,33.7115774],[36.1128579,33.7118927],[36.113156,33.712106],[36.1132524,33.7123366],[36.1133035,33.7124742],[36.1133501,33.7130618],[36.1132644,33.7139982],[36.1132366,33.7144175],[36.113216,33.7146278],[36.1132909,33.7148311],[36.1134328,33.7150174],[36.1136737,33.7152288],[36.1140342,33.7154668],[36.114596,33.7158061],[36.1147988,33.7160805],[36.1149455,33.7163547],[36.1149675,33.7164973],[36.1149668,33.7166543],[36.1149224,33.7167985],[36.1148991,33.7168798],[36.114874,33.7169546],[36.1148351,33.7171319],[36.1148267,33.7172953],[36.1150088,33.7188022],[36.1150127,33.7188926],[36.1150808,33.7191345],[36.1151346,33.7192804],[36.1152462,33.7195747],[36.1153687,33.7198199],[36.1156332,33.7201327],[36.1159948,33.7205447],[36.1164065,33.7209173],[36.1167839,33.7213404],[36.1168743,33.7214418],[36.1173944,33.7221898],[36.1185204,33.7236008],[36.1188659,33.7240306]]},"properties":{"technical_code":"SY-RD-ZA-ZAB-RD-OSM-32614488","osm_way_id":32614488,"name_ar":null,"name_en":null,"highway":"secondary","surface":null,"source":"OpenStreetMap contributors","quality_level":"D","official_status":"IMPORTED_UNVERIFIED"}},{"type":"Feature","id":"osm-way-32614489","geometry":{"type":"LineString","coordinates":[[36.1198796,33.7297059],[36.1196894,33.7297758],[36.1194467,33.7297763],[36.1192253,33.7297236],[36.1190322,33.7296207],[36.1188747,33.7294805],[36.1186829,33.7291644],[36.1185514,33.7289129],[36.1184292,33.728576],[36.1184484,33.7284099],[36.1185364,33.7282053],[36.1187522,33.7278577],[36.1189539,33.7275952],[36.1191307,33.7273851]]},"properties":{"technical_code":"SY-RD-ZA-ZAB-RD-OSM-32614489","osm_way_id":32614489,"name_ar":null,"name_en":null,"highway":"secondary","surface":null,"source":"OpenStreetMap contributors","quality_level":"D","official_status":"IMPORTED_UNVERIFIED"}},{"type":"Feature","id":"osm-way-32614501","geometry":{"type":"LineString","coordinates":[[36.0767607,33.6404435],[36.0767929,33.6410989],[36.0767528,33.6417497],[36.0767366,33.6430798],[36.0759593,33.6465996],[36.0758224,33.6473672],[36.0759393,33.6481738],[36.0761335,33.6490049],[36.0761481,33.6491161],[36.0763176,33.6503552],[36.0763818,33.6507007],[36.0762217,33.6521034],[36.0760935,33.6533477],[36.0760811,33.6540119],[36.0761288,33.6566583],[36.0761409,33.6577889],[36.0761494,33.6588008],[36.0761937,33.6635925],[36.0762194,33.666415],[36.0762237,33.6668871],[36.076382,33.6675692],[36.0764872,33.6681155],[36.0767364,33.6690198],[36.0769711,33.6698715],[36.0772559,33.6704861],[36.0791591,33.6739237],[36.0800482,33.6755091],[36.0816061,33.6782869],[36.0820786,33.6789631],[36.0850813,33.6829339],[36.0851941,33.6830874],[36.0853488,33.6832892],[36.0855964,33.6836262],[36.0880238,33.686875],[36.0890109,33.6881912],[36.0896112,33.6888363],[36.0898267,33.6890318],[36.0904731,33.6895284],[36.0910534,33.6899954],[36.0915439,33.6904489],[36.0916502,33.6905471],[36.0929366,33.6920527],[36.0934423,33.6926406],[36.0938644,33.6931387],[36.0940479,33.6933534],[36.0949715,33.6944344],[36.0958833,33.6955015],[36.0964069,33.6959854],[36.097228,33.6965329],[36.0976289,33.6968247],[36.0977647,33.6969532],[36.0979906,33.6971671],[36.0983605,33.6975335],[36.0987313,33.6979587],[36.0990721,33.6983506],[36.0992725,33.6985507],[36.0994663,33.6988004],[36.0996782,33.6991635],[36.100043,33.6997886],[36.100353,33.700471],[36.1009208,33.702114],[36.1009873,33.7022614],[36.1011896,33.7026331],[36.1014575,33.7030098],[36.1018473,33.7035405],[36.1021567,33.7039649],[36.1022528,33.7040836],[36.1023,33.7041438],[36.1024185,33.7042854],[36.1025017,33.7043815],[36.1026406,33.704542],[36.1028043,33.7047011],[36.1033646,33.7052276],[36.1036192,33.7054464],[36.1041197,33.7058718],[36.1046893,33.7063251],[36.1053425,33.7068837],[36.105532,33.7070698],[36.1056382,33.7072334],[36.1057717,33.7075708],[36.1058179,33.7079182],[36.1058081,33.7079802],[36.1057646,33.7082567],[36.1057249,33.7084034],[36.1056252,33.7086878],[36.1054867,33.7091193],[36.1050757,33.71036],[36.1048648,33.7110051],[36.1046276,33.7117139],[36.1042869,33.7125708],[36.1041276,33.7130093],[36.1039688,33.7134091],[36.1038411,33.7137503],[36.1035059,33.7146172],[36.1033828,33.7148811],[36.1033618,33.715024],[36.1033471,33.7151777]]},"properties":{"technical_code":"SY-RD-ZA-ZAB-RD-OSM-32614501","osm_way_id":32614501,"name_ar":null,"name_en":null,"highway":"primary","surface":null,"source":"OpenStreetMap contributors","quality_level":"D","official_status":"IMPORTED_UNVERIFIED"}},{"type":"Feature","id":"osm-way-40666253","geometry":{"type":"LineString","coordinates":[[36.1031163,33.7151449],[36.103329,33.7147221],[36.1033941,33.7145886],[36.1037813,33.7136754],[36.1040366,33.7129813],[36.1045384,33.711683],[36.1047793,33.7109796],[36.1049933,33.7103318],[36.1053997,33.7091071],[36.1054682,33.7088906],[36.1055424,33.708656],[36.105673,33.7082451],[36.1057266,33.707917],[36.1056993,33.7076455],[36.1055352,33.7072577],[36.105441,33.7071102],[36.1052979,33.7069732],[36.1046275,33.7063882],[36.1033017,33.7052874],[36.1025506,33.704539],[36.1024328,33.7043981],[36.1022978,33.7042266],[36.1021645,33.7040547],[36.1020817,33.7039381],[36.1017972,33.7035593],[36.1014711,33.7031324],[36.1013512,33.7029829],[36.1012389,33.7028293],[36.1011345,33.7026719],[36.1010382,33.702511],[36.1009501,33.7023469],[36.1008703,33.7021798],[36.1007991,33.7020101],[36.1007365,33.701838],[36.1006827,33.7016639],[36.1003048,33.7007019],[36.0997636,33.6995346],[36.0993527,33.6988092],[36.0988418,33.6982337],[36.0987013,33.6980754],[36.0979797,33.6973167],[36.0974986,33.6968914],[36.0970376,33.6965245],[36.0966868,33.6962827],[36.0964348,33.6961648],[36.0962458,33.6959909],[36.095875,33.6956407],[36.0951534,33.6948068],[36.0940631,33.6935365],[36.0926479,33.6918883],[36.0920414,33.6911626],[36.0917559,33.690821],[36.091233,33.6903237],[36.0909141,33.6900204],[36.0902025,33.6894367],[36.0895611,33.688928],[36.0890199,33.6883943],[36.088629,33.6879023],[36.0873462,33.6861594],[36.0864743,33.6849836],[36.0861691,33.6845766],[36.0851519,33.6832169],[36.0850612,33.6830989],[36.0842794,33.6820564],[36.0839959,33.6816828],[36.0827862,33.6800882],[36.0820144,33.6790374],[36.0818959,33.6788716],[36.0813931,33.6781534],[36.0808118,33.6771359],[36.0802927,33.6762039],[36.0797294,33.6751926],[36.0792633,33.6742975],[36.0790762,33.6739382],[36.0787101,33.6732748],[36.0785763,33.6730323],[36.0785387,33.6729652],[36.0785204,33.6729324],[36.0780607,33.6721103],[36.0772842,33.670734],[36.0770234,33.6702717],[36.0769431,33.6700786],[36.0768813,33.6699297],[36.0765751,33.6687348],[36.0764382,33.6682005],[36.0762172,33.6673379],[36.0761468,33.6668877],[36.0761368,33.6660156],[36.0760713,33.6636488],[36.0760613,33.6626561],[36.0760381,33.6603242],[36.0760312,33.6596365],[36.0760155,33.6577857],[36.0760112,33.6572757],[36.0760012,33.6560327],[36.0759912,33.6538887],[36.076031,33.6529961],[36.0762743,33.651118],[36.0762928,33.6507949],[36.0762114,33.6501815],[36.0760963,33.649582],[36.0760013,33.6490347],[36.0758791,33.6483302],[36.0757531,33.6474494],[36.0758033,33.6469225],[36.0760513,33.6456877],[36.0763572,33.6443994],[36.0764372,33.6440661],[36.0765054,33.6437255],[36.0766892,33.6430674],[36.0767011,33.6420191],[36.07672,33.6407298],[36.0766955,33.6404492],[36.0766392,33.6401799],[36.0765526,33.6399037],[36.0762466,33.6390975],[36.07602,33.6385464],[36.0758837,33.6381719],[36.0756792,33.6374295],[36.0754875,33.6366531],[36.0751461,33.6355298],[36.0751067,33.6353527],[36.0749975,33.6348347],[36.0746615,33.6335736],[36.0744077,33.6323376],[36.0743871,33.63178],[36.0743986,33.6312185],[36.0743976,33.6310942],[36.0744539,33.6298832],[36.0743062,33.6281745],[36.0741054,33.626878],[36.0738798,33.6257696],[36.0734988,33.6238984],[36.0733831,33.6230322],[36.0729583,33.6202102],[36.0723217,33.6168162],[36.0722054,33.6162888],[36.0717192,33.615441],[36.070489,33.6139147],[36.0701892,33.6135235],[36.0686543,33.6124481],[36.0681683,33.6121466],[36.0680601,33.6120795],[36.0678131,33.6119263],[36.0672295,33.6116117],[36.0664201,33.6114251],[36.0641127,33.6110685],[36.0637963,33.6110185],[36.0634186,33.6109255],[36.062938,33.6105681],[36.0598738,33.608438],[36.0581486,33.6072156],[36.0570843,33.6064721],[36.0557368,33.6055214],[36.0540974,33.6043633],[36.0536608,33.6040622],[36.053253,33.6037557],[36.0528615,33.603439],[36.0524924,33.6030908],[36.0522688,33.6028943],[36.0520016,33.6026121],[36.0510792,33.6016375]]},"properties":{"technical_code":"SY-RD-ZA-ZAB-RD-OSM-40666253","osm_way_id":40666253,"name_ar":null,"name_en":null,"highway":"primary","surface":null,"source":"OpenStreetMap contributors","quality_level":"D","official_status":"IMPORTED_UNVERIFIED"}},{"type":"Feature","id":"osm-way-47973829","geometry":{"type":"LineString","coordinates":[[36.1081171,33.7328467],[36.1079782,33.7330196],[36.1078802,33.7333513],[36.1078906,33.7338186],[36.1081423,33.7345394],[36.1082612,33.7347893],[36.1083926,33.7348546],[36.1087037,33.7347497],[36.1088127,33.7347129],[36.1093348,33.7345526],[36.1095977,33.7344765]]},"properties":{"technical_code":"SY-RD-ZA-ZAB-RD-OSM-47973829","osm_way_id":47973829,"name_ar":null,"name_en":null,"highway":"residential","surface":null,"source":"OpenStreetMap contributors","quality_level":"D","official_status":"IMPORTED_UNVERIFIED"}},{"type":"Feature","id":"osm-way-47973871","geometry":{"type":"LineString","coordinates":[[36.1102297,33.7216506],[36.1104861,33.7213774],[36.110751,33.7211777],[36.1110681,33.7210359],[36.1119707,33.7207906],[36.1120943,33.7207405],[36.1122701,33.7206692],[36.1124923,33.720537],[36.1128095,33.7202685],[36.113037,33.7200526],[36.1131727,33.7199149],[36.1132602,33.719756],[36.1132667,33.7196856],[36.1132892,33.7194409],[36.1131757,33.7190543],[36.1130089,33.7185991],[36.1130017,33.7184763],[36.1130362,33.7183236],[36.113164,33.7180212],[36.1132336,33.7178957],[36.1134823,33.7173487],[36.1136213,33.7170452],[36.113678,33.7168731],[36.1137138,33.716662],[36.1137002,33.7165091],[36.1136358,33.7163393],[36.1135334,33.7161146],[36.11329,33.715527],[36.1127754,33.7151112],[36.1126993,33.7147814],[36.1127098,33.7145183],[36.112845,33.7141536],[36.1129505,33.7138568],[36.1132077,33.7130539],[36.1132246,33.7127987],[36.1131961,33.7125405],[36.113073,33.7122157],[36.1128579,33.7118927]]},"properties":{"technical_code":"SY-RD-ZA-ZAB-RD-OSM-47973871","osm_way_id":47973871,"name_ar":"طريق إلى بلودان","name_en":null,"highway":"secondary","surface":null,"source":"OpenStreetMap contributors","quality_level":"D","official_status":"IMPORTED_UNVERIFIED"}},{"type":"Feature","id":"osm-way-47987230","geometry":{"type":"LineString","coordinates":[[36.1124917,33.7115774],[36.1123141,33.7115166],[36.1118575,33.7112671],[36.1116222,33.7111239],[36.111451,33.7110284],[36.1108353,33.7105846],[36.1105607,33.7104024],[36.1098142,33.7095651],[36.1093457,33.7089918],[36.1090068,33.7085984],[36.1081761,33.7077442],[36.1073548,33.7066547],[36.1069194,33.7061297],[36.1065413,33.7056892],[36.1062178,33.705471],[36.1060191,33.7053535],[36.105949,33.705312]]},"properties":{"technical_code":"SY-RD-ZA-ZAB-RD-OSM-47987230","osm_way_id":47987230,"name_ar":null,"name_en":null,"highway":"secondary","surface":null,"source":"OpenStreetMap contributors","quality_level":"D","official_status":"IMPORTED_UNVERIFIED"}},{"type":"Feature","id":"osm-way-47987231","geometry":{"type":"LineString","coordinates":[[36.105949,33.705312],[36.1050803,33.7050402],[36.1034703,33.7044679]]},"properties":{"technical_code":"SY-RD-ZA-ZAB-RD-OSM-47987231","osm_way_id":47987231,"name_ar":null,"name_en":null,"highway":"secondary","surface":null,"source":"OpenStreetMap contributors","quality_level":"D","official_status":"IMPORTED_UNVERIFIED"}},{"type":"Feature","id":"osm-way-91735074","geometry":{"type":"LineString","coordinates":[[36.0999522,33.7210934],[36.0999913,33.7211297],[36.100017,33.7211734],[36.1000274,33.7212213],[36.1000134,33.7212922],[36.0999837,33.7213363],[36.0999402,33.7213716],[36.0998865,33.7213952],[36.0998269,33.7214053],[36.0997664,33.7214009],[36.0996991,33.7213791],[36.0996617,33.7213516],[36.0996195,33.7212989],[36.0996022,33.7212372],[36.0996122,33.7211744],[36.0996481,33.7211186],[36.0997053,33.7210768],[36.099788,33.721053],[36.0998466,33.7210536],[36.0999027,33.7210674],[36.0999522,33.7210934]]},"properties":{"technical_code":"SY-RD-ZA-ZAB-RD-OSM-91735074","osm_way_id":91735074,"name_ar":null,"name_en":null,"highway":"secondary","surface":null,"source":"OpenStreetMap contributors","quality_level":"D","official_status":"IMPORTED_UNVERIFIED"}},{"type":"Feature","id":"osm-way-91736840","geometry":{"type":"LineString","coordinates":[[36.0926334,33.7235096],[36.0929888,33.7233829],[36.095314,33.7225851],[36.0958676,33.722405],[36.0963699,33.7222285],[36.0971297,33.721966],[36.0973452,33.7218881],[36.0987222,33.7214105]]},"properties":{"technical_code":"SY-RD-ZA-ZAB-RD-OSM-91736840","osm_way_id":91736840,"name_ar":null,"name_en":null,"highway":"secondary","surface":null,"source":"OpenStreetMap contributors","quality_level":"D","official_status":"IMPORTED_UNVERIFIED"}},{"type":"Feature","id":"osm-way-91737210","geometry":{"type":"LineString","coordinates":[[36.0998466,33.7210536],[36.0999476,33.7210058],[36.1000076,33.7209512],[36.1000738,33.7208597],[36.1001788,33.7206945],[36.1006075,33.7199493],[36.1008011,33.7195679],[36.1012115,33.7187872]]},"properties":{"technical_code":"SY-RD-ZA-ZAB-RD-OSM-91737210","osm_way_id":91737210,"name_ar":null,"name_en":null,"highway":"secondary","surface":null,"source":"OpenStreetMap contributors","quality_level":"D","official_status":"IMPORTED_UNVERIFIED"}},{"type":"Feature","id":"osm-way-91737211","geometry":{"type":"LineString","coordinates":[[36.0999837,33.7213363],[36.099945,33.7215067],[36.0998873,33.7217759],[36.0998393,33.7220495],[36.0998203,33.7223948]]},"properties":{"technical_code":"SY-RD-ZA-ZAB-RD-OSM-91737211","osm_way_id":91737211,"name_ar":null,"name_en":null,"highway":"secondary","surface":null,"source":"OpenStreetMap contributors","quality_level":"D","official_status":"IMPORTED_UNVERIFIED"}},{"type":"Feature","id":"osm-way-91737212","geometry":{"type":"LineString","coordinates":[[36.1012115,33.7187872],[36.1014383,33.7183267],[36.1015822,33.7180541],[36.1018346,33.7175716],[36.1023134,33.71663],[36.1028282,33.7156675],[36.1030266,33.7153181]]},"properties":{"technical_code":"SY-RD-ZA-ZAB-RD-OSM-91737212","osm_way_id":91737212,"name_ar":null,"name_en":null,"highway":"secondary","surface":null,"source":"OpenStreetMap contributors","quality_level":"D","official_status":"IMPORTED_UNVERIFIED"}},{"type":"Feature","id":"osm-way-91737477","geometry":{"type":"LineString","coordinates":[[36.0996617,33.7213516],[36.099379,33.7213036],[36.0992664,33.7212992],[36.0987222,33.7214105]]},"properties":{"technical_code":"SY-RD-ZA-ZAB-RD-OSM-91737477","osm_way_id":91737477,"name_ar":null,"name_en":null,"highway":"secondary","surface":null,"source":"OpenStreetMap contributors","quality_level":"D","official_status":"IMPORTED_UNVERIFIED"}},{"type":"Feature","id":"osm-way-91737479","geometry":{"type":"LineString","coordinates":[[36.0987222,33.7214105],[36.0991591,33.7212323],[36.0997053,33.7210768]]},"properties":{"technical_code":"SY-RD-ZA-ZAB-RD-OSM-91737479","osm_way_id":91737479,"name_ar":null,"name_en":null,"highway":"secondary","surface":null,"source":"OpenStreetMap contributors","quality_level":"D","official_status":"IMPORTED_UNVERIFIED"}},{"type":"Feature","id":"osm-way-91737694","geometry":{"type":"LineString","coordinates":[[36.1019115,33.7258614],[36.1019491,33.7258602],[36.1019843,33.7258714],[36.1020115,33.725893],[36.1020264,33.7259217],[36.1020282,33.7259446],[36.1020219,33.7259669],[36.1020082,33.7259868],[36.1019882,33.7260026],[36.1019636,33.7260129],[36.1019364,33.7260169],[36.1018944,33.7260098],[36.1018674,33.7259945],[36.1018483,33.7259724],[36.1018394,33.7259462],[36.1018416,33.7259191],[36.1018548,33.7258942],[36.1018774,33.7258746],[36.1019115,33.7258614]]},"properties":{"technical_code":"SY-RD-ZA-ZAB-RD-OSM-91737694","osm_way_id":91737694,"name_ar":null,"name_en":null,"highway":"secondary","surface":null,"source":"OpenStreetMap contributors","quality_level":"D","official_status":"IMPORTED_UNVERIFIED"}},{"type":"Feature","id":"osm-way-91737695","geometry":{"type":"LineString","coordinates":[[36.1020264,33.7259217],[36.1023033,33.7258658],[36.1027139,33.7257709],[36.1032179,33.7257576],[36.1033908,33.725751],[36.1034286,33.7257495],[36.1041026,33.7257665]]},"properties":{"technical_code":"SY-RD-ZA-ZAB-RD-OSM-91737695","osm_way_id":91737695,"name_ar":null,"name_en":null,"highway":"secondary","surface":null,"source":"OpenStreetMap contributors","quality_level":"D","official_status":"IMPORTED_UNVERIFIED"}},{"type":"Feature","id":"osm-way-91738046","geometry":{"type":"LineString","coordinates":[[36.1033105,33.7151219],[36.1033471,33.7151777],[36.1033576,33.7152303],[36.1033535,33.7152846],[36.1032944,33.7153749],[36.103233,33.7154278],[36.1031523,33.7154551],[36.1030904,33.7154251],[36.1030499,33.7153773],[36.1030266,33.7153181],[36.1030459,33.7152407],[36.1030763,33.7151878],[36.1031163,33.7151449],[36.1031782,33.715113],[36.1032458,33.7151011],[36.1033105,33.7151219]]},"properties":{"technical_code":"SY-RD-ZA-ZAB-RD-OSM-91738046","osm_way_id":91738046,"name_ar":null,"name_en":null,"highway":"secondary","surface":null,"source":"OpenStreetMap contributors","quality_level":"D","official_status":"IMPORTED_UNVERIFIED"}},{"type":"Feature","id":"osm-way-103615852","geometry":{"type":"LineString","coordinates":[[36.0994301,33.7237319],[36.098622,33.7238296],[36.0985005,33.7238011]]},"properties":{"technical_code":"SY-RD-ZA-ZAB-RD-OSM-103615852","osm_way_id":103615852,"name_ar":null,"name_en":null,"highway":"residential","surface":null,"source":"OpenStreetMap contributors","quality_level":"D","official_status":"IMPORTED_UNVERIFIED"}},{"type":"Feature","id":"osm-way-103615861","geometry":{"type":"LineString","coordinates":[[36.0981816,33.7238901],[36.0982638,33.7238603],[36.0985005,33.7238011],[36.098928,33.7235235],[36.0993256,33.7230936],[36.0994436,33.7229538],[36.0996594,33.7225589]]},"properties":{"technical_code":"SY-RD-ZA-ZAB-RD-OSM-103615861","osm_way_id":103615861,"name_ar":null,"name_en":null,"highway":"tertiary","surface":null,"source":"OpenStreetMap contributors","quality_level":"D","official_status":"IMPORTED_UNVERIFIED"}},{"type":"Feature","id":"osm-way-103615876","geometry":{"type":"LineString","coordinates":[[36.1031523,33.7154551],[36.1029144,33.7157103],[36.1025783,33.7163339],[36.1024092,33.7166476],[36.1019159,33.7175908],[36.1015242,33.7183573],[36.1012796,33.71882],[36.1008636,33.719605],[36.1006602,33.7199808],[36.1002589,33.7207794],[36.1000274,33.7212213]]},"properties":{"technical_code":"SY-RD-ZA-ZAB-RD-OSM-103615876","osm_way_id":103615876,"name_ar":null,"name_en":null,"highway":"secondary","surface":null,"source":"OpenStreetMap contributors","quality_level":"D","official_status":"IMPORTED_UNVERIFIED"}},{"type":"Feature","id":"osm-way-128898288","geometry":{"type":"LineString","coordinates":[[36.1264615,33.7231371],[36.1265541,33.7229686],[36.1266628,33.7228046],[36.126652,33.7225771],[36.1266091,33.7224031],[36.1265716,33.7221086],[36.1265944,33.721789],[36.1265984,33.7217338],[36.1266426,33.7213914],[36.1266842,33.7210422],[36.1267939,33.7205364],[36.1268022,33.7204979],[36.1268875,33.719906],[36.1268925,33.7198561],[36.1269197,33.7195803],[36.1269369,33.7193659],[36.1269412,33.7193126],[36.1269734,33.7186879],[36.1270212,33.7185668],[36.1270685,33.7180175],[36.1270567,33.7175947],[36.1270421,33.717387],[36.1268778,33.7171672],[36.1267134,33.7170702],[36.1264818,33.7169225],[36.1260745,33.7167307],[36.1257542,33.716618],[36.125369,33.7165052],[36.1252499,33.7164578],[36.1251412,33.7165526],[36.1249744,33.7167072],[36.1250212,33.7168144],[36.1251107,33.7168822],[36.1253806,33.7171931],[36.1255908,33.7174085],[36.1257649,33.7177238],[36.1258448,33.7179972],[36.1259386,33.7182714],[36.126096,33.7185115],[36.1262562,33.7186859],[36.1263891,33.718812],[36.1262443,33.7188371],[36.1258415,33.7188315],[36.1254987,33.7187711],[36.1252948,33.7188246],[36.1250422,33.7188887],[36.1247584,33.7189763],[36.1244419,33.7190031],[36.1241093,33.7190433],[36.1237762,33.7191341],[36.1232993,33.7192931],[36.1229018,33.7194375],[36.1226389,33.7194732],[36.1223337,33.7194582],[36.1218455,33.7193556],[36.1213359,33.7192218],[36.1212118,33.7191681],[36.1211065,33.7191225],[36.1210403,33.7190939],[36.1208298,33.7191002],[36.1203543,33.7192237],[36.1197034,33.7193858],[36.1193886,33.7195035],[36.1193338,33.7195611],[36.1193306,33.7196859],[36.1193018,33.7198852],[36.1193088,33.7201141],[36.1193385,33.7202818],[36.1194094,33.7203893],[36.1195822,33.7206011]]},"properties":{"technical_code":"SY-RD-ZA-ZAB-RD-OSM-128898288","osm_way_id":128898288,"name_ar":null,"name_en":null,"highway":"residential","surface":null,"source":"OpenStreetMap contributors","quality_level":"D","official_status":"IMPORTED_UNVERIFIED"}},{"type":"Feature","id":"osm-way-128898290","geometry":{"type":"LineString","coordinates":[[36.1191846,33.7246671],[36.1193166,33.7246484],[36.1193697,33.7245552],[36.119304,33.7243078],[36.1192004,33.7240929],[36.1190303,33.7238721],[36.1189522,33.7237276],[36.1188533,33.7234306],[36.1186591,33.7229543],[36.1185048,33.7225581],[36.1184069,33.7222921],[36.1182953,33.7220672],[36.1181686,33.7217505],[36.1180578,33.7215456],[36.117963,33.7214162],[36.1178735,33.7211898],[36.1178069,33.7208343],[36.1177932,33.7206527],[36.11796,33.7205862],[36.1180625,33.7205356],[36.1181743,33.720518],[36.1183692,33.7205094],[36.1185482,33.7205148],[36.1188838,33.7205607],[36.1191342,33.7205994],[36.1194134,33.7206116],[36.1195822,33.7206011],[36.1197084,33.7207732],[36.1199171,33.721087],[36.1200212,33.721221],[36.1202949,33.7216135],[36.1205309,33.7218791],[36.1206426,33.7220373],[36.1206594,33.7220611],[36.1208742,33.7224404],[36.1210262,33.7225982],[36.1210667,33.7226454],[36.1212515,33.7227683],[36.1215049,33.7228629]]},"properties":{"technical_code":"SY-RD-ZA-ZAB-RD-OSM-128898290","osm_way_id":128898290,"name_ar":null,"name_en":null,"highway":"residential","surface":null,"source":"OpenStreetMap contributors","quality_level":"D","official_status":"IMPORTED_UNVERIFIED"}},{"type":"Feature","id":"osm-way-128901548","geometry":{"type":"LineString","coordinates":[[36.1074345,33.7322946],[36.1075453,33.7321604],[36.1078645,33.7319173],[36.1082682,33.731634],[36.1084463,33.731532],[36.1085914,33.7314199],[36.1088219,33.7312282],[36.108924,33.7311109],[36.109109,33.7309046],[36.1093987,33.7305176],[36.1094874,33.7303881],[36.1096231,33.7301982],[36.1100123,33.7296314]]},"properties":{"technical_code":"SY-RD-ZA-ZAB-RD-OSM-128901548","osm_way_id":128901548,"name_ar":null,"name_en":null,"highway":"tertiary","surface":null,"source":"OpenStreetMap contributors","quality_level":"D","official_status":"IMPORTED_UNVERIFIED"}},{"type":"Feature","id":"osm-way-128901551","geometry":{"type":"LineString","coordinates":[[36.1069473,33.7296945],[36.1071263,33.7296771],[36.107158,33.729674],[36.1076445,33.7296377],[36.1086531,33.7296233],[36.1088075,33.7296012],[36.1091246,33.7295812],[36.1099081,33.7295035]]},"properties":{"technical_code":"SY-RD-ZA-ZAB-RD-OSM-128901551","osm_way_id":128901551,"name_ar":null,"name_en":null,"highway":"residential","surface":null,"source":"OpenStreetMap contributors","quality_level":"D","official_status":"IMPORTED_UNVERIFIED"}},{"type":"Feature","id":"osm-way-128901552","geometry":{"type":"LineString","coordinates":[[36.1084613,33.7273154],[36.1086794,33.7273961],[36.1087494,33.7274402],[36.1087696,33.7274733],[36.1087765,33.7275638],[36.1086863,33.7277701],[36.1086544,33.7278864]]},"properties":{"technical_code":"SY-RD-ZA-ZAB-RD-OSM-128901552","osm_way_id":128901552,"name_ar":null,"name_en":null,"highway":"tertiary","surface":null,"source":"OpenStreetMap contributors","quality_level":"D","official_status":"IMPORTED_UNVERIFIED"}},{"type":"Feature","id":"osm-way-128901555","geometry":{"type":"LineString","coordinates":[[36.1128955,33.7226289],[36.1128762,33.7226993],[36.1128161,33.7230054],[36.1127292,33.7233052],[36.1125994,33.7236434],[36.1123794,33.7239763],[36.1119443,33.7246519],[36.1118037,33.724778],[36.1114005,33.7248988],[36.111106,33.7250043],[36.1109021,33.7251069],[36.1106827,33.7253016],[36.1102974,33.7257352],[36.1097985,33.7263672],[36.1093685,33.7268566],[36.1090459,33.7272121],[36.1087696,33.7274733]]},"properties":{"technical_code":"SY-RD-ZA-ZAB-RD-OSM-128901555","osm_way_id":128901555,"name_ar":null,"name_en":null,"highway":"residential","surface":null,"source":"OpenStreetMap contributors","quality_level":"D","official_status":"IMPORTED_UNVERIFIED"}},{"type":"Feature","id":"osm-way-128901560","geometry":{"type":"LineString","coordinates":[[36.1099709,33.7293904],[36.1095127,33.7288635],[36.1089387,33.7282255],[36.1086544,33.7278864]]},"properties":{"technical_code":"SY-RD-ZA-ZAB-RD-OSM-128901560","osm_way_id":128901560,"name_ar":null,"name_en":null,"highway":"tertiary","surface":null,"source":"OpenStreetMap contributors","quality_level":"D","official_status":"IMPORTED_UNVERIFIED"}},{"type":"Feature","id":"osm-way-128901562","geometry":{"type":"LineString","coordinates":[[36.1179256,33.724335],[36.1179116,33.724444],[36.1178759,33.7245529],[36.1175224,33.7247718],[36.1171333,33.7250279],[36.1168227,33.7251528],[36.1161236,33.7254346],[36.1158418,33.7255891],[36.115736,33.7256471],[36.1149943,33.7258917]]},"properties":{"technical_code":"SY-RD-ZA-ZAB-RD-OSM-128901562","osm_way_id":128901562,"name_ar":null,"name_en":null,"highway":"residential","surface":null,"source":"OpenStreetMap contributors","quality_level":"D","official_status":"IMPORTED_UNVERIFIED"}},{"type":"Feature","id":"osm-way-128901565","geometry":{"type":"LineString","coordinates":[[36.1160719,33.7224582],[36.1160262,33.7223034],[36.1159708,33.722183],[36.1158465,33.7220579],[36.1157064,33.7220106],[36.1155294,33.7220245],[36.1153841,33.7220821],[36.1150026,33.7222456],[36.1146039,33.7224189],[36.1143059,33.7225008],[36.1138061,33.7225415],[36.1130897,33.7226083],[36.1128955,33.7226289],[36.1124992,33.7224871],[36.1122743,33.7224066],[36.1116181,33.7222651],[36.1112629,33.7222748],[36.1108259,33.7223656],[36.1106465,33.7224547],[36.110589,33.7225675],[36.1106208,33.7230305],[36.1105609,33.7231433],[36.1103423,33.7231778],[36.109848,33.723212],[36.1094917,33.7232496],[36.1089991,33.723307]]},"properties":{"technical_code":"SY-RD-ZA-ZAB-RD-OSM-128901565","osm_way_id":128901565,"name_ar":null,"name_en":null,"highway":"tertiary","surface":null,"source":"OpenStreetMap contributors","quality_level":"D","official_status":"IMPORTED_UNVERIFIED"}},{"type":"Feature","id":"osm-way-128901568","geometry":{"type":"LineString","coordinates":[[36.1041563,33.726047],[36.104493,33.7260605],[36.1051718,33.7261984],[36.1052368,33.7262116],[36.1057283,33.726331],[36.1060419,33.7263963],[36.1067874,33.7266844],[36.1070954,33.7267802],[36.1076712,33.7270018],[36.1077824,33.7270425],[36.1082566,33.7272289],[36.1084613,33.7273154]]},"properties":{"technical_code":"SY-RD-ZA-ZAB-RD-OSM-128901568","osm_way_id":128901568,"name_ar":null,"name_en":null,"highway":"tertiary","surface":null,"source":"OpenStreetMap contributors","quality_level":"D","official_status":"IMPORTED_UNVERIFIED"}},{"type":"Feature","id":"osm-way-128901572","geometry":{"type":"LineString","coordinates":[[36.1041654,33.7258284],[36.104142,33.7258196],[36.1041227,33.7258054],[36.1041091,33.7257872],[36.1041026,33.7257665],[36.1041036,33.7257451],[36.1041121,33.7257249],[36.1041273,33.7257076],[36.1041577,33.725691],[36.1041936,33.7256861],[36.104229,33.725694],[36.1042452,33.7257028],[36.1042586,33.7257144],[36.1042736,33.7257396],[36.1042759,33.7257677],[36.1042653,33.7257944],[36.1042433,33.7258157],[36.1042163,33.7258277],[36.1041909,33.7258312],[36.1041654,33.7258284]]},"properties":{"technical_code":"SY-RD-ZA-ZAB-RD-OSM-128901572","osm_way_id":128901572,"name_ar":null,"name_en":null,"highway":"secondary","surface":null,"source":"OpenStreetMap contributors","quality_level":"D","official_status":"IMPORTED_UNVERIFIED"}},{"type":"Feature","id":"osm-way-128901577","geometry":{"type":"LineString","coordinates":[[36.1188659,33.7240306],[36.1187032,33.7240565],[36.1183574,33.7241732],[36.1180357,33.724321],[36.1179256,33.724335],[36.1177364,33.7242547],[36.1175499,33.7240666],[36.1173488,33.7238815],[36.1171673,33.7237342],[36.116722,33.7234531],[36.1164741,33.7232726],[36.116348,33.7230997],[36.1162522,33.7229904],[36.1161827,33.7227756],[36.1161146,33.7225824],[36.1160719,33.7224582],[36.1158815,33.7224977],[36.1157391,33.7225432],[36.1153468,33.722742],[36.1147794,33.7230699],[36.1140453,33.723723],[36.1134681,33.7242053],[36.1133525,33.7243471],[36.1132161,33.7245308],[36.1130531,33.7248459],[36.113041,33.7251171],[36.1130197,33.7252908],[36.1129593,33.7256133],[36.1128556,33.7259509],[36.1127249,33.7261575],[36.1121848,33.7269203],[36.1116265,33.7276816],[36.1112096,33.7281388],[36.1111934,33.7281566],[36.1106207,33.7288203],[36.1101953,33.7293963]]},"properties":{"technical_code":"SY-RD-ZA-ZAB-RD-OSM-128901577","osm_way_id":128901577,"name_ar":null,"name_en":null,"highway":"tertiary","surface":null,"source":"OpenStreetMap contributors","quality_level":"D","official_status":"IMPORTED_UNVERIFIED"}},{"type":"Feature","id":"osm-way-128901581","geometry":{"type":"LineString","coordinates":[[36.1127249,33.7261575],[36.1126676,33.7258923],[36.1125733,33.7257057],[36.1124998,33.7254967],[36.1124067,33.725247],[36.1122963,33.7251129],[36.1121735,33.7250043],[36.1120066,33.7248853],[36.1118511,33.724805],[36.1118037,33.724778]]},"properties":{"technical_code":"SY-RD-ZA-ZAB-RD-OSM-128901581","osm_way_id":128901581,"name_ar":null,"name_en":null,"highway":"residential","surface":null,"source":"OpenStreetMap contributors","quality_level":"D","official_status":"IMPORTED_UNVERIFIED"}},{"type":"Feature","id":"osm-way-128901583","geometry":{"type":"LineString","coordinates":[[36.1225736,33.7247553],[36.1224485,33.724691],[36.1222645,33.7246011],[36.1219147,33.7244148],[36.1216607,33.7242199],[36.1213461,33.7240055],[36.1211111,33.7238536],[36.1209447,33.7238085],[36.1206393,33.7237885],[36.1203579,33.7237543],[36.1202266,33.723639],[36.1201635,33.7234743],[36.1201211,33.7232132],[36.1200819,33.7229472],[36.1200291,33.7227091],[36.1199299,33.7221771],[36.1198178,33.7218498]]},"properties":{"technical_code":"SY-RD-ZA-ZAB-RD-OSM-128901583","osm_way_id":128901583,"name_ar":null,"name_en":null,"highway":"residential","surface":null,"source":"OpenStreetMap contributors","quality_level":"D","official_status":"IMPORTED_UNVERIFIED"}},{"type":"Feature","id":"osm-way-128901587","geometry":{"type":"LineString","coordinates":[[36.1101953,33.7293963],[36.1102326,33.729438],[36.1102493,33.729488],[36.1102434,33.7295397],[36.1102155,33.7295861],[36.1101695,33.7296212],[36.1101194,33.7296387],[36.1100652,33.7296422],[36.1100123,33.7296314],[36.1099584,33.7296012],[36.1099219,33.7295564],[36.1099081,33.7295035],[36.1099238,33.729441],[36.1099709,33.7293904],[36.1100242,33.7293659],[36.1100844,33.7293584],[36.110144,33.729369],[36.1101953,33.7293963]]},"properties":{"technical_code":"SY-RD-ZA-ZAB-RD-OSM-128901587","osm_way_id":128901587,"name_ar":null,"name_en":null,"highway":"tertiary","surface":null,"source":"OpenStreetMap contributors","quality_level":"D","official_status":"IMPORTED_UNVERIFIED"}},{"type":"Feature","id":"osm-way-128901590","geometry":{"type":"LineString","coordinates":[[36.1218719,33.7269476],[36.121749,33.7268692],[36.1216738,33.72678],[36.1215054,33.7266309],[36.1214078,33.726573],[36.121311,33.7265021],[36.1211696,33.726374],[36.1210569,33.7262535],[36.1207404,33.7256512],[36.1207056,33.7255332],[36.1207249,33.7253288],[36.1207576,33.7252649],[36.120734,33.7250916],[36.1207226,33.7248494],[36.1206129,33.7247277],[36.1205259,33.7246473],[36.1199544,33.7244274],[36.1192004,33.7240929]]},"properties":{"technical_code":"SY-RD-ZA-ZAB-RD-OSM-128901590","osm_way_id":128901590,"name_ar":null,"name_en":null,"highway":"residential","surface":null,"source":"OpenStreetMap contributors","quality_level":"D","official_status":"IMPORTED_UNVERIFIED"}},{"type":"Feature","id":"osm-way-128901594","geometry":{"type":"LineString","coordinates":[[36.1086544,33.7278864],[36.1086024,33.7278098],[36.108587,33.7277385],[36.1086003,33.7274799],[36.1085482,33.7273997],[36.1084613,33.7273154]]},"properties":{"technical_code":"SY-RD-ZA-ZAB-RD-OSM-128901594","osm_way_id":128901594,"name_ar":null,"name_en":null,"highway":"tertiary","surface":null,"source":"OpenStreetMap contributors","quality_level":"D","official_status":"IMPORTED_UNVERIFIED"}},{"type":"Feature","id":"osm-way-128901595","geometry":{"type":"LineString","coordinates":[[36.1136484,33.7337399],[36.1135712,33.7336888],[36.1127077,33.7327146],[36.1118025,33.7316213],[36.1117446,33.7315359],[36.1101695,33.7296212]]},"properties":{"technical_code":"SY-RD-ZA-ZAB-RD-OSM-128901595","osm_way_id":128901595,"name_ar":null,"name_en":null,"highway":"tertiary","surface":null,"source":"OpenStreetMap contributors","quality_level":"D","official_status":"IMPORTED_UNVERIFIED"}},{"type":"Feature","id":"osm-way-128909055","geometry":{"type":"LineString","coordinates":[[36.114207,33.7380697],[36.1140627,33.7377801],[36.113987,33.7375271],[36.1139624,33.7372236],[36.1139543,33.7368628],[36.1139432,33.7365786],[36.1140129,33.7363287],[36.114029,33.7361146],[36.1139768,33.7360232],[36.1139008,33.73589],[36.1137131,33.7355286],[36.1136648,33.7352342],[36.1136058,33.7345784],[36.113655,33.7341048],[36.1136784,33.7338947],[36.1136484,33.7337399]]},"properties":{"technical_code":"SY-RD-ZA-ZAB-RD-OSM-128909055","osm_way_id":128909055,"name_ar":null,"name_en":null,"highway":"unclassified","surface":null,"source":"OpenStreetMap contributors","quality_level":"D","official_status":"IMPORTED_UNVERIFIED"}},{"type":"Feature","id":"osm-way-128909056","geometry":{"type":"LineString","coordinates":[[36.110633,33.7340266],[36.1105158,33.73411],[36.1101349,33.7344022],[36.109785,33.734658]]},"properties":{"technical_code":"SY-RD-ZA-ZAB-RD-OSM-128909056","osm_way_id":128909056,"name_ar":null,"name_en":null,"highway":"residential","surface":null,"source":"OpenStreetMap contributors","quality_level":"D","official_status":"IMPORTED_UNVERIFIED"}},{"type":"Feature","id":"osm-way-128909057","geometry":{"type":"LineString","coordinates":[[36.1100305,33.7350314],[36.1100851,33.7350247],[36.1101562,33.7350325],[36.1102128,33.7350591],[36.1103657,33.7352402],[36.1104247,33.7353279]]},"properties":{"technical_code":"SY-RD-ZA-ZAB-RD-OSM-128909057","osm_way_id":128909057,"name_ar":null,"name_en":null,"highway":"residential","surface":null,"source":"OpenStreetMap contributors","quality_level":"D","official_status":"IMPORTED_UNVERIFIED"}},{"type":"Feature","id":"osm-way-128909058","geometry":{"type":"LineString","coordinates":[[36.1083926,33.7348546],[36.1084452,33.7349955],[36.1084917,33.735239],[36.1086383,33.7355866],[36.10881,33.7358766],[36.1089638,33.7359755],[36.1092606,33.7361665],[36.1093464,33.7361665],[36.1095872,33.7359696],[36.1097053,33.7358358],[36.109789,33.7356133],[36.1098958,33.7354008],[36.110106,33.7352789]]},"properties":{"technical_code":"SY-RD-ZA-ZAB-RD-OSM-128909058","osm_way_id":128909058,"name_ar":null,"name_en":null,"highway":"residential","surface":null,"source":"OpenStreetMap contributors","quality_level":"D","official_status":"IMPORTED_UNVERIFIED"}},{"type":"Feature","id":"osm-way-128909059","geometry":{"type":"LineString","coordinates":[[36.1212389,33.7427988],[36.1208324,33.742733],[36.1205715,33.7425858],[36.1203827,33.742406],[36.1201235,33.7420741],[36.1199394,33.741763],[36.1197959,33.7415729],[36.1195871,33.7414439],[36.1193832,33.741319],[36.1189326,33.7411405],[36.1187051,33.7409547],[36.1186494,33.7408046],[36.1185762,33.7405716],[36.118561,33.7404275],[36.1184284,33.7403561],[36.1182658,33.740345],[36.1180112,33.7403586],[36.1173207,33.7403206],[36.1169795,33.7402934],[36.1169238,33.740289],[36.1169024,33.7402873],[36.1164019,33.7402466],[36.1158967,33.7401068],[36.1155155,33.7399584],[36.1152741,33.7398112],[36.1147239,33.7393822],[36.1145875,33.7392759],[36.1139621,33.7388223],[36.1139401,33.7387675],[36.1139334,33.7386902]]},"properties":{"technical_code":"SY-RD-ZA-ZAB-RD-OSM-128909059","osm_way_id":128909059,"name_ar":null,"name_en":null,"highway":"unclassified","surface":null,"source":"OpenStreetMap contributors","quality_level":"D","official_status":"IMPORTED_UNVERIFIED"}},{"type":"Feature","id":"osm-way-128909060","geometry":{"type":"LineString","coordinates":[[36.1117255,33.7331601],[36.1108343,33.7320186]]},"properties":{"technical_code":"SY-RD-ZA-ZAB-RD-OSM-128909060","osm_way_id":128909060,"name_ar":null,"name_en":null,"highway":"residential","surface":null,"source":"OpenStreetMap contributors","quality_level":"D","official_status":"IMPORTED_UNVERIFIED"}},{"type":"Feature","id":"osm-way-128909061","geometry":{"type":"LineString","coordinates":[[36.1127077,33.7327146],[36.1125168,33.7327573],[36.1122655,33.732852],[36.1118755,33.7330836],[36.1117255,33.7331601],[36.1116027,33.7333093],[36.1113878,33.7336172],[36.1112957,33.733866]]},"properties":{"technical_code":"SY-RD-ZA-ZAB-RD-OSM-128909061","osm_way_id":128909061,"name_ar":null,"name_en":null,"highway":"residential","surface":null,"source":"OpenStreetMap contributors","quality_level":"D","official_status":"IMPORTED_UNVERIFIED"}},{"type":"Feature","id":"osm-way-128909063","geometry":{"type":"LineString","coordinates":[[36.1088714,33.7333708],[36.1090767,33.7331953],[36.1093579,33.7329996],[36.1099499,33.732582],[36.1104529,33.7322579],[36.1108343,33.7320186],[36.1110469,33.7318816],[36.1117446,33.7315359]]},"properties":{"technical_code":"SY-RD-ZA-ZAB-RD-OSM-128909063","osm_way_id":128909063,"name_ar":null,"name_en":null,"highway":"residential","surface":null,"source":"OpenStreetMap contributors","quality_level":"D","official_status":"IMPORTED_UNVERIFIED"}},{"type":"Feature","id":"osm-way-128909065","geometry":{"type":"LineString","coordinates":[[36.1079771,33.7247812],[36.1078658,33.7250843],[36.1076199,33.7254034],[36.1072663,33.7258989],[36.1068701,33.7265026],[36.1067874,33.7266844]]},"properties":{"technical_code":"SY-RD-ZA-ZAB-RD-OSM-128909065","osm_way_id":128909065,"name_ar":null,"name_en":null,"highway":"residential","surface":null,"source":"OpenStreetMap contributors","quality_level":"D","official_status":"IMPORTED_UNVERIFIED"}},{"type":"Feature","id":"osm-way-128909066","geometry":{"type":"LineString","coordinates":[[36.114207,33.7380697],[36.1142815,33.7381942],[36.1143642,33.738294],[36.1144403,33.7384443],[36.1144521,33.7385244],[36.1143947,33.738627],[36.1142646,33.7387028],[36.1141023,33.7387239],[36.1139334,33.7386902],[36.1138557,33.7386115],[36.1138235,33.7384148],[36.1137744,33.7382059],[36.1136529,33.7380266],[36.1133644,33.7377056],[36.1131069,33.7374067],[36.1129459,33.7372417],[36.1127367,33.7371168],[36.11249,33.7369205],[36.1122325,33.736635],[36.1119321,33.736229],[36.1117336,33.7360907],[36.1115029,33.7360015],[36.1111274,33.7358409],[36.1108426,33.7356997],[36.1104247,33.7353279]]},"properties":{"technical_code":"SY-RD-ZA-ZAB-RD-OSM-128909066","osm_way_id":128909066,"name_ar":null,"name_en":null,"highway":"unclassified","surface":null,"source":"OpenStreetMap contributors","quality_level":"D","official_status":"IMPORTED_UNVERIFIED"}},{"type":"Feature","id":"osm-way-128909067","geometry":{"type":"LineString","coordinates":[[36.1084463,33.731532],[36.1085118,33.7315863],[36.1085979,33.7316981],[36.1086883,33.7318204],[36.1087573,33.7319202],[36.1087897,33.7320876],[36.1087748,33.7323162],[36.1087404,33.7326165],[36.1087374,33.7328737],[36.1087275,33.7330145],[36.1087277,33.733112],[36.1087589,33.7331996],[36.1088271,33.7333217],[36.1088714,33.7333708],[36.108866,33.733441],[36.1088003,33.7334722],[36.1086522,33.7335051]]},"properties":{"technical_code":"SY-RD-ZA-ZAB-RD-OSM-128909067","osm_way_id":128909067,"name_ar":null,"name_en":null,"highway":"residential","surface":null,"source":"OpenStreetMap contributors","quality_level":"D","official_status":"IMPORTED_UNVERIFIED"}},{"type":"Feature","id":"osm-way-128909068","geometry":{"type":"LineString","coordinates":[[36.1123668,33.734563],[36.1122525,33.7343804],[36.1121037,33.7342617],[36.1118731,33.7341323],[36.1115775,33.7339777],[36.1112957,33.733866],[36.1107573,33.7336728],[36.1104461,33.7336193],[36.1103547,33.7336098],[36.1102315,33.733597],[36.1098292,33.7335657],[36.1094738,33.7335602],[36.1091327,33.7335413],[36.1089921,33.7335068],[36.108866,33.733441]]},"properties":{"technical_code":"SY-RD-ZA-ZAB-RD-OSM-128909068","osm_way_id":128909068,"name_ar":null,"name_en":null,"highway":"residential","surface":null,"source":"OpenStreetMap contributors","quality_level":"D","official_status":"IMPORTED_UNVERIFIED"}},{"type":"Feature","id":"osm-way-128909069","geometry":{"type":"LineString","coordinates":[[36.1103547,33.7336098],[36.1104193,33.733704],[36.110633,33.7340266],[36.1107036,33.7341368],[36.1112079,33.734961]]},"properties":{"technical_code":"SY-RD-ZA-ZAB-RD-OSM-128909069","osm_way_id":128909069,"name_ar":null,"name_en":null,"highway":"residential","surface":null,"source":"OpenStreetMap contributors","quality_level":"D","official_status":"IMPORTED_UNVERIFIED"}},{"type":"Feature","id":"osm-way-128909070","geometry":{"type":"LineString","coordinates":[[36.1136484,33.7337399],[36.1135185,33.7338959],[36.113378,33.7339918],[36.1129519,33.73423],[36.1125571,33.7344712],[36.1124606,33.7345212],[36.1123668,33.734563],[36.1117432,33.7348108],[36.1112079,33.734961],[36.1109424,33.7350276],[36.110514,33.735172],[36.1103657,33.7352402]]},"properties":{"technical_code":"SY-RD-ZA-ZAB-RD-OSM-128909070","osm_way_id":128909070,"name_ar":null,"name_en":null,"highway":"residential","surface":null,"source":"OpenStreetMap contributors","quality_level":"D","official_status":"IMPORTED_UNVERIFIED"}},{"type":"Feature","id":"osm-way-128909071","geometry":{"type":"LineString","coordinates":[[36.1106208,33.7230305],[36.1106556,33.7230991],[36.1106965,33.7234799],[36.1107377,33.7237372],[36.1106657,33.7239827],[36.1103834,33.7243877],[36.1098104,33.7251693],[36.1094456,33.7256311],[36.1091291,33.7259435],[36.1084559,33.7265056],[36.1079426,33.7269038],[36.1077824,33.7270425]]},"properties":{"technical_code":"SY-RD-ZA-ZAB-RD-OSM-128909071","osm_way_id":128909071,"name_ar":null,"name_en":null,"highway":"residential","surface":null,"source":"OpenStreetMap contributors","quality_level":"D","official_status":"IMPORTED_UNVERIFIED"}},{"type":"Feature","id":"osm-way-128910388","geometry":{"type":"LineString","coordinates":[[36.1213364,33.7324226],[36.1211505,33.7322883],[36.1210821,33.7322674],[36.1210194,33.7321736],[36.1207743,33.7321167],[36.120507,33.7320001],[36.1201933,33.7317632],[36.1200746,33.731567],[36.1197741,33.7310666],[36.119405,33.7303832],[36.1193243,33.7303],[36.119209,33.730015],[36.1192253,33.7297236]]},"properties":{"technical_code":"SY-RD-ZA-ZAB-RD-OSM-128910388","osm_way_id":128910388,"name_ar":null,"name_en":null,"highway":"unclassified","surface":null,"source":"OpenStreetMap contributors","quality_level":"D","official_status":"IMPORTED_UNVERIFIED"}},{"type":"Feature","id":"osm-way-128910389","geometry":{"type":"LineString","coordinates":[[36.1068007,33.7295483],[36.1062023,33.7297358],[36.105841,33.7298324],[36.1056346,33.7298724]]},"properties":{"technical_code":"SY-RD-ZA-ZAB-RD-OSM-128910389","osm_way_id":128910389,"name_ar":null,"name_en":null,"highway":"residential","surface":null,"source":"OpenStreetMap contributors","quality_level":"D","official_status":"IMPORTED_UNVERIFIED"}},{"type":"Feature","id":"osm-way-128910390","geometry":{"type":"LineString","coordinates":[[36.1150808,33.7191345],[36.1151293,33.718954],[36.1151829,33.7177984],[36.1151824,33.7175456],[36.1152455,33.717413],[36.1152984,33.7173298],[36.1153843,33.7172715],[36.1156521,33.7172097],[36.1158335,33.7171704],[36.1159933,33.7171196],[36.1161084,33.7169861],[36.1162022,33.7167915],[36.1162541,33.716599],[36.1162566,33.7163903],[36.1161929,33.7162561],[36.1160885,33.7161366],[36.1159839,33.716048]]},"properties":{"technical_code":"SY-RD-ZA-ZAB-RD-OSM-128910390","osm_way_id":128910390,"name_ar":null,"name_en":null,"highway":"residential","surface":null,"source":"OpenStreetMap contributors","quality_level":"D","official_status":"IMPORTED_UNVERIFIED"}},{"type":"Feature","id":"osm-way-128910391","geometry":{"type":"LineString","coordinates":[[36.1096231,33.7301982],[36.1099896,33.7305782],[36.1104086,33.7310674],[36.1110469,33.7318816]]},"properties":{"technical_code":"SY-RD-ZA-ZAB-RD-OSM-128910391","osm_way_id":128910391,"name_ar":null,"name_en":null,"highway":"residential","surface":null,"source":"OpenStreetMap contributors","quality_level":"D","official_status":"IMPORTED_UNVERIFIED"}},{"type":"Feature","id":"osm-way-128910392","geometry":{"type":"LineString","coordinates":[[36.1106207,33.7288203],[36.1104998,33.7286895],[36.1103544,33.728526],[36.1094913,33.7274938],[36.1093947,33.727467],[36.1090448,33.727586],[36.1089763,33.7275563],[36.1087696,33.7274733]]},"properties":{"technical_code":"SY-RD-ZA-ZAB-RD-OSM-128910392","osm_way_id":128910392,"name_ar":null,"name_en":null,"highway":"residential","surface":null,"source":"OpenStreetMap contributors","quality_level":"D","official_status":"IMPORTED_UNVERIFIED"}},{"type":"Feature","id":"osm-way-128910393","geometry":{"type":"LineString","coordinates":[[36.1088219,33.7312282],[36.1104529,33.7322579]]},"properties":{"technical_code":"SY-RD-ZA-ZAB-RD-OSM-128910393","osm_way_id":128910393,"name_ar":null,"name_en":null,"highway":"residential","surface":null,"source":"OpenStreetMap contributors","quality_level":"D","official_status":"IMPORTED_UNVERIFIED"}},{"type":"Feature","id":"osm-way-128910394","geometry":{"type":"LineString","coordinates":[[36.1067973,33.729247],[36.106692,33.7289508],[36.1065769,33.7287153],[36.1065081,33.7285649],[36.1064568,33.7284528],[36.1064266,33.7282396],[36.1064338,33.7279831],[36.1064195,33.7277022],[36.1064849,33.7274326],[36.1065854,33.7271597],[36.1067101,33.7268823],[36.1067874,33.7266844]]},"properties":{"technical_code":"SY-RD-ZA-ZAB-RD-OSM-128910394","osm_way_id":128910394,"name_ar":null,"name_en":null,"highway":"residential","surface":null,"source":"OpenStreetMap contributors","quality_level":"D","official_status":"IMPORTED_UNVERIFIED"}},{"type":"Feature","id":"osm-way-128910395","geometry":{"type":"LineString","coordinates":[[36.1150127,33.7188926],[36.1149108,33.718811],[36.1147638,33.7187179],[36.1145457,33.7186967],[36.114366,33.7187119],[36.1142972,33.7187414],[36.1143729,33.7190522],[36.1144158,33.7192887],[36.1144677,33.7195782],[36.1143467,33.7194959],[36.1142825,33.7194518],[36.1141265,33.7191989],[36.1139864,33.7190684],[36.1138793,33.718963],[36.1137291,33.7188648],[36.1135999,33.7187637],[36.1135038,33.7186239],[36.1133375,33.7182357],[36.1132626,33.7180628],[36.11322,33.7180344],[36.113164,33.7180212]]},"properties":{"technical_code":"SY-RD-ZA-ZAB-RD-OSM-128910395","osm_way_id":128910395,"name_ar":null,"name_en":null,"highway":"residential","surface":null,"source":"OpenStreetMap contributors","quality_level":"D","official_status":"IMPORTED_UNVERIFIED"}},{"type":"Feature","id":"osm-way-128910396","geometry":{"type":"LineString","coordinates":[[36.1116265,33.7276816],[36.1116746,33.7277392],[36.1118779,33.7279995],[36.1121755,33.7284519],[36.1122508,33.7286264],[36.1122105,33.7288947],[36.1121421,33.7293319],[36.1120496,33.7297558],[36.111955,33.7302769],[36.111835,33.7309164],[36.1117446,33.7315359]]},"properties":{"technical_code":"SY-RD-ZA-ZAB-RD-OSM-128910396","osm_way_id":128910396,"name_ar":null,"name_en":null,"highway":"residential","surface":null,"source":"OpenStreetMap contributors","quality_level":"D","official_status":"IMPORTED_UNVERIFIED"}},{"type":"Feature","id":"osm-way-128910397","geometry":{"type":"LineString","coordinates":[[36.1177932,33.7206527],[36.1177701,33.7204862],[36.117665,33.7197088],[36.1173698,33.7196277],[36.116996,33.7195438],[36.116526,33.7193158],[36.1163244,33.7190963],[36.1161646,33.7188113],[36.1159876,33.7185078],[36.1158601,33.7185242]]},"properties":{"technical_code":"SY-RD-ZA-ZAB-RD-OSM-128910397","osm_way_id":128910397,"name_ar":null,"name_en":null,"highway":"residential","surface":null,"source":"OpenStreetMap contributors","quality_level":"D","official_status":"IMPORTED_UNVERIFIED"}},{"type":"Feature","id":"osm-way-128910398","geometry":{"type":"LineString","coordinates":[[36.1185166,33.7284412],[36.1184484,33.7284099],[36.1183039,33.7283638],[36.118128,33.7282835],[36.1180205,33.7282574],[36.1179065,33.7282444],[36.1177328,33.7282667],[36.1176336,33.7284036],[36.1176488,33.7285595],[36.1176884,33.7286874],[36.1177271,33.728858],[36.1177698,33.7290481],[36.1177124,33.729354],[36.1175859,33.7296349],[36.1175681,33.7298067],[36.1176255,33.7299957],[36.1178364,33.7303074],[36.1179183,33.7305019],[36.1179161,33.7306586],[36.1178313,33.7308163],[36.1176833,33.7309235],[36.1171896,33.7312524],[36.1170846,33.7313374],[36.1170578,33.7314535],[36.1170742,33.7315768],[36.1171558,33.7317287],[36.1172017,33.731887],[36.1171789,33.7320861],[36.1170691,33.7323372],[36.1169242,33.7326685],[36.1168022,33.7330622],[36.1167127,33.7335096],[36.1166274,33.7337266],[36.1164826,33.7338114],[36.1164089,33.7337884],[36.1163109,33.7337578],[36.1162138,33.7335363],[36.1161854,33.7332176],[36.1162005,33.7328823],[36.1161821,33.7326174],[36.1160905,33.7323945],[36.1159033,33.7320873],[36.1158535,33.7319909],[36.1157499,33.7318353],[36.1155209,33.7314912],[36.1153297,33.7312061],[36.1151829,33.7309871],[36.1150273,33.7307953],[36.1149875,33.7306955],[36.1149767,33.7303305],[36.1149248,33.7301659],[36.114813,33.7300898],[36.1146314,33.7300893],[36.1144096,33.7301733],[36.1142706,33.7302709],[36.1142116,33.7303151],[36.1141655,33.7304667],[36.1142044,33.7307619],[36.1142479,33.7311496],[36.1142563,33.7316515],[36.114259,33.7322664],[36.1142422,33.7324603],[36.1142128,33.7328001],[36.1141502,33.7331794],[36.1141333,33.7332271],[36.1140774,33.7333841],[36.1139655,33.7335858],[36.1137285,33.7337057],[36.1136484,33.7337399]]},"properties":{"technical_code":"SY-RD-ZA-ZAB-RD-OSM-128910398","osm_way_id":128910398,"name_ar":null,"name_en":null,"highway":"tertiary","surface":null,"source":"OpenStreetMap contributors","quality_level":"D","official_status":"IMPORTED_UNVERIFIED"}},{"type":"Feature","id":"osm-way-128910399","geometry":{"type":"LineString","coordinates":[[36.1142116,33.7303151],[36.1140725,33.7301885],[36.1139598,33.7300592],[36.1138989,33.7299178],[36.1139121,33.7297155],[36.1139315,33.7294005],[36.1140615,33.7284392],[36.1141335,33.727503],[36.1140505,33.7273705],[36.1138813,33.7271869],[36.1136297,33.72709],[36.1132867,33.7270783],[36.1129695,33.7270507],[36.1127184,33.7270692],[36.1124938,33.7271211],[36.1123525,33.7271762],[36.1121752,33.727262],[36.1118553,33.7275839],[36.1116265,33.7276816]]},"properties":{"technical_code":"SY-RD-ZA-ZAB-RD-OSM-128910399","osm_way_id":128910399,"name_ar":null,"name_en":null,"highway":"residential","surface":null,"source":"OpenStreetMap contributors","quality_level":"D","official_status":"IMPORTED_UNVERIFIED"}},{"type":"Feature","id":"osm-way-128910400","geometry":{"type":"LineString","coordinates":[[36.1094874,33.7303881],[36.109325,33.7302376],[36.1089065,33.7297112],[36.1088075,33.7296012],[36.1084876,33.7292041],[36.1081716,33.7287564],[36.1078975,33.7282271],[36.1079018,33.7281386],[36.1083604,33.7278116],[36.108587,33.7277385]]},"properties":{"technical_code":"SY-RD-ZA-ZAB-RD-OSM-128910400","osm_way_id":128910400,"name_ar":null,"name_en":null,"highway":"residential","surface":null,"source":"OpenStreetMap contributors","quality_level":"D","official_status":"IMPORTED_UNVERIFIED"}},{"type":"Feature","id":"osm-way-128910401","geometry":{"type":"LineString","coordinates":[[36.1127077,33.7327146],[36.1128228,33.7326776],[36.1129864,33.7325483],[36.1129722,33.7323628],[36.1129567,33.7321827],[36.1128977,33.7319954],[36.1128757,33.7316177],[36.1129245,33.7308176],[36.1130065,33.7299644],[36.1131695,33.7285876],[36.1132618,33.7275563],[36.1132867,33.7270783]]},"properties":{"technical_code":"SY-RD-ZA-ZAB-RD-OSM-128910401","osm_way_id":128910401,"name_ar":null,"name_en":null,"highway":"residential","surface":null,"source":"OpenStreetMap contributors","quality_level":"D","official_status":"IMPORTED_UNVERIFIED"}},{"type":"Feature","id":"osm-way-128910402","geometry":{"type":"LineString","coordinates":[[36.1176336,33.7284036],[36.1173564,33.7284679],[36.1170973,33.7285294],[36.1167922,33.728435],[36.1165582,33.728243],[36.1165419,33.7286657],[36.1164567,33.7294059],[36.1163297,33.7299555],[36.1162724,33.7300292],[36.1160295,33.730756],[36.115824,33.7312546],[36.1157537,33.7313087],[36.1155422,33.7312803],[36.1153297,33.7312061]]},"properties":{"technical_code":"SY-RD-ZA-ZAB-RD-OSM-128910402","osm_way_id":128910402,"name_ar":null,"name_en":null,"highway":"residential","surface":null,"source":"OpenStreetMap contributors","quality_level":"D","official_status":"IMPORTED_UNVERIFIED"}},{"type":"Feature","id":"osm-way-128910403","geometry":{"type":"LineString","coordinates":[[36.1132524,33.7123366],[36.1133161,33.7123635],[36.1135628,33.7126312],[36.1136651,33.7127929],[36.1137545,33.7130617],[36.1139789,33.713522],[36.1140135,33.7140457],[36.1140298,33.7147686],[36.1140322,33.7148837],[36.1141338,33.7149979],[36.1142851,33.7150868],[36.1147567,33.7154946],[36.115154,33.7158511],[36.1153221,33.7161064],[36.115439,33.7163635],[36.1154861,33.7166435],[36.1153158,33.7167923],[36.1150975,33.7168842],[36.114874,33.7169546]]},"properties":{"technical_code":"SY-RD-ZA-ZAB-RD-OSM-128910403","osm_way_id":128910403,"name_ar":null,"name_en":null,"highway":"residential","surface":null,"source":"OpenStreetMap contributors","quality_level":"D","official_status":"IMPORTED_UNVERIFIED"}},{"type":"Feature","id":"osm-way-128911670","geometry":{"type":"LineString","coordinates":[[36.0981935,33.7256241],[36.0979899,33.7255084],[36.0978612,33.7253969],[36.0977918,33.7253095],[36.0976734,33.7251604],[36.097502,33.7249941],[36.0974481,33.7249418],[36.0973053,33.7248483],[36.097196,33.7247767],[36.0969576,33.7246375],[36.096921,33.724593],[36.0968771,33.7245251],[36.0968382,33.724448],[36.0968136,33.7243912]]},"properties":{"technical_code":"SY-RD-ZA-ZAB-RD-OSM-128911670","osm_way_id":128911670,"name_ar":null,"name_en":null,"highway":"residential","surface":null,"source":"OpenStreetMap contributors","quality_level":"D","official_status":"IMPORTED_UNVERIFIED"}},{"type":"Feature","id":"osm-way-128911671","geometry":{"type":"LineString","coordinates":[[36.0981935,33.7256241],[36.0982238,33.7255633],[36.0982962,33.7255155],[36.0984632,33.7254729],[36.0985602,33.725411],[36.0986263,33.7253292],[36.0988885,33.7249101],[36.0989947,33.7247027],[36.0992119,33.7243013],[36.0993865,33.7239434],[36.0994147,33.7238312],[36.0994301,33.7237319]]},"properties":{"technical_code":"SY-RD-ZA-ZAB-RD-OSM-128911671","osm_way_id":128911671,"name_ar":null,"name_en":null,"highway":"residential","surface":null,"source":"OpenStreetMap contributors","quality_level":"D","official_status":"IMPORTED_UNVERIFIED"}},{"type":"Feature","id":"osm-way-128911672","geometry":{"type":"LineString","coordinates":[[36.0998643,33.7225998],[36.0998,33.7226208],[36.0997741,33.7226214],[36.0997279,33.7226121],[36.0996881,33.7225905],[36.0996594,33.7225589],[36.0996445,33.7225149],[36.0996512,33.7224694],[36.0996787,33.7224297],[36.0997225,33.722402],[36.0997706,33.722391],[36.0998203,33.7223948],[36.0998638,33.7224121],[36.0998975,33.7224406],[36.0999175,33.7224771],[36.0999213,33.722517],[36.0999085,33.7225557],[36.0998643,33.7225998]]},"properties":{"technical_code":"SY-RD-ZA-ZAB-RD-OSM-128911672","osm_way_id":128911672,"name_ar":null,"name_en":null,"highway":"secondary","surface":null,"source":"OpenStreetMap contributors","quality_level":"D","official_status":"IMPORTED_UNVERIFIED"}},{"type":"Feature","id":"osm-way-128911673","geometry":{"type":"LineString","coordinates":[[36.0954575,33.7261907],[36.0954271,33.7261976],[36.0953958,33.7261952],[36.0953675,33.7261838],[36.0953458,33.7261648],[36.0953335,33.7261408],[36.0953317,33.7261169],[36.0953406,33.7260915],[36.0953598,33.7260704],[36.0953867,33.7260563],[36.0954179,33.7260511],[36.0954493,33.7260554],[36.0954741,33.7260668],[36.0954933,33.7260842],[36.0955049,33.7261058],[36.0955076,33.7261293],[36.0955001,33.7261544],[36.0954827,33.7261757],[36.0954575,33.7261907]]},"properties":{"technical_code":"SY-RD-ZA-ZAB-RD-OSM-128911673","osm_way_id":128911673,"name_ar":null,"name_en":null,"highway":"secondary","surface":null,"source":"OpenStreetMap contributors","quality_level":"D","official_status":"IMPORTED_UNVERIFIED"}},{"type":"Feature","id":"osm-way-128911674","geometry":{"type":"LineString","coordinates":[[36.0999571,33.7227892],[36.1002255,33.7232669],[36.1003106,33.7234063],[36.1009645,33.7244719],[36.1013725,33.7251181],[36.1015992,33.7254681],[36.1018051,33.7257886],[36.1018774,33.7258746]]},"properties":{"technical_code":"SY-RD-ZA-ZAB-RD-OSM-128911674","osm_way_id":128911674,"name_ar":"شارع السيلان","name_en":null,"highway":"secondary","surface":null,"source":"OpenStreetMap contributors","quality_level":"D","official_status":"IMPORTED_UNVERIFIED"}},{"type":"Feature","id":"osm-way-128911675","geometry":{"type":"LineString","coordinates":[[36.1028661,33.7268345],[36.1027321,33.7267264],[36.102378,33.7264409],[36.1023663,33.7264319],[36.1019967,33.7261477],[36.1019525,33.7260812],[36.1019364,33.7260169]]},"properties":{"technical_code":"SY-RD-ZA-ZAB-RD-OSM-128911675","osm_way_id":128911675,"name_ar":null,"name_en":null,"highway":"unclassified","surface":null,"source":"OpenStreetMap contributors","quality_level":"D","official_status":"IMPORTED_UNVERIFIED"}},{"type":"Feature","id":"osm-way-128911676","geometry":{"type":"LineString","coordinates":[[36.1025524,33.7305967],[36.1025772,33.7302489],[36.1025826,33.7301195],[36.102647,33.7299589],[36.1028085,33.7297075],[36.1028889,33.7294979],[36.1029103,33.7292457],[36.1028937,33.7290176],[36.1028039,33.7286264],[36.1027911,33.7283705],[36.1027937,33.7280849],[36.102794,33.7278118],[36.1028269,33.7274357],[36.1028319,33.7271669],[36.1028661,33.7268345],[36.1029492,33.7265155],[36.1030376,33.7262433],[36.103173,33.7259185],[36.1032179,33.7257576]]},"properties":{"technical_code":"SY-RD-ZA-ZAB-RD-OSM-128911676","osm_way_id":128911676,"name_ar":null,"name_en":null,"highway":"secondary","surface":null,"source":"OpenStreetMap contributors","quality_level":"D","official_status":"IMPORTED_UNVERIFIED"}},{"type":"Feature","id":"osm-way-128911679","geometry":{"type":"LineString","coordinates":[[36.0865865,33.7285156],[36.086878,33.7284797],[36.0870004,33.7284647],[36.0872883,33.7284707],[36.0874755,33.7284498],[36.087767,33.7284168],[36.087857,33.7284019],[36.087983,33.7283719],[36.0881881,33.7282971]]},"properties":{"technical_code":"SY-RD-ZA-ZAB-RD-OSM-128911679","osm_way_id":128911679,"name_ar":null,"name_en":null,"highway":"residential","surface":null,"source":"OpenStreetMap contributors","quality_level":"D","official_status":"IMPORTED_UNVERIFIED"}},{"type":"Feature","id":"osm-way-128911681","geometry":{"type":"LineString","coordinates":[[36.0997225,33.722402],[36.0997521,33.7220216],[36.0997878,33.7216852],[36.0997546,33.721531],[36.0996991,33.7213791]]},"properties":{"technical_code":"SY-RD-ZA-ZAB-RD-OSM-128911681","osm_way_id":128911681,"name_ar":null,"name_en":null,"highway":"secondary","surface":null,"source":"OpenStreetMap contributors","quality_level":"D","official_status":"IMPORTED_UNVERIFIED"}},{"type":"Feature","id":"osm-way-128911682","geometry":{"type":"LineString","coordinates":[[36.0955076,33.7261293],[36.0956113,33.726174],[36.0957959,33.7263204],[36.0958291,33.726353],[36.0961982,33.7267175],[36.0962835,33.7267615],[36.0963694,33.7267704],[36.0972821,33.7266604],[36.0979293,33.7265697],[36.0980262,33.7265538]]},"properties":{"technical_code":"SY-RD-ZA-ZAB-RD-OSM-128911682","osm_way_id":128911682,"name_ar":null,"name_en":null,"highway":"secondary","surface":null,"source":"OpenStreetMap contributors","quality_level":"D","official_status":"IMPORTED_UNVERIFIED"}},{"type":"Feature","id":"osm-way-128911683","geometry":{"type":"LineString","coordinates":[[36.0954493,33.7260554],[36.0954802,33.7259606],[36.0954664,33.7257169],[36.0954639,33.7254463],[36.0954693,33.7252455],[36.0955448,33.7250966],[36.0956807,33.7249421],[36.0959094,33.724732],[36.0960328,33.7246491],[36.0962619,33.7245579],[36.0968136,33.7243912],[36.0974939,33.7241522],[36.0978472,33.7240181],[36.0981816,33.7238901]]},"properties":{"technical_code":"SY-RD-ZA-ZAB-RD-OSM-128911683","osm_way_id":128911683,"name_ar":null,"name_en":null,"highway":"tertiary","surface":null,"source":"OpenStreetMap contributors","quality_level":"D","official_status":"IMPORTED_UNVERIFIED"}},{"type":"Feature","id":"osm-way-128911684","geometry":{"type":"LineString","coordinates":[[36.0930536,33.7268741],[36.0930922,33.726945],[36.0931566,33.7272038],[36.0933045,33.7274797],[36.0933336,33.727534],[36.0935106,33.7278385],[36.0936501,33.7280783],[36.0938914,33.7284677],[36.0939607,33.7285795],[36.0942724,33.7290107],[36.0944253,33.729216],[36.0945084,33.7293275],[36.0947552,33.7295461],[36.0951056,33.7297959],[36.095356,33.7299744],[36.0955599,33.7301484],[36.0956132,33.7302052],[36.0957315,33.7303313],[36.0958549,33.7305499],[36.0959354,33.7306124],[36.0960963,33.7305321],[36.0964825,33.7303134],[36.0966912,33.7301767],[36.0968151,33.7299298],[36.0970345,33.729445],[36.097107,33.7293483],[36.0972652,33.7291372],[36.0975227,33.7288472],[36.0977426,33.7286197],[36.0977499,33.7281481],[36.0978147,33.7281172],[36.0979873,33.7280765],[36.0987647,33.7280112],[36.0991487,33.7279322],[36.0996502,33.7277692],[36.0998941,33.7276913]]},"properties":{"technical_code":"SY-RD-ZA-ZAB-RD-OSM-128911684","osm_way_id":128911684,"name_ar":null,"name_en":null,"highway":"tertiary","surface":null,"source":"OpenStreetMap contributors","quality_level":"D","official_status":"IMPORTED_UNVERIFIED"}},{"type":"Feature","id":"osm-way-128911685","geometry":{"type":"LineString","coordinates":[[36.0980262,33.7265538],[36.0980699,33.7264748],[36.0981037,33.7262665],[36.0981856,33.725741],[36.0981935,33.7256241]]},"properties":{"technical_code":"SY-RD-ZA-ZAB-RD-OSM-128911685","osm_way_id":128911685,"name_ar":null,"name_en":null,"highway":"residential","surface":null,"source":"OpenStreetMap contributors","quality_level":"D","official_status":"IMPORTED_UNVERIFIED"}},{"type":"Feature","id":"osm-way-128911686","geometry":{"type":"LineString","coordinates":[[36.0977499,33.7281481],[36.0977312,33.7278211],[36.0977569,33.7275672],[36.0978176,33.7273726],[36.097869,33.7272175],[36.0979585,33.7268755],[36.09801,33.7266429],[36.0980262,33.7265538]]},"properties":{"technical_code":"SY-RD-ZA-ZAB-RD-OSM-128911686","osm_way_id":128911686,"name_ar":null,"name_en":null,"highway":"tertiary","surface":null,"source":"OpenStreetMap contributors","quality_level":"D","official_status":"IMPORTED_UNVERIFIED"}},{"type":"Feature","id":"osm-way-128911687","geometry":{"type":"LineString","coordinates":[[36.0980262,33.7265538],[36.0985906,33.7265021],[36.0990718,33.7264838],[36.0993542,33.7264901],[36.099484,33.726508],[36.0997602,33.7265358],[36.0999405,33.726526],[36.1001593,33.7264491],[36.1003765,33.7263194],[36.1005965,33.7262238],[36.1008795,33.726168],[36.1010575,33.7261541],[36.1013011,33.726135],[36.1015029,33.7261192],[36.1015553,33.7261068],[36.1016844,33.7260762],[36.1018674,33.7259945]]},"properties":{"technical_code":"SY-RD-ZA-ZAB-RD-OSM-128911687","osm_way_id":128911687,"name_ar":null,"name_en":null,"highway":"secondary","surface":null,"source":"OpenStreetMap contributors","quality_level":"D","official_status":"IMPORTED_UNVERIFIED"}},{"type":"Feature","id":"osm-way-128911688","geometry":{"type":"LineString","coordinates":[[36.097107,33.7293483],[36.0970458,33.7293052],[36.096842,33.729207],[36.0964552,33.7290034],[36.0962519,33.7287163],[36.0960421,33.7282583],[36.0958544,33.7276649],[36.0958039,33.7272963],[36.0957687,33.7270518],[36.0957435,33.7268352],[36.095682,33.7266729],[36.0955362,33.7264429],[36.0954339,33.7262752],[36.0954271,33.7261976]]},"properties":{"technical_code":"SY-RD-ZA-ZAB-RD-OSM-128911688","osm_way_id":128911688,"name_ar":null,"name_en":null,"highway":"unclassified","surface":null,"source":"OpenStreetMap contributors","quality_level":"D","official_status":"IMPORTED_UNVERIFIED"}},{"type":"Feature","id":"osm-way-128911689","geometry":{"type":"LineString","coordinates":[[36.0994301,33.7237319],[36.0994668,33.7235134],[36.0994969,33.7233335],[36.0995713,33.7230019],[36.0996571,33.72285],[36.0997741,33.7226214]]},"properties":{"technical_code":"SY-RD-ZA-ZAB-RD-OSM-128911689","osm_way_id":128911689,"name_ar":null,"name_en":null,"highway":"residential","surface":null,"source":"OpenStreetMap contributors","quality_level":"D","official_status":"IMPORTED_UNVERIFIED"}},{"type":"Feature","id":"osm-way-142958871","geometry":{"type":"LineString","coordinates":[[36.0904795,33.7215026],[36.0902631,33.7220277],[36.0898951,33.7224922],[36.0897127,33.7228759],[36.0897589,33.7237143],[36.0903779,33.7238754],[36.0904516,33.7239562],[36.0906195,33.7241401],[36.0908178,33.7243572],[36.0916868,33.7252496],[36.0920763,33.7255614],[36.0923842,33.726124],[36.092631,33.7262579],[36.0929132,33.7266857],[36.0930536,33.7268741]]},"properties":{"technical_code":"SY-RD-ZA-ZAB-RD-OSM-142958871","osm_way_id":142958871,"name_ar":null,"name_en":null,"highway":"residential","surface":null,"source":"OpenStreetMap contributors","quality_level":"D","official_status":"IMPORTED_UNVERIFIED"}},{"type":"Feature","id":"osm-way-142958872","geometry":{"type":"LineString","coordinates":[[36.0809612,33.7268731],[36.0819987,33.7273108],[36.08246,33.7276142],[36.0827819,33.7279176],[36.0829536,33.7283548],[36.0831574,33.7292025],[36.0832862,33.7296843]]},"properties":{"technical_code":"SY-RD-ZA-ZAB-RD-OSM-142958872","osm_way_id":142958872,"name_ar":null,"name_en":null,"highway":"residential","surface":null,"source":"OpenStreetMap contributors","quality_level":"D","official_status":"IMPORTED_UNVERIFIED"}},{"type":"Feature","id":"osm-way-142958873","geometry":{"type":"LineString","coordinates":[[36.0727966,33.7368307],[36.073716,33.7364921],[36.075511,33.7361437],[36.0766343,33.7358676],[36.0779786,33.735421],[36.0788552,33.7351003],[36.0797778,33.7350289],[36.0804141,33.7351177],[36.0808615,33.735243],[36.0816661,33.7358497],[36.0821489,33.7362423],[36.0825781,33.7365011],[36.0832862,33.7365814],[36.0837615,33.7364471],[36.084874,33.7361353],[36.0860113,33.7362334],[36.0868943,33.7361973],[36.0871271,33.7363048],[36.0879103,33.7364386],[36.0893083,33.7362686],[36.0897911,33.7362597],[36.0902095,33.73634],[36.090453,33.7362245],[36.0908607,33.7357516],[36.0923767,33.7353586],[36.0932318,33.7349397],[36.0940504,33.7344842],[36.0943798,33.7339315],[36.0946587,33.7331552],[36.0954527,33.7322183],[36.0957423,33.7313975],[36.0959354,33.7306124]]},"properties":{"technical_code":"SY-RD-ZA-ZAB-RD-OSM-142958873","osm_way_id":142958873,"name_ar":null,"name_en":null,"highway":"residential","surface":null,"source":"OpenStreetMap contributors","quality_level":"D","official_status":"IMPORTED_UNVERIFIED"}},{"type":"Feature","id":"osm-way-146668318","geometry":{"type":"LineString","coordinates":[[36.087983,33.7283719],[36.0878534,33.7284468],[36.0877778,33.7285396],[36.0877058,33.7286683],[36.0876662,33.7287641],[36.0876302,33.728818],[36.0875654,33.7289018],[36.0874971,33.7289766],[36.0874287,33.7290425],[36.0873459,33.7290993],[36.0871443,33.7292191]]},"properties":{"technical_code":"SY-RD-ZA-ZAB-RD-OSM-146668318","osm_way_id":146668318,"name_ar":null,"name_en":null,"highway":"residential","surface":null,"source":"OpenStreetMap contributors","quality_level":"D","official_status":"IMPORTED_UNVERIFIED"}},{"type":"Feature","id":"osm-way-146668320","geometry":{"type":"LineString","coordinates":[[36.0905987,33.7273406],[36.09069,33.7273456],[36.0923198,33.7269941],[36.092942,33.7268781],[36.0930536,33.7268741],[36.0931888,33.7268692],[36.0933947,33.7268832],[36.0936659,33.7268601],[36.0938253,33.726845],[36.0940448,33.7268242],[36.0942469,33.7267556],[36.0943887,33.7266603],[36.0953335,33.7261408]]},"properties":{"technical_code":"SY-RD-ZA-ZAB-RD-OSM-146668320","osm_way_id":146668320,"name_ar":null,"name_en":null,"highway":"tertiary","surface":null,"source":"OpenStreetMap contributors","quality_level":"D","official_status":"IMPORTED_UNVERIFIED"}},{"type":"Feature","id":"osm-way-146668322","geometry":{"type":"LineString","coordinates":[[36.1076712,33.7270018],[36.1072174,33.7278498],[36.1071346,33.7279492]]},"properties":{"technical_code":"SY-RD-ZA-ZAB-RD-OSM-146668322","osm_way_id":146668322,"name_ar":null,"name_en":null,"highway":"residential","surface":null,"source":"OpenStreetMap contributors","quality_level":"D","official_status":"IMPORTED_UNVERIFIED"}},{"type":"Feature","id":"osm-way-146757157","geometry":{"type":"LineString","coordinates":[[36.1055571,33.6714596],[36.1054882,33.6716709],[36.1054962,33.6725878],[36.105446,33.674045],[36.1054828,33.6746679],[36.105725,33.674946],[36.106321,33.67573],[36.107324,33.67728],[36.108375,33.678052],[36.109132,33.678508],[36.10963,33.679265],[36.11007,33.680863],[36.110827,33.682736],[36.111932,33.683921],[36.113799,33.684946],[36.1147156,33.6856687],[36.114716,33.68596],[36.1134243,33.6874264],[36.1133363,33.687552],[36.1133376,33.6877889],[36.113627,33.6881],[36.114582,33.688695],[36.11595,33.689264],[36.1162834,33.6893103],[36.1164172,33.6894293],[36.1164124,33.6900953],[36.1165583,33.6902239],[36.1173299,33.6903103],[36.117462,33.6904319],[36.1172505,33.6911198],[36.117516,33.691399],[36.117838,33.692231],[36.1178053,33.6923733],[36.117344,33.692434],[36.1169397,33.6924977],[36.116679,33.692821],[36.116411,33.693631],[36.115832,33.694425],[36.1157768,33.6947002],[36.115928,33.694956],[36.1164657,33.6951187],[36.117752,33.696232],[36.11964,33.697997],[36.121781,33.699242],[36.122715,33.7015717],[36.1230996,33.7017764],[36.123519,33.701919],[36.1242318,33.7022444],[36.125295,33.702568],[36.1258569,33.7028723],[36.1260675,33.7036636],[36.126314,33.704778],[36.1262856,33.7048634],[36.1262236,33.7050501],[36.125976,33.705191],[36.1255919,33.7051498],[36.1249769,33.7050838],[36.1245693,33.7051531],[36.124452,33.7051731],[36.12221,33.705658],[36.120815,33.70636],[36.1203708,33.7068522],[36.1198548,33.7072094],[36.11986,33.707305],[36.120279,33.708517],[36.1205765,33.7092614],[36.121078,33.709525],[36.12235,33.710309],[36.1233377,33.7106831],[36.1236061,33.7109637],[36.12365,33.7113117],[36.1232085,33.7120292],[36.123006,33.7121039],[36.1225131,33.7120769],[36.1223245,33.7120894],[36.1221763,33.712107],[36.1215478,33.7121388],[36.1213251,33.7122109],[36.1209532,33.7124199],[36.1208553,33.7126865],[36.1209588,33.7130122],[36.1210029,33.7130599],[36.1210613,33.7131289],[36.1212996,33.7132768]]},"properties":{"technical_code":"SY-RD-ZA-ZAB-RD-OSM-146757157","osm_way_id":146757157,"name_ar":null,"name_en":null,"highway":"unclassified","surface":"ground","source":"OpenStreetMap contributors","quality_level":"D","official_status":"IMPORTED_UNVERIFIED"}},{"type":"Feature","id":"osm-way-146757158","geometry":{"type":"LineString","coordinates":[[36.1213783,33.7161424],[36.1212321,33.7161544],[36.1210783,33.7161653],[36.1209343,33.7161843],[36.1207773,33.7161952],[36.120666,33.7161925],[36.1205188,33.716187],[36.120401,33.7161625],[36.1202832,33.7161136],[36.1202476,33.7160905],[36.1201785,33.7160455],[36.120064,33.7159448],[36.1199691,33.7158387],[36.1198644,33.7157162],[36.1197237,33.7155719],[36.1196386,33.715493],[36.1195208,33.7153841],[36.1194586,33.7153134],[36.119403,33.7152481],[36.1193408,33.715161],[36.1192983,33.7150766],[36.119259,33.7149949],[36.1192394,33.7148915],[36.1192132,33.7147935],[36.1191838,33.7146874],[36.1191707,33.7145976],[36.1191674,33.7144887],[36.1191707,33.7143227],[36.119174,33.7141294],[36.1191969,33.7139035],[36.1192165,33.7137348],[36.1192361,33.7136014],[36.1192361,33.7135116],[36.1192394,33.7134653],[36.1192819,33.7134136],[36.119331,33.7134055],[36.1193703,33.7134381],[36.1194096,33.7134898],[36.1194259,33.7135524],[36.119439,33.7136178],[36.1194652,33.7136831],[36.1196746,33.7139253],[36.1197073,33.7139553],[36.1197727,33.7139906],[36.1198153,33.7139825],[36.1198578,33.713958],[36.1198676,33.713928],[36.1198774,33.7138791],[36.1198873,33.7137702],[36.1198938,33.7137266],[36.1199233,33.7136368],[36.120041,33.7134164],[36.1200901,33.713351],[36.1201817,33.7132612],[36.120257,33.7132068],[36.1203748,33.7131197],[36.1204599,33.7130544],[36.1205678,33.7129918],[36.1206431,33.7129564],[36.1207314,33.7129482],[36.1208558,33.7129645],[36.1209588,33.7130122]]},"properties":{"technical_code":"SY-RD-ZA-ZAB-RD-OSM-146757158","osm_way_id":146757158,"name_ar":null,"name_en":null,"highway":"track","surface":null,"source":"OpenStreetMap contributors","quality_level":"D","official_status":"IMPORTED_UNVERIFIED"}},{"type":"Feature","id":"osm-way-146816752","geometry":{"type":"LineString","coordinates":[[36.1098452,33.7117141],[36.109618,33.7109311],[36.1092173,33.7106284],[36.1090403,33.7104567],[36.1088805,33.7103176],[36.1087281,33.7101806],[36.1085462,33.7100436],[36.1084847,33.7101479],[36.1084405,33.7103585],[36.1083716,33.7105487],[36.1084774,33.7106162]]},"properties":{"technical_code":"SY-RD-ZA-ZAB-RD-OSM-146816752","osm_way_id":146816752,"name_ar":null,"name_en":null,"highway":"residential","surface":null,"source":"OpenStreetMap contributors","quality_level":"D","official_status":"IMPORTED_UNVERIFIED"}},{"type":"Feature","id":"osm-way-146816754","geometry":{"type":"LineString","coordinates":[[36.0958676,33.722405],[36.0958368,33.7222668],[36.0958045,33.722098],[36.095811,33.7218857],[36.0958437,33.7217197],[36.0959419,33.7213006],[36.0959877,33.7210992],[36.0960302,33.7208951],[36.0960433,33.7207726],[36.0960335,33.7206257],[36.0960237,33.7204216],[36.0960073,33.7200923],[36.0960073,33.7197874],[36.095991,33.7195507],[36.0960204,33.7190608],[36.0959975,33.7189111],[36.0960532,33.718726],[36.0960826,33.7183994],[36.0960957,33.7180674],[36.0961088,33.7179586],[36.0960891,33.7177327],[36.0960302,33.7172537],[36.095982,33.7168826],[36.0959386,33.7165488],[36.0958863,33.7161187],[36.0958536,33.7159064],[36.0958241,33.7156942],[36.0958405,33.7155363],[36.0958307,33.7153648],[36.0958143,33.7151961],[36.0958208,33.7150682],[36.0958732,33.7147824],[36.0959026,33.7145755],[36.0959092,33.7144885],[36.0958928,33.7143224],[36.0958045,33.7140557],[36.0957227,33.713789],[36.0956507,33.7135522],[36.0956049,33.713348],[36.0955787,33.7131494],[36.095582,33.7129316],[36.0955885,33.712635],[36.0955983,33.7121641],[36.0955951,33.7118919],[36.0955689,33.711598],[36.0954904,33.7112169],[36.0954217,33.7108032],[36.0952024,33.7099621],[36.0951533,33.7097063],[36.0950585,33.7093198],[36.0949047,33.7089169],[36.0944662,33.7078717],[36.0940834,33.7070497],[36.0936351,33.7062304],[36.093537,33.7060589],[36.093236,33.7054873],[36.0930265,33.705079],[36.0928728,33.7047687],[36.0925979,33.7042189],[36.0924245,33.7038922],[36.0922216,33.7035193],[36.0921464,33.7033532],[36.0920875,33.7031926],[36.0920613,33.7030456],[36.092058,33.7029177],[36.0919664,33.7025829],[36.0919173,33.702406],[36.0918977,33.7022617],[36.0918879,33.7020194],[36.0918879,33.7017908],[36.091865,33.7015186],[36.0918453,33.7013307],[36.0918192,33.7011048],[36.0918094,33.7009061],[36.0918323,33.7007019],[36.0918847,33.7005494],[36.0919747,33.7004056],[36.0920341,33.700329],[36.0920683,33.7002649],[36.0920899,33.7001691],[36.0921043,33.7000643],[36.0921295,33.6997648],[36.0921439,33.6995612],[36.0921583,33.6992648],[36.0921655,33.6990222],[36.0921727,33.6988875],[36.0922087,33.6987617],[36.0922734,33.6985761],[36.0923526,33.6983784],[36.0924246,33.6982197],[36.0924844,33.6980706]]},"properties":{"technical_code":"SY-RD-ZA-ZAB-RD-OSM-146816754","osm_way_id":146816754,"name_ar":null,"name_en":null,"highway":"tertiary","surface":null,"source":"OpenStreetMap contributors","quality_level":"D","official_status":"IMPORTED_UNVERIFIED"}},{"type":"Feature","id":"osm-way-146816756","geometry":{"type":"LineString","coordinates":[[36.1198399,33.7168437],[36.1197201,33.7169522],[36.1196203,33.7170414],[36.1195538,33.7171105],[36.1195003,33.7171827],[36.1194726,33.7172564],[36.1194467,33.7173348],[36.1194449,33.717407],[36.1194541,33.7174608],[36.1194818,33.7175222],[36.1195391,33.7176098],[36.1196037,33.7176682],[36.1196665,33.7177158],[36.1197145,33.7177542],[36.1197478,33.7177726]]},"properties":{"technical_code":"SY-RD-ZA-ZAB-RD-OSM-146816756","osm_way_id":146816756,"name_ar":null,"name_en":null,"highway":"track","surface":null,"source":"OpenStreetMap contributors","quality_level":"D","official_status":"IMPORTED_UNVERIFIED"}},{"type":"Feature","id":"osm-way-146816758","geometry":{"type":"LineString","coordinates":[[36.0973452,33.7218881],[36.097426,33.7215785],[36.0975944,33.7212401],[36.0976645,33.7210884],[36.0977066,33.7209601],[36.0977276,33.7208784],[36.0977487,33.7207618],[36.0977837,33.7206743],[36.0978581,33.720588],[36.0979314,33.7205423],[36.0980047,33.7205017],[36.0980886,33.7204535],[36.0981436,33.7204192],[36.0981604,33.7203938],[36.0981695,33.7203684],[36.0981665,33.7203392],[36.098026,33.7200396],[36.0978978,33.719759]]},"properties":{"technical_code":"SY-RD-ZA-ZAB-RD-OSM-146816758","osm_way_id":146816758,"name_ar":null,"name_en":null,"highway":"residential","surface":null,"source":"OpenStreetMap contributors","quality_level":"D","official_status":"IMPORTED_UNVERIFIED"}},{"type":"Feature","id":"osm-way-146816761","geometry":{"type":"LineString","coordinates":[[36.0892502,33.720782],[36.0897751,33.7208054]]},"properties":{"technical_code":"SY-RD-ZA-ZAB-RD-OSM-146816761","osm_way_id":146816761,"name_ar":null,"name_en":null,"highway":"tertiary","surface":null,"source":"OpenStreetMap contributors","quality_level":"D","official_status":"IMPORTED_UNVERIFIED"}},{"type":"Feature","id":"osm-way-146816763","geometry":{"type":"LineString","coordinates":[[36.107037,33.7127272],[36.1077265,33.7125427],[36.1081106,33.7124421],[36.1081641,33.7124238],[36.1087017,33.7122401],[36.1087913,33.7122095],[36.1089019,33.7121744],[36.109002,33.7121262],[36.1090706,33.7120867],[36.1091127,33.7120297],[36.1091601,33.711964],[36.1092128,33.7119026],[36.1092971,33.7118456],[36.1094236,33.7118237],[36.1095185,33.7118062],[36.1096976,33.7117623],[36.1098452,33.7117141],[36.1100296,33.7116878],[36.1101561,33.7116484],[36.110272,33.7115958],[36.1103721,33.7115607],[36.1105566,33.7114599],[36.1108536,33.7113154],[36.1112885,33.7111382],[36.111451,33.7110284]]},"properties":{"technical_code":"SY-RD-ZA-ZAB-RD-OSM-146816763","osm_way_id":146816763,"name_ar":null,"name_en":null,"highway":"residential","surface":null,"source":"OpenStreetMap contributors","quality_level":"D","official_status":"IMPORTED_UNVERIFIED"}},{"type":"Feature","id":"osm-way-146816765","geometry":{"type":"LineString","coordinates":[[36.1137545,33.7130617],[36.113888,33.7128311],[36.1139445,33.7127964],[36.1140109,33.7127473],[36.1140847,33.7126818],[36.1141584,33.7126184],[36.1142051,33.7125775],[36.1142469,33.7125694],[36.1142838,33.7125939],[36.1143231,33.7126471],[36.1143649,33.7127779],[36.1144165,33.7129599],[36.1144608,33.713097],[36.114505,33.7132237],[36.114564,33.7133669],[36.1146181,33.7134834],[36.1146697,33.7136061],[36.1147337,33.7137166],[36.1147877,33.7138106],[36.1148222,33.7138801],[36.1148492,33.713964],[36.1148615,33.7140437],[36.1148787,33.7141521],[36.1149057,33.7142421],[36.1149229,33.7143177],[36.1149352,33.7143914],[36.114918,33.7144445],[36.1148246,33.7145345]]},"properties":{"technical_code":"SY-RD-ZA-ZAB-RD-OSM-146816765","osm_way_id":146816765,"name_ar":null,"name_en":null,"highway":"track","surface":null,"source":"OpenStreetMap contributors","quality_level":"D","official_status":"IMPORTED_UNVERIFIED"}},{"type":"Feature","id":"osm-way-146816766","geometry":{"type":"LineString","coordinates":[[36.0552551,33.6914673],[36.0552071,33.6915236],[36.0551835,33.6915779],[36.055171,33.691646],[36.0551488,33.6917326],[36.0551308,33.6918053],[36.0551086,33.6918827],[36.0550267,33.6921529],[36.0549809,33.6924507],[36.0549837,33.6925616],[36.0549989,33.6926886],[36.0550239,33.6928433],[36.0550517,33.6929761],[36.0550891,33.6931042],[36.0551391,33.6932151],[36.055214,33.6933571],[36.0553042,33.6935176],[36.055443,33.6937092],[36.0555915,33.6939066],[36.0556484,33.6939932],[36.0557011,33.6940856],[36.0557802,33.6942345],[36.0558315,33.6943477],[36.0558995,33.6945082],[36.0559689,33.6946686],[36.0560189,33.6947725],[36.056055,33.694918],[36.0560883,33.6950566],[36.056227,33.6954687],[36.0563717,33.6958223],[36.0564545,33.6960679],[36.0564977,33.6961877],[36.0565517,33.6963074],[36.0566813,33.6964961],[36.0568252,33.6967117],[36.056962,33.6969093],[36.0571312,33.6971189],[36.0571739,33.6971695],[36.0571995,33.6971998],[36.0573975,33.6974513],[36.0575055,33.6975831],[36.0575703,33.697655],[36.0576566,33.6980532],[36.0577394,33.6984365],[36.0577898,33.6985683],[36.0578978,33.6988048],[36.057995,33.6990114],[36.0580885,33.6991761],[36.0581857,33.6993258],[36.0583369,33.6995265],[36.0585205,33.699763],[36.05865,33.6999337],[36.058776,33.7001014],[36.0588912,33.7002691],[36.0593123,33.700844],[36.0595642,33.7011374],[36.059665,33.7012722],[36.0598702,33.7015087],[36.0600789,33.7017183],[36.0604316,33.7020477],[36.0606764,33.7023262],[36.0608599,33.7024999],[36.0609751,33.7026496],[36.0611335,33.7028592],[36.0612666,33.7030358],[36.061515,33.7033442],[36.0617885,33.7037095],[36.0620261,33.7040149],[36.0621341,33.7041467],[36.062314,33.7043533],[36.0624616,33.704488],[36.0626739,33.7047186],[36.0630806,33.7051258],[36.063275,33.7052755],[36.0634118,33.7053893],[36.0635629,33.7054941],[36.0636925,33.7055719],[36.0639121,33.7057576],[36.0640416,33.7058714],[36.0641676,33.7060091],[36.0642972,33.7061528],[36.0644411,33.7063414],[36.0645671,33.7065331],[36.0646463,33.7066768],[36.0647435,33.7068445],[36.0648623,33.7070211],[36.0649738,33.7071798],[36.0650962,33.7073145],[36.0652258,33.7074553],[36.0653661,33.707611],[36.0655065,33.7077187],[36.0656433,33.7078325],[36.0657117,33.7078894],[36.0658772,33.7079283],[36.066032,33.7079553],[36.0663487,33.7080032],[36.0664675,33.7080301],[36.0666115,33.7080601],[36.066777,33.708093],[36.0669066,33.7081469],[36.0671224,33.7082555],[36.0671981,33.7082936],[36.0673817,33.7084224],[36.0676049,33.7085421],[36.0679288,33.7087307],[36.0683571,33.7089613],[36.0686774,33.7091709],[36.068771,33.7092307],[36.0688862,33.7092936],[36.0690517,33.7093415],[36.0692677,33.7093894],[36.0695088,33.7094553],[36.0696672,33.7094972],[36.069858,33.7095331],[36.0700487,33.7095541],[36.0702071,33.7095571],[36.0704158,33.7095391],[36.0706786,33.7094972],[36.0709485,33.7094882],[36.0712185,33.7094822],[36.0714776,33.7094972],[36.071636,33.7095242],[36.0718843,33.7095781],[36.0721506,33.7097218],[36.0725862,33.7099254],[36.0727481,33.7100092],[36.0729605,33.7101499],[36.073198,33.7103116],[36.0733132,33.7103984],[36.0734176,33.7104373],[36.0740078,33.7107308],[36.0743246,33.7109403],[36.0745513,33.711084],[36.0749472,33.7114014],[36.0753072,33.7118535],[36.0756563,33.7122756],[36.0758326,33.7124882],[36.0759586,33.712611],[36.0760882,33.7127098],[36.0763185,33.7127247],[36.0768944,33.7128625],[36.0771068,33.7129134],[36.0773623,33.7129493],[36.0775891,33.7129762],[36.0778338,33.7130122],[36.0780426,33.7130241],[36.0783341,33.7130421],[36.0787912,33.7131469],[36.0790719,33.7131948],[36.0792807,33.7132068],[36.0795218,33.7132607],[36.0798206,33.7133445],[36.0799501,33.7133565],[36.0801949,33.7133774],[36.0804144,33.7133834],[36.0807851,33.7133924],[36.0809975,33.7133834],[36.0811559,33.7133594],[36.081307,33.7133235],[36.0814654,33.7132756],[36.081613,33.7132487],[36.0817749,33.7132367],[36.0819369,33.7132457],[36.0821169,33.7132666],[36.082322,33.7133026],[36.0825092,33.7133505],[36.0826963,33.7134014],[36.0828763,33.7134433],[36.0830419,33.7135121],[36.0831966,33.713578],[36.0833298,33.7136139],[36.083491,33.713628]]},"properties":{"technical_code":"SY-RD-ZA-ZAB-RD-OSM-146816766","osm_way_id":146816766,"name_ar":null,"name_en":null,"highway":"unclassified","surface":"unpaved","source":"OpenStreetMap contributors","quality_level":"D","official_status":"IMPORTED_UNVERIFIED"}},{"type":"Feature","id":"osm-way-146816768","geometry":{"type":"LineString","coordinates":[[36.1059829,33.7088652],[36.1064251,33.7088255],[36.1074443,33.7087669]]},"properties":{"technical_code":"SY-RD-ZA-ZAB-RD-OSM-146816768","osm_way_id":146816768,"name_ar":null,"name_en":null,"highway":"residential","surface":null,"source":"OpenStreetMap contributors","quality_level":"D","official_status":"IMPORTED_UNVERIFIED"}},{"type":"Feature","id":"osm-way-146816769","geometry":{"type":"LineString","coordinates":[[36.1108536,33.7113154],[36.110306,33.7105481],[36.1101728,33.7103206],[36.1099553,33.7101222],[36.109801,33.7099647],[36.1097028,33.7098305],[36.1095244,33.7096685],[36.1093241,33.7094571],[36.1091417,33.7092645],[36.1089383,33.7090312],[36.1087419,33.7088561],[36.108436,33.7086976],[36.108335,33.7086288],[36.1082567,33.7085824],[36.1080662,33.708529],[36.1079019,33.7084289],[36.1078043,33.7083347],[36.1077302,33.7082391],[36.1076656,33.7081607],[36.1075954,33.7080777],[36.1074978,33.7080245],[36.1073995,33.7079879],[36.1071014,33.7077722],[36.1067495,33.7074985],[36.1064891,33.7073187],[36.1061843,33.7071205],[36.1060403,33.7070268],[36.1059295,33.7069684],[36.1057281,33.7068701],[36.1055841,33.706824],[36.1054234,33.7068132],[36.1053425,33.7068837]]},"properties":{"technical_code":"SY-RD-ZA-ZAB-RD-OSM-146816769","osm_way_id":146816769,"name_ar":null,"name_en":null,"highway":"residential","surface":null,"source":"OpenStreetMap contributors","quality_level":"D","official_status":"IMPORTED_UNVERIFIED"}},{"type":"Feature","id":"osm-way-146816770","geometry":{"type":"LineString","coordinates":[[36.0892502,33.720782],[36.0889572,33.7207567],[36.0888247,33.7207724],[36.088703,33.7207904],[36.0884515,33.7208849],[36.0883596,33.7209276],[36.0882811,33.7209411],[36.0881567,33.7209366],[36.0880026,33.7209209],[36.0878809,33.7208736],[36.0877782,33.7208219],[36.0876916,33.7208242],[36.0875402,33.7208736],[36.0874239,33.7208961],[36.087332,33.7209096],[36.0871048,33.7209254],[36.0869182,33.7209366],[36.086326,33.7209749],[36.0862017,33.7209546],[36.0860908,33.7209119],[36.0859826,33.7208444],[36.0858988,33.7207769],[36.0857771,33.7206802],[36.0856798,33.7206172],[36.0855554,33.7205745],[36.0854283,33.720552],[36.0852417,33.7205228],[36.084882,33.7204845],[36.0846522,33.7204508],[36.0844872,33.7204103],[36.0843277,33.7203496],[36.0841465,33.7202596],[36.0839599,33.7201494],[36.0837652,33.7200332],[36.0836057,33.719938],[36.0834029,33.7198165],[36.083338,33.7197603],[36.0832677,33.7196838],[36.0831676,33.7195849],[36.0830081,33.7194814],[36.0829648,33.7195241],[36.0829459,33.7195736],[36.0829513,33.719758],[36.0829783,33.7199177],[36.0830486,33.7204553]]},"properties":{"technical_code":"SY-RD-ZA-ZAB-RD-OSM-146816770","osm_way_id":146816770,"name_ar":null,"name_en":null,"highway":"residential","surface":null,"source":"OpenStreetMap contributors","quality_level":"D","official_status":"IMPORTED_UNVERIFIED"}},{"type":"Feature","id":"osm-way-146816772","geometry":{"type":"LineString","coordinates":[[36.0760882,33.7127098],[36.0762396,33.7128505],[36.0763992,33.7129944],[36.0765506,33.7132081],[36.0767264,33.713505],[36.076748,33.7136063],[36.0768237,33.7137952],[36.0768967,33.7139459],[36.0769914,33.7140651],[36.0771969,33.7142901],[36.0773483,33.714452],[36.0775295,33.714623],[36.0777593,33.7148052],[36.0779567,33.7149851],[36.0782082,33.7152213],[36.0786328,33.7158421],[36.078749,33.7159433],[36.0789167,33.716049],[36.0790276,33.7161165],[36.0794792,33.7163324],[36.0799362,33.7166271],[36.0800822,33.7166901],[36.0804878,33.7168813],[36.0811693,33.7171894],[36.0815343,33.7173199],[36.0818291,33.7174391],[36.0821076,33.7175605],[36.0824294,33.7177045],[36.082789,33.7178777],[36.0831541,33.7180441],[36.0834191,33.7182061],[36.0836138,33.7183658],[36.0837706,33.7185052],[36.0839302,33.7186604],[36.0841114,33.7187954],[36.0843061,33.7189011],[36.0845792,33.719036],[36.0848252,33.7191395],[36.0851957,33.7192587],[36.0855689,33.7193577],[36.0864504,33.7195714],[36.0877376,33.7198448],[36.0879566,33.7198952],[36.0882487,33.7199875],[36.0884515,33.7200864],[36.0886469,33.720184],[36.0888645,33.7203268],[36.0890339,33.720457],[36.0891637,33.7206083],[36.0892502,33.720782]]},"properties":{"technical_code":"SY-RD-ZA-ZAB-RD-OSM-146816772","osm_way_id":146816772,"name_ar":null,"name_en":null,"highway":"tertiary","surface":null,"source":"OpenStreetMap contributors","quality_level":"D","official_status":"IMPORTED_UNVERIFIED"}},{"type":"Feature","id":"osm-way-146816773","geometry":{"type":"LineString","coordinates":[[36.1223245,33.7120894],[36.12212,33.7120226],[36.1219479,33.711947],[36.1218446,33.7118999],[36.1217217,33.7118693],[36.1216234,33.7118529],[36.121353,33.7118447],[36.1212448,33.7117895],[36.1211465,33.7117343],[36.1210629,33.7116975],[36.1209891,33.7116689],[36.1208957,33.7116525],[36.1207999,33.7116361],[36.1206843,33.7116239],[36.1206155,33.7116341],[36.1205393,33.7116443],[36.1204409,33.7116689],[36.1203819,33.7116873],[36.12035,33.7116975],[36.1203229,33.711677],[36.120318,33.7116218],[36.1203746,33.7115584],[36.1204999,33.7114521],[36.1206007,33.7113826],[36.1207679,33.7113069],[36.1208982,33.7112313],[36.1210236,33.7111883],[36.1211219,33.7111515],[36.1211637,33.7111188],[36.1211735,33.711082],[36.1211563,33.7110452],[36.1211121,33.7110063],[36.1210113,33.7109654],[36.1208539,33.7109102],[36.1206868,33.7108509],[36.1205884,33.710812],[36.1204901,33.7107793],[36.1204041,33.7107466],[36.1203229,33.7107118],[36.1202541,33.7106893],[36.1201804,33.7106709],[36.1201115,33.7106607],[36.1200083,33.7106546],[36.1199173,33.7106587],[36.1198042,33.7106873],[36.1197133,33.7107159],[36.1196076,33.7107425],[36.1194699,33.7107752],[36.1193863,33.7107998],[36.1193617,33.7108386],[36.119374,33.7109347],[36.1193839,33.7110901],[36.1193716,33.7112844]]},"properties":{"technical_code":"SY-RD-ZA-ZAB-RD-OSM-146816773","osm_way_id":146816773,"name_ar":null,"name_en":null,"highway":"track","surface":null,"source":"OpenStreetMap contributors","quality_level":"D","official_status":"IMPORTED_UNVERIFIED"}},{"type":"Feature","id":"osm-way-146816775","geometry":{"type":"LineString","coordinates":[[36.1197237,33.7155719],[36.1194834,33.715488],[36.1193384,33.7154144],[36.1192425,33.7153592],[36.119127,33.7153122],[36.1190434,33.7152815],[36.1189155,33.7152242],[36.1187189,33.7151404],[36.1185738,33.715077],[36.1184657,33.7150218],[36.1183919,33.7149809],[36.1183133,33.7149216],[36.1182272,33.7148439],[36.1181781,33.7147682],[36.1181363,33.7146844],[36.1181117,33.7146087],[36.1180896,33.7145392],[36.1180723,33.714439],[36.1180576,33.7143838],[36.1180502,33.7143409],[36.1180256,33.7143122],[36.118006,33.7142775],[36.117974,33.7142816],[36.1179248,33.7143327],[36.1178265,33.7144554],[36.1177503,33.7145597],[36.1176962,33.7146578],[36.117652,33.7147744],[36.1176471,33.7148644],[36.1176421,33.7149482],[36.1176544,33.7150586],[36.1176766,33.7151445],[36.1176864,33.715212],[36.1176667,33.7152488],[36.1176323,33.715257],[36.1175856,33.7152467],[36.1175241,33.7151936],[36.1174627,33.7151118],[36.1173988,33.7150382],[36.1173447,33.7149543],[36.1173127,33.7148868],[36.117298,33.7147969],[36.1172857,33.7147008],[36.1172832,33.7146108],[36.1172734,33.7144574],[36.1173324,33.714345],[36.1173816,33.7142223],[36.1174135,33.71412],[36.1174455,33.7140055],[36.1174553,33.7138828],[36.1174381,33.7137744],[36.1174184,33.7136967],[36.1173717,33.7135577],[36.1173349,33.7134636],[36.1172931,33.7133716],[36.1172439,33.7133],[36.11718,33.7131957],[36.1171308,33.7131119]]},"properties":{"technical_code":"SY-RD-ZA-ZAB-RD-OSM-146816775","osm_way_id":146816775,"name_ar":null,"name_en":null,"highway":"track","surface":null,"source":"OpenStreetMap contributors","quality_level":"D","official_status":"IMPORTED_UNVERIFIED"}},{"type":"Feature","id":"osm-way-146816777","geometry":{"type":"LineString","coordinates":[[36.111851,33.7124437],[36.1119675,33.7124522],[36.1121655,33.7124339],[36.1123534,33.7124133],[36.1124969,33.7124066],[36.1128508,33.7124079]]},"properties":{"technical_code":"SY-RD-ZA-ZAB-RD-OSM-146816777","osm_way_id":146816777,"name_ar":null,"name_en":null,"highway":"residential","surface":null,"source":"OpenStreetMap contributors","quality_level":"D","official_status":"IMPORTED_UNVERIFIED"}},{"type":"Feature","id":"osm-way-146816778","geometry":{"type":"LineString","coordinates":[[36.1172734,33.7144574],[36.1172119,33.7145515],[36.1171652,33.7146128],[36.1171111,33.7146967],[36.1170841,33.7147417],[36.1170669,33.7148153],[36.1170669,33.7148868],[36.1170743,33.71494],[36.1170915,33.7149891],[36.1171677,33.7151363],[36.1173816,33.7153674],[36.1174529,33.715443],[36.1175266,33.7155105],[36.1175881,33.7155514],[36.1176569,33.7155985],[36.1177257,33.7156373],[36.1178118,33.7156884],[36.1178978,33.7157375],[36.1179863,33.7157866],[36.1180453,33.7158152],[36.1181215,33.7158438],[36.1182051,33.7158827],[36.1184337,33.7159399],[36.1185689,33.7159788],[36.1186968,33.7160176],[36.1188541,33.7160708],[36.1189745,33.7161158],[36.1190704,33.7161444],[36.1191958,33.7161792],[36.119272,33.7162037],[36.1193531,33.7162262],[36.1194588,33.7162487],[36.1195277,33.7162732],[36.1195768,33.7163039],[36.1195916,33.7163509],[36.1195793,33.7164021],[36.1195645,33.7164593],[36.119535,33.7165268],[36.1194982,33.7166004],[36.1194564,33.7166699],[36.1194072,33.7167558],[36.1193728,33.7168233],[36.1193531,33.7168765],[36.1193507,33.7169337],[36.1193802,33.7169644],[36.1194195,33.7169889],[36.1194711,33.716993],[36.1195178,33.7169848],[36.119685,33.716899],[36.1198399,33.7168437],[36.119948,33.716766],[36.1200513,33.7166986],[36.1201447,33.7166515],[36.1201914,33.7166086],[36.1202332,33.7165656],[36.1202701,33.7165145],[36.1202971,33.716445],[36.1203119,33.7163632],[36.1203217,33.716308],[36.1203315,33.7162548],[36.1203807,33.7162017],[36.1205188,33.716187]]},"properties":{"technical_code":"SY-RD-ZA-ZAB-RD-OSM-146816778","osm_way_id":146816778,"name_ar":null,"name_en":null,"highway":"track","surface":null,"source":"OpenStreetMap contributors","quality_level":"D","official_status":"IMPORTED_UNVERIFIED"}},{"type":"Feature","id":"osm-way-146816779","geometry":{"type":"LineString","coordinates":[[36.1182051,33.7158827],[36.1183415,33.7159913],[36.1183931,33.7160352],[36.1184504,33.7161067],[36.1184665,33.7161534],[36.1184733,33.7161992],[36.1184642,33.7162565],[36.1184504,33.7163042],[36.1184286,33.7163356],[36.1184045,33.7163643],[36.1183747,33.7163881],[36.1183426,33.7164053],[36.1183082,33.7164244],[36.1182876,33.716431],[36.1182635,33.7164348],[36.1182394,33.716431],[36.1182199,33.7164234],[36.1182027,33.7164091],[36.1181821,33.71639],[36.1181603,33.7163557],[36.1181476,33.716328],[36.1181327,33.7163003],[36.1181144,33.716267],[36.1180903,33.7162298],[36.1180651,33.7161964],[36.1180421,33.7161668],[36.1180215,33.716141],[36.1180032,33.7161248],[36.1179779,33.7161067],[36.1179515,33.7161067],[36.1179286,33.7161153],[36.1179091,33.7161305],[36.1178953,33.7161477],[36.1178839,33.7161735],[36.1178804,33.7162021],[36.1178781,33.7162307],[36.1178713,33.716267],[36.1178644,33.7162956],[36.1178323,33.7163728],[36.1177967,33.7164825],[36.1177554,33.7165846],[36.1177463,33.7166504],[36.1177463,33.7167258],[36.1177589,33.7168393],[36.1177761,33.7169891],[36.1177875,33.7170892],[36.1178139,33.717198],[36.1178552,33.7172905],[36.1179103,33.7173954],[36.1179825,33.7175271],[36.1180421,33.7176244],[36.1180915,33.7176931],[36.1181534,33.7177427],[36.1182119,33.7177932],[36.1182749,33.7178485],[36.1183174,33.717921],[36.1183415,33.7179878],[36.1183598,33.7180708],[36.1183873,33.7181681],[36.1184332,33.7182988],[36.1185066,33.7184571],[36.1185513,33.718564],[36.1185823,33.718645]]},"properties":{"technical_code":"SY-RD-ZA-ZAB-RD-OSM-146816779","osm_way_id":146816779,"name_ar":null,"name_en":null,"highway":"track","surface":null,"source":"OpenStreetMap contributors","quality_level":"D","official_status":"IMPORTED_UNVERIFIED"}},{"type":"Feature","id":"osm-way-146816780","geometry":{"type":"LineString","coordinates":[[36.1080995,33.7244791],[36.1080254,33.7244336],[36.1078322,33.7241277],[36.1077743,33.7239979],[36.1076871,33.7238439],[36.1075539,33.7236089],[36.1074934,33.7234561],[36.1072284,33.7230225],[36.1071862,33.7229534],[36.1071475,33.7226978],[36.1071451,33.7226066],[36.1071301,33.7224453],[36.1070911,33.7222471],[36.107019,33.7220282],[36.1069792,33.7217603],[36.1069597,33.7215671],[36.1069447,33.7213835],[36.1069699,33.7211964],[36.1070733,33.7210448],[36.1071965,33.7208661],[36.1072814,33.7206735],[36.1073916,33.7204297],[36.1075246,33.7202243],[36.1076574,33.7200395],[36.1077213,33.7199688],[36.10785,33.7197593],[36.1078663,33.71962],[36.107799,33.7195018],[36.1076761,33.7193334],[36.1075786,33.7191331],[36.1074604,33.7189397],[36.1074305,33.718805],[36.1074223,33.7186794],[36.1074581,33.7185148],[36.1075043,33.7183193],[36.1075306,33.7181093],[36.1075728,33.7178533],[36.1076077,33.717493],[36.1076031,33.7169653],[36.1076048,33.7165819],[36.1076073,33.7164069],[36.1075803,33.7163216],[36.1075782,33.7161362],[36.1076007,33.7157796],[36.1076008,33.7154326],[36.1076221,33.7151208],[36.1075761,33.7148458],[36.1074998,33.7145484],[36.1074139,33.7141516],[36.1073612,33.7139821],[36.1072751,33.7135406],[36.1072008,33.7132267],[36.1070987,33.7128889],[36.107037,33.7127272],[36.1068318,33.7118995],[36.1068203,33.7118467],[36.1067133,33.711356],[36.1065773,33.710773],[36.1064989,33.7104347],[36.1064364,33.7101953],[36.106347,33.7099175],[36.106247,33.7096248],[36.1061484,33.7093674],[36.1060772,33.7091794],[36.1059829,33.7088652],[36.1058415,33.7085116],[36.1057942,33.7084498],[36.1057249,33.7084034]]},"properties":{"technical_code":"SY-RD-ZA-ZAB-RD-OSM-146816780","osm_way_id":146816780,"name_ar":null,"name_en":null,"highway":"tertiary","surface":null,"source":"OpenStreetMap contributors","quality_level":"D","official_status":"IMPORTED_UNVERIFIED"}},{"type":"Feature","id":"osm-way-146816785","geometry":{"type":"LineString","coordinates":[[36.1118575,33.7112671],[36.1118452,33.7114128],[36.1118234,33.7118996],[36.1118234,33.7121583],[36.111851,33.7124437],[36.1118157,33.7127803],[36.112489,33.712727]]},"properties":{"technical_code":"SY-RD-ZA-ZAB-RD-OSM-146816785","osm_way_id":146816785,"name_ar":null,"name_en":null,"highway":"residential","surface":null,"source":"OpenStreetMap contributors","quality_level":"D","official_status":"IMPORTED_UNVERIFIED"}},{"type":"Feature","id":"osm-way-146816786","geometry":{"type":"LineString","coordinates":[[36.1091601,33.711964],[36.108829,33.7109848],[36.108794,33.7108776],[36.1087256,33.7108064],[36.1086814,33.7107655],[36.1086027,33.7106918],[36.1084774,33.7106162]]},"properties":{"technical_code":"SY-RD-ZA-ZAB-RD-OSM-146816786","osm_way_id":146816786,"name_ar":null,"name_en":null,"highway":"residential","surface":null,"source":"OpenStreetMap contributors","quality_level":"D","official_status":"IMPORTED_UNVERIFIED"}},{"type":"Feature","id":"osm-way-146816787","geometry":{"type":"LineString","coordinates":[[36.1171677,33.7151363],[36.1170567,33.7150208],[36.1169981,33.7149549],[36.1169568,33.7149026],[36.1169085,33.7148251],[36.1168775,33.7147399],[36.1168465,33.7146653],[36.1168284,33.714598],[36.1168129,33.7145205],[36.1168017,33.7144539],[36.1167991,33.7143794],[36.116806,33.7142855],[36.1168189,33.7141851],[36.1168306,33.7139456],[36.1168158,33.7138433],[36.1167839,33.7137472],[36.1167446,33.7136532],[36.1166954,33.7135673],[36.1166487,33.7134896],[36.1166044,33.7134323],[36.11657,33.7133935],[36.1165184,33.7133669],[36.1164496,33.7133505],[36.1163832,33.7133526],[36.1163242,33.7133832],[36.1162947,33.7134221],[36.1162799,33.7134712],[36.1162775,33.7135059],[36.1163119,33.7135571],[36.1163438,33.7136041],[36.1163783,33.7136552],[36.1164078,33.7137084],[36.1164127,33.7137493],[36.1164078,33.7138106],[36.1163906,33.7138699],[36.1163611,33.713919],[36.1163291,33.7139681],[36.1162553,33.7140417],[36.1161742,33.7141092],[36.1160882,33.714191],[36.1160071,33.7142728],[36.1159604,33.7143443],[36.115921,33.7144179],[36.115894,33.7144834],[36.1158841,33.7145509],[36.1158866,33.7146429],[36.1158891,33.7147349],[36.1158891,33.714829],[36.1158743,33.7149005],[36.1158399,33.7149373],[36.1157784,33.7149476],[36.1157071,33.7149292],[36.1156334,33.7148719],[36.1156014,33.714829],[36.1155744,33.714784],[36.1155474,33.7145263],[36.1155006,33.7142339],[36.1154908,33.7141521],[36.1154982,33.7140989],[36.1155203,33.7140499],[36.11554,33.7139967],[36.11554,33.7139497],[36.1155203,33.7139006],[36.1154589,33.7138904],[36.1153802,33.7139435],[36.1153064,33.714009],[36.1152278,33.7140969],[36.1151467,33.7142012],[36.115068,33.714328],[36.1150311,33.7143893]]},"properties":{"technical_code":"SY-RD-ZA-ZAB-RD-OSM-146816787","osm_way_id":146816787,"name_ar":null,"name_en":null,"highway":"track","surface":null,"source":"OpenStreetMap contributors","quality_level":"D","official_status":"IMPORTED_UNVERIFIED"}},{"type":"Feature","id":"osm-way-146830804","geometry":{"type":"LineString","coordinates":[[36.0860515,33.7269839],[36.0861187,33.7268472],[36.0861605,33.7267879],[36.0862195,33.7267245],[36.0863056,33.7266407],[36.0863793,33.726563],[36.0864531,33.7264771],[36.0865121,33.7263892],[36.0865563,33.7263135],[36.0866297,33.7261395]]},"properties":{"technical_code":"SY-RD-ZA-ZAB-RD-OSM-146830804","osm_way_id":146830804,"name_ar":null,"name_en":null,"highway":"track","surface":null,"source":"OpenStreetMap contributors","quality_level":"D","official_status":"IMPORTED_UNVERIFIED"}},{"type":"Feature","id":"osm-way-146830805","geometry":{"type":"LineString","coordinates":[[36.0954527,33.7322183],[36.095178,33.7320837],[36.0947188,33.7319092],[36.0944971,33.7318268],[36.0942951,33.7320902],[36.0940299,33.7320376],[36.0937369,33.7320771],[36.0934479,33.7318993],[36.0931351,33.7317544],[36.0929292,33.7316622]]},"properties":{"technical_code":"SY-RD-ZA-ZAB-RD-OSM-146830805","osm_way_id":146830805,"name_ar":null,"name_en":null,"highway":"residential","surface":null,"source":"OpenStreetMap contributors","quality_level":"D","official_status":"IMPORTED_UNVERIFIED"}},{"type":"Feature","id":"osm-way-146830806","geometry":{"type":"LineString","coordinates":[[36.0944253,33.729216],[36.0939824,33.7296405],[36.0939111,33.729713],[36.0938557,33.7297591],[36.0937884,33.7297821],[36.093729,33.7297755],[36.093387,33.7296335],[36.0932658,33.7295681],[36.0929134,33.7294989],[36.0922008,33.729005],[36.091956,33.7287322]]},"properties":{"technical_code":"SY-RD-ZA-ZAB-RD-OSM-146830806","osm_way_id":146830806,"name_ar":null,"name_en":null,"highway":"residential","surface":null,"source":"OpenStreetMap contributors","quality_level":"D","official_status":"IMPORTED_UNVERIFIED"}},{"type":"Feature","id":"osm-way-146830807","geometry":{"type":"LineString","coordinates":[[36.0896013,33.7277762],[36.0896267,33.7272888],[36.0895849,33.7272356],[36.0883902,33.7272111],[36.0882034,33.727207],[36.0880706,33.7272458],[36.0872299,33.7278592],[36.0870971,33.7279226],[36.0870013,33.7280534],[36.0869472,33.7280984],[36.086753,33.7281536]]},"properties":{"technical_code":"SY-RD-ZA-ZAB-RD-OSM-146830807","osm_way_id":146830807,"name_ar":null,"name_en":null,"highway":"residential","surface":null,"source":"OpenStreetMap contributors","quality_level":"D","official_status":"IMPORTED_UNVERIFIED"}},{"type":"Feature","id":"osm-way-146830808","geometry":{"type":"LineString","coordinates":[[36.0922358,33.7284743],[36.092371,33.7285638],[36.0924304,33.7286033],[36.0925373,33.7286198],[36.0927194,33.7287778],[36.0928699,33.7289063],[36.0930639,33.7290446],[36.0933252,33.7292059],[36.0939824,33.7296405],[36.094307,33.7298513],[36.0945802,33.7299863],[36.094695,33.7300356],[36.094798,33.7300324],[36.0951056,33.7297959]]},"properties":{"technical_code":"SY-RD-ZA-ZAB-RD-OSM-146830808","osm_way_id":146830808,"name_ar":null,"name_en":null,"highway":"residential","surface":null,"source":"OpenStreetMap contributors","quality_level":"D","official_status":"IMPORTED_UNVERIFIED"}},{"type":"Feature","id":"osm-way-146830809","geometry":{"type":"LineString","coordinates":[[36.093387,33.7296335],[36.0932618,33.7299797]]},"properties":{"technical_code":"SY-RD-ZA-ZAB-RD-OSM-146830809","osm_way_id":146830809,"name_ar":null,"name_en":null,"highway":"residential","surface":null,"source":"OpenStreetMap contributors","quality_level":"D","official_status":"IMPORTED_UNVERIFIED"}},{"type":"Feature","id":"osm-way-146830810","geometry":{"type":"LineString","coordinates":[[36.095079,33.7304044],[36.0953166,33.7308325]]},"properties":{"technical_code":"SY-RD-ZA-ZAB-RD-OSM-146830810","osm_way_id":146830810,"name_ar":null,"name_en":null,"highway":"service","surface":null,"source":"OpenStreetMap contributors","quality_level":"D","official_status":"IMPORTED_UNVERIFIED"}},{"type":"Feature","id":"osm-way-146830811","geometry":{"type":"LineString","coordinates":[[36.086326,33.7209749],[36.0863331,33.7210412],[36.0863687,33.7211301],[36.086535,33.7213474],[36.086535,33.7214264],[36.0863925,33.721377],[36.0862856,33.721354],[36.0861866,33.7213474],[36.0861035,33.7213639],[36.0860164,33.7214067],[36.0859411,33.7214693],[36.0858778,33.7215318],[36.0858382,33.721601],[36.0858026,33.7216833],[36.0855532,33.7220389],[36.0854067,33.7223024],[36.0852602,33.7225757],[36.0850781,33.7228589],[36.0850226,33.7228753],[36.0849276,33.7228786]]},"properties":{"technical_code":"SY-RD-ZA-ZAB-RD-OSM-146830811","osm_way_id":146830811,"name_ar":null,"name_en":null,"highway":"residential","surface":null,"source":"OpenStreetMap contributors","quality_level":"D","official_status":"IMPORTED_UNVERIFIED"}},{"type":"Feature","id":"osm-way-146830812","geometry":{"type":"LineString","coordinates":[[36.0947188,33.7319092],[36.0945129,33.7322977],[36.0944179,33.7324393],[36.0942278,33.7326335],[36.0939784,33.7330187],[36.0939111,33.7332953],[36.093824,33.7335884],[36.0937448,33.7337991],[36.0936854,33.7339176],[36.093634,33.73399],[36.0935785,33.7340131],[36.0932143,33.7340592],[36.0930203,33.7340493],[36.0929411,33.7340263],[36.0928619,33.7340197],[36.0922799,33.734023],[36.0919315,33.7341711],[36.0918365,33.7341316],[36.0916227,33.7338221],[36.0915594,33.7336707]]},"properties":{"technical_code":"SY-RD-ZA-ZAB-RD-OSM-146830812","osm_way_id":146830812,"name_ar":null,"name_en":null,"highway":"residential","surface":null,"source":"OpenStreetMap contributors","quality_level":"D","official_status":"IMPORTED_UNVERIFIED"}},{"type":"Feature","id":"osm-way-146830813","geometry":{"type":"LineString","coordinates":[[36.0898361,33.7240565],[36.0899441,33.7243649],[36.089938,33.7257046]]},"properties":{"technical_code":"SY-RD-ZA-ZAB-RD-OSM-146830813","osm_way_id":146830813,"name_ar":null,"name_en":null,"highway":"residential","surface":null,"source":"OpenStreetMap contributors","quality_level":"D","official_status":"IMPORTED_UNVERIFIED"}},{"type":"Feature","id":"osm-way-146830814","geometry":{"type":"LineString","coordinates":[[36.0928619,33.7340197],[36.0927748,33.7337201],[36.0928382,33.7331867]]},"properties":{"technical_code":"SY-RD-ZA-ZAB-RD-OSM-146830814","osm_way_id":146830814,"name_ar":null,"name_en":null,"highway":"residential","surface":null,"source":"OpenStreetMap contributors","quality_level":"D","official_status":"IMPORTED_UNVERIFIED"}},{"type":"Feature","id":"osm-way-146830815","geometry":{"type":"LineString","coordinates":[[36.0827819,33.7279176],[36.0825485,33.7280308],[36.0821209,33.7283699]]},"properties":{"technical_code":"SY-RD-ZA-ZAB-RD-OSM-146830815","osm_way_id":146830815,"name_ar":null,"name_en":null,"highway":"residential","surface":null,"source":"OpenStreetMap contributors","quality_level":"D","official_status":"IMPORTED_UNVERIFIED"}},{"type":"Feature","id":"osm-way-146830816","geometry":{"type":"LineString","coordinates":[[36.0931351,33.7317544],[36.093052,33.7319355],[36.092858,33.7324063]]},"properties":{"technical_code":"SY-RD-ZA-ZAB-RD-OSM-146830816","osm_way_id":146830816,"name_ar":null,"name_en":null,"highway":"residential","surface":null,"source":"OpenStreetMap contributors","quality_level":"D","official_status":"IMPORTED_UNVERIFIED"}},{"type":"Feature","id":"osm-way-146830817","geometry":{"type":"LineString","coordinates":[[36.0897589,33.7237143],[36.0898361,33.7240565],[36.0904516,33.7239562]]},"properties":{"technical_code":"SY-RD-ZA-ZAB-RD-OSM-146830817","osm_way_id":146830817,"name_ar":null,"name_en":null,"highway":"residential","surface":null,"source":"OpenStreetMap contributors","quality_level":"D","official_status":"IMPORTED_UNVERIFIED"}},{"type":"Feature","id":"osm-way-146830818","geometry":{"type":"LineString","coordinates":[[36.0929411,33.7340263],[36.0930678,33.7333118],[36.0932341,33.7324952]]},"properties":{"technical_code":"SY-RD-ZA-ZAB-RD-OSM-146830818","osm_way_id":146830818,"name_ar":null,"name_en":null,"highway":"residential","surface":null,"source":"OpenStreetMap contributors","quality_level":"D","official_status":"IMPORTED_UNVERIFIED"}},{"type":"Feature","id":"osm-way-146830819","geometry":{"type":"LineString","coordinates":[[36.0885204,33.7262193],[36.0880133,33.7252314],[36.0873805,33.7246129]]},"properties":{"technical_code":"SY-RD-ZA-ZAB-RD-OSM-146830819","osm_way_id":146830819,"name_ar":null,"name_en":null,"highway":"residential","surface":null,"source":"OpenStreetMap contributors","quality_level":"D","official_status":"IMPORTED_UNVERIFIED"}},{"type":"Feature","id":"osm-way-146830820","geometry":{"type":"LineString","coordinates":[[36.0956132,33.7302052],[36.095079,33.7304044],[36.0948771,33.7304999],[36.0951068,33.7308884]]},"properties":{"technical_code":"SY-RD-ZA-ZAB-RD-OSM-146830820","osm_way_id":146830820,"name_ar":null,"name_en":null,"highway":"service","surface":null,"source":"OpenStreetMap contributors","quality_level":"D","official_status":"IMPORTED_UNVERIFIED"}},{"type":"Feature","id":"osm-way-146830821","geometry":{"type":"LineString","coordinates":[[36.0939111,33.7332953],[36.0936317,33.733183],[36.0933341,33.7331779],[36.0933692,33.7329494]]},"properties":{"technical_code":"SY-RD-ZA-ZAB-RD-OSM-146830821","osm_way_id":146830821,"name_ar":null,"name_en":null,"highway":"residential","surface":null,"source":"OpenStreetMap contributors","quality_level":"D","official_status":"IMPORTED_UNVERIFIED"}},{"type":"Feature","id":"osm-way-146830822","geometry":{"type":"LineString","coordinates":[[36.0870006,33.7260989],[36.0869914,33.7261581],[36.0870013,33.7263278],[36.0870529,33.7264219],[36.0872643,33.7267633]]},"properties":{"technical_code":"SY-RD-ZA-ZAB-RD-OSM-146830822","osm_way_id":146830822,"name_ar":null,"name_en":null,"highway":"track","surface":null,"source":"OpenStreetMap contributors","quality_level":"D","official_status":"IMPORTED_UNVERIFIED"}},{"type":"Feature","id":"osm-way-146830824","geometry":{"type":"LineString","coordinates":[[36.086753,33.7281536],[36.0864211,33.7278449],[36.0860646,33.7271518],[36.0860515,33.7269839],[36.0860327,33.7267449],[36.0858655,33.7263156],[36.0863676,33.7261383]]},"properties":{"technical_code":"SY-RD-ZA-ZAB-RD-OSM-146830824","osm_way_id":146830824,"name_ar":null,"name_en":null,"highway":"track","surface":null,"source":"OpenStreetMap contributors","quality_level":"D","official_status":"IMPORTED_UNVERIFIED"}},{"type":"Feature","id":"osm-way-146831358","geometry":{"type":"LineString","coordinates":[[36.1023449,33.7332277],[36.1024418,33.7333319],[36.1024582,33.7335414],[36.1024804,33.7338259],[36.1024496,33.733935],[36.1023647,33.7340377],[36.1022846,33.7341324],[36.1021821,33.7341342],[36.1020375,33.7341378],[36.1019731,33.7341412],[36.1017839,33.734136],[36.1016219,33.7341248],[36.1014934,33.7341143],[36.1013714,33.7341053],[36.1011225,33.7342943],[36.1010377,33.7344162],[36.1009451,33.7345702],[36.1008525,33.7347049],[36.1007522,33.7348012],[36.1006365,33.7348782],[36.1005516,33.7349423],[36.1004436,33.735045],[36.100405,33.7351092],[36.1003819,33.7352631],[36.1003742,33.7354877],[36.1003356,33.7356866],[36.100297,33.7358021],[36.1002199,33.7359047],[36.1001119,33.7359946],[36.099973,33.7360523],[36.0998495,33.7361101],[36.0997184,33.7361485],[36.0995949,33.7362127],[36.0995409,33.7362961],[36.0994869,33.7364437],[36.0994561,33.7365656],[36.0993326,33.7367132],[36.0992169,33.7368094],[36.0990857,33.7368928],[36.0989854,33.7369955],[36.0988774,33.7371302],[36.0987077,33.7372713],[36.0985225,33.7374253],[36.0984299,33.7374895],[36.0983373,33.7375665],[36.0980905,33.7375472],[36.097859,33.7375087],[36.0977201,33.7375023],[36.0974964,33.7375344],[36.095863,33.7377912],[36.0956526,33.7378336],[36.0954613,33.737876],[36.095321,33.7379397],[36.0952126,33.7380139],[36.0945623,33.7385706],[36.0944347,33.7386555],[36.0943136,33.738735],[36.0941414,33.7388145],[36.0940394,33.7388888],[36.0939629,33.7389948],[36.0939183,33.7391009],[36.0939055,33.7392811],[36.0939438,33.7394508],[36.0939565,33.7396364],[36.0939246,33.7398008],[36.0938736,33.7399545],[36.0938226,33.74005],[36.0937907,33.7401931],[36.093778,33.7403257],[36.0937333,33.7403946],[36.0936568,33.7404848],[36.093625,33.740559],[36.0936058,33.740734],[36.0936186,33.7408665],[36.0936568,33.7409938],[36.0937142,33.7411369],[36.0937461,33.7412536],[36.0937461,33.7413702],[36.0938417,33.7415399],[36.0939374,33.7417043],[36.0939884,33.7418103],[36.094033,33.7419323],[36.0940458,33.7420065],[36.0940203,33.7420807],[36.093982,33.7421708],[36.0938928,33.7423299],[36.0938417,33.7424413],[36.0938035,33.7425791],[36.0937716,33.7427382],[36.0936441,33.7433956],[36.0936313,33.7436236],[36.0936313,33.7438039],[36.0935357,33.7441114],[36.0934719,33.7443023],[36.0934337,33.7444825],[36.0934209,33.7446257],[36.0934528,33.7446946],[36.0935421,33.7447158],[36.0936951,33.7446999],[36.0938736,33.7446999],[36.0939565,33.744737],[36.0940203,33.7448166],[36.0940968,33.7449438],[36.0941159,33.7450764],[36.0941159,33.7452248],[36.094084,33.7453521],[36.094033,33.7455005],[36.0939693,33.7456012],[36.0938864,33.7456808],[36.0938035,33.7458027],[36.0936887,33.7459565],[36.0936186,33.7460837],[36.0935739,33.7462216],[36.0935803,33.7464124],[36.0936122,33.7466298],[36.0936696,33.7469479],[36.0936951,33.7471494],[36.093727,33.7477061],[36.0937589,33.7480825],[36.0937333,33.7484218],[36.094084,33.7492966],[36.0941478,33.7494875],[36.0942498,33.7496677],[36.0943391,33.7498215],[36.0944666,33.7500918],[36.094575,33.7504099]]},"properties":{"technical_code":"SY-RD-ZA-ZAB-RD-OSM-146831358","osm_way_id":146831358,"name_ar":null,"name_en":null,"highway":"secondary","surface":null,"source":"OpenStreetMap contributors","quality_level":"D","official_status":"IMPORTED_UNVERIFIED"}},{"type":"Feature","id":"osm-way-146831360","geometry":{"type":"LineString","coordinates":[[36.0955839,33.7323315],[36.0965786,33.7321512]]},"properties":{"technical_code":"SY-RD-ZA-ZAB-RD-OSM-146831360","osm_way_id":146831360,"name_ar":null,"name_en":null,"highway":"residential","surface":null,"source":"OpenStreetMap contributors","quality_level":"D","official_status":"IMPORTED_UNVERIFIED"}},{"type":"Feature","id":"osm-way-146831361","geometry":{"type":"LineString","coordinates":[[36.0993326,33.7367132],[36.0990526,33.7366107],[36.098721,33.7365046],[36.098568,33.7364198],[36.0984213,33.7362713],[36.0983321,33.736091],[36.0982428,33.735932],[36.0981535,33.7358153],[36.0980133,33.7356774],[36.0979176,33.7355873],[36.0977837,33.7353487],[36.0976626,33.7350942],[36.0975223,33.7347972],[36.097433,33.7346859],[36.0973119,33.7345427],[36.0971397,33.7343359],[36.0969676,33.7341768],[36.0968592,33.734023],[36.096789,33.7339488],[36.096789,33.7338268],[36.0968145,33.7336837],[36.09684,33.7335776],[36.0969229,33.7334716],[36.0970951,33.7333708],[36.0974777,33.7334079],[36.0977773,33.7334291],[36.0984277,33.7336678],[36.0988996,33.7339276],[36.0991164,33.7339912],[36.0995117,33.73397],[36.0997476,33.7339806],[36.1001302,33.7339276],[36.1004362,33.7339647],[36.1009591,33.7341132],[36.1013714,33.7341053]]},"properties":{"technical_code":"SY-RD-ZA-ZAB-RD-OSM-146831361","osm_way_id":146831361,"name_ar":null,"name_en":null,"highway":"residential","surface":null,"source":"OpenStreetMap contributors","quality_level":"D","official_status":"IMPORTED_UNVERIFIED"}},{"type":"Feature","id":"osm-way-146831362","geometry":{"type":"LineString","coordinates":[[36.0969229,33.7334716],[36.096585,33.7333178],[36.0963172,33.7331746],[36.0960366,33.7330155],[36.0958645,33.7328883],[36.0957433,33.7327451],[36.0956668,33.7325436],[36.0955839,33.7323315],[36.0954527,33.7322183]]},"properties":{"technical_code":"SY-RD-ZA-ZAB-RD-OSM-146831362","osm_way_id":146831362,"name_ar":null,"name_en":null,"highway":"residential","surface":null,"source":"OpenStreetMap contributors","quality_level":"D","official_status":"IMPORTED_UNVERIFIED"}},{"type":"Feature","id":"osm-way-146831448","geometry":{"type":"LineString","coordinates":[[36.1023449,33.7332277],[36.1022731,33.7325192],[36.1021886,33.7321953],[36.1021797,33.7320299],[36.1022358,33.7319236],[36.1022608,33.7318977],[36.1023129,33.7318437],[36.1023853,33.731701],[36.1024338,33.7314724],[36.1024953,33.7310752],[36.1025273,33.730807],[36.1025524,33.7305967]]},"properties":{"technical_code":"SY-RD-ZA-ZAB-RD-OSM-146831448","osm_way_id":146831448,"name_ar":null,"name_en":null,"highway":"secondary","surface":null,"source":"OpenStreetMap contributors","quality_level":"D","official_status":"IMPORTED_UNVERIFIED"}},{"type":"Feature","id":"osm-way-146839700","geometry":{"type":"LineString","coordinates":[[36.0933161,33.7258312],[36.0934599,33.7260923],[36.0935118,33.7261794],[36.0935761,33.7261986],[36.0936981,33.7261878],[36.0939594,33.7261334],[36.0941728,33.7260863],[36.0943774,33.7260248],[36.0945647,33.725956],[36.0947128,33.7258944],[36.0949188,33.7258287]]},"properties":{"technical_code":"SY-RD-ZA-ZAB-RD-OSM-146839700","osm_way_id":146839700,"name_ar":null,"name_en":null,"highway":"residential","surface":null,"source":"OpenStreetMap contributors","quality_level":"D","official_status":"IMPORTED_UNVERIFIED"}},{"type":"Feature","id":"osm-way-146839701","geometry":{"type":"LineString","coordinates":[[36.0923845,33.723321],[36.0922551,33.7234876],[36.0921767,33.7235637],[36.0921509,33.7236165],[36.0921201,33.7236796],[36.0921375,33.7237593],[36.0922321,33.7238966],[36.0923456,33.72408],[36.0925092,33.7243461],[36.0926255,33.724573],[36.0926946,33.7247516],[36.0928125,33.7249442],[36.0928585,33.725007],[36.0929928,33.7251879],[36.093063,33.7253977],[36.093199,33.7255913],[36.0932405,33.725713],[36.0933161,33.7258312]]},"properties":{"technical_code":"SY-RD-ZA-ZAB-RD-OSM-146839701","osm_way_id":146839701,"name_ar":null,"name_en":null,"highway":"residential","surface":null,"source":"OpenStreetMap contributors","quality_level":"D","official_status":"IMPORTED_UNVERIFIED"}},{"type":"Feature","id":"osm-way-146839702","geometry":{"type":"LineString","coordinates":[[36.0989732,33.7226198],[36.0988062,33.7228502]]},"properties":{"technical_code":"SY-RD-ZA-ZAB-RD-OSM-146839702","osm_way_id":146839702,"name_ar":null,"name_en":null,"highway":"residential","surface":null,"source":"OpenStreetMap contributors","quality_level":"D","official_status":"IMPORTED_UNVERIFIED"}},{"type":"Feature","id":"osm-way-146839703","geometry":{"type":"LineString","coordinates":[[36.0982638,33.7238603],[36.0980797,33.7226673]]},"properties":{"technical_code":"SY-RD-ZA-ZAB-RD-OSM-146839703","osm_way_id":146839703,"name_ar":null,"name_en":null,"highway":"residential","surface":null,"source":"OpenStreetMap contributors","quality_level":"D","official_status":"IMPORTED_UNVERIFIED"}},{"type":"Feature","id":"osm-way-146839704","geometry":{"type":"LineString","coordinates":[[36.0956807,33.7249421],[36.0949649,33.7243276]]},"properties":{"technical_code":"SY-RD-ZA-ZAB-RD-OSM-146839704","osm_way_id":146839704,"name_ar":null,"name_en":null,"highway":"residential","surface":null,"source":"OpenStreetMap contributors","quality_level":"D","official_status":"IMPORTED_UNVERIFIED"}},{"type":"Feature","id":"osm-way-146839705","geometry":{"type":"LineString","coordinates":[[36.0965735,33.7239827],[36.0968209,33.7238267]]},"properties":{"technical_code":"SY-RD-ZA-ZAB-RD-OSM-146839705","osm_way_id":146839705,"name_ar":null,"name_en":null,"highway":"residential","surface":null,"source":"OpenStreetMap contributors","quality_level":"D","official_status":"IMPORTED_UNVERIFIED"}},{"type":"Feature","id":"osm-way-146839706","geometry":{"type":"LineString","coordinates":[[36.0922151,33.7248692],[36.092014,33.7245887]]},"properties":{"technical_code":"SY-RD-ZA-ZAB-RD-OSM-146839706","osm_way_id":146839706,"name_ar":null,"name_en":null,"highway":"residential","surface":null,"source":"OpenStreetMap contributors","quality_level":"D","official_status":"IMPORTED_UNVERIFIED"}},{"type":"Feature","id":"osm-way-146839707","geometry":{"type":"LineString","coordinates":[[36.0978472,33.7240181],[36.0972806,33.723199]]},"properties":{"technical_code":"SY-RD-ZA-ZAB-RD-OSM-146839707","osm_way_id":146839707,"name_ar":null,"name_en":null,"highway":"residential","surface":null,"source":"OpenStreetMap contributors","quality_level":"D","official_status":"IMPORTED_UNVERIFIED"}},{"type":"Feature","id":"osm-way-146839708","geometry":{"type":"LineString","coordinates":[[36.1003106,33.7234063],[36.1006336,33.7231422],[36.1007185,33.723013],[36.1008146,33.7228342],[36.1009124,33.722663],[36.1009639,33.722574],[36.1010286,33.72252],[36.1010918,33.7224728],[36.1011766,33.7224418],[36.101253,33.722435],[36.1014423,33.7224226],[36.1016745,33.7223776],[36.1018778,33.7223336],[36.1019372,33.7223207],[36.1022106,33.7222816],[36.1022427,33.7222751],[36.1023379,33.7222557],[36.1025133,33.7222408],[36.1026386,33.722261],[36.1028437,33.7223708],[36.1028946,33.7224731],[36.1031803,33.7228543],[36.1035585,33.7233647],[36.1036879,33.7235394],[36.1039629,33.723971],[36.1040242,33.724061],[36.1040419,33.7240871],[36.1045129,33.7241828],[36.1045889,33.7241975]]},"properties":{"technical_code":"SY-RD-ZA-ZAB-RD-OSM-146839708","osm_way_id":146839708,"name_ar":null,"name_en":null,"highway":"residential","surface":null,"source":"OpenStreetMap contributors","quality_level":"D","official_status":"IMPORTED_UNVERIFIED"}},{"type":"Feature","id":"osm-way-146839709","geometry":{"type":"LineString","coordinates":[[36.0993256,33.7230936],[36.0988062,33.7228502],[36.0985943,33.722756]]},"properties":{"technical_code":"SY-RD-ZA-ZAB-RD-OSM-146839709","osm_way_id":146839709,"name_ar":null,"name_en":null,"highway":"residential","surface":null,"source":"OpenStreetMap contributors","quality_level":"D","official_status":"IMPORTED_UNVERIFIED"}},{"type":"Feature","id":"osm-way-146839710","geometry":{"type":"LineString","coordinates":[[36.0906195,33.7241401],[36.0908499,33.7239854],[36.0911465,33.7238012]]},"properties":{"technical_code":"SY-RD-ZA-ZAB-RD-OSM-146839710","osm_way_id":146839710,"name_ar":null,"name_en":null,"highway":"residential","surface":null,"source":"OpenStreetMap contributors","quality_level":"D","official_status":"IMPORTED_UNVERIFIED"}},{"type":"Feature","id":"osm-way-146839711","geometry":{"type":"LineString","coordinates":[[36.093886,33.7248422],[36.0944469,33.724317],[36.0942347,33.7239702]]},"properties":{"technical_code":"SY-RD-ZA-ZAB-RD-OSM-146839711","osm_way_id":146839711,"name_ar":null,"name_en":null,"highway":"residential","surface":null,"source":"OpenStreetMap contributors","quality_level":"D","official_status":"IMPORTED_UNVERIFIED"}},{"type":"Feature","id":"osm-way-146839712","geometry":{"type":"LineString","coordinates":[[36.0964817,33.7237244],[36.096607,33.7236467],[36.0967742,33.7234914]]},"properties":{"technical_code":"SY-RD-ZA-ZAB-RD-OSM-146839712","osm_way_id":146839712,"name_ar":null,"name_en":null,"highway":"residential","surface":null,"source":"OpenStreetMap contributors","quality_level":"D","official_status":"IMPORTED_UNVERIFIED"}},{"type":"Feature","id":"osm-way-146839713","geometry":{"type":"LineString","coordinates":[[36.0962619,33.7245579],[36.0960982,33.7243808],[36.0957393,33.7240209],[36.0955502,33.723792],[36.0954899,33.7235209],[36.095314,33.7225851]]},"properties":{"technical_code":"SY-RD-ZA-ZAB-RD-OSM-146839713","osm_way_id":146839713,"name_ar":null,"name_en":null,"highway":"residential","surface":null,"source":"OpenStreetMap contributors","quality_level":"D","official_status":"IMPORTED_UNVERIFIED"}},{"type":"Feature","id":"osm-way-146839714","geometry":{"type":"LineString","coordinates":[[36.0974939,33.7241522],[36.0972536,33.7238389],[36.0970618,33.7235834]]},"properties":{"technical_code":"SY-RD-ZA-ZAB-RD-OSM-146839714","osm_way_id":146839714,"name_ar":null,"name_en":null,"highway":"residential","surface":null,"source":"OpenStreetMap contributors","quality_level":"D","official_status":"IMPORTED_UNVERIFIED"}},{"type":"Feature","id":"osm-way-146839715","geometry":{"type":"LineString","coordinates":[[36.0941418,33.7250894],[36.0943205,33.7249633],[36.0944409,33.7248488],[36.0946302,33.7246014]]},"properties":{"technical_code":"SY-RD-ZA-ZAB-RD-OSM-146839715","osm_way_id":146839715,"name_ar":null,"name_en":null,"highway":"residential","surface":null,"source":"OpenStreetMap contributors","quality_level":"D","official_status":"IMPORTED_UNVERIFIED"}},{"type":"Feature","id":"osm-way-146839716","geometry":{"type":"LineString","coordinates":[[36.0915078,33.7225055],[36.0911417,33.7228317],[36.090876,33.7229839],[36.0907715,33.7228752],[36.0906234,33.722973]]},"properties":{"technical_code":"SY-RD-ZA-ZAB-RD-OSM-146839716","osm_way_id":146839716,"name_ar":null,"name_en":null,"highway":"service","surface":null,"source":"OpenStreetMap contributors","quality_level":"D","official_status":"IMPORTED_UNVERIFIED"}},{"type":"Feature","id":"osm-way-146839717","geometry":{"type":"LineString","coordinates":[[36.0921509,33.7236165],[36.0920094,33.7236721],[36.0918083,33.7237669],[36.0916509,33.7238744]]},"properties":{"technical_code":"SY-RD-ZA-ZAB-RD-OSM-146839717","osm_way_id":146839717,"name_ar":null,"name_en":null,"highway":"residential","surface":null,"source":"OpenStreetMap contributors","quality_level":"D","official_status":"IMPORTED_UNVERIFIED"}},{"type":"Feature","id":"osm-way-146839718","geometry":{"type":"LineString","coordinates":[[36.0935761,33.7261986],[36.0935587,33.7262728],[36.0936153,33.7263959],[36.0936458,33.7265227],[36.0938253,33.726845]]},"properties":{"technical_code":"SY-RD-ZA-ZAB-RD-OSM-146839718","osm_way_id":146839718,"name_ar":null,"name_en":null,"highway":"residential","surface":null,"source":"OpenStreetMap contributors","quality_level":"D","official_status":"IMPORTED_UNVERIFIED"}},{"type":"Feature","id":"osm-way-146839719","geometry":{"type":"LineString","coordinates":[[36.0961004,33.7229614],[36.0964133,33.7227278],[36.0964768,33.722677],[36.0965316,33.7225866],[36.0966354,33.7224757],[36.0967772,33.7223768],[36.0970376,33.7221717],[36.0971297,33.721966]]},"properties":{"technical_code":"SY-RD-ZA-ZAB-RD-OSM-146839719","osm_way_id":146839719,"name_ar":null,"name_en":null,"highway":"residential","surface":null,"source":"OpenStreetMap contributors","quality_level":"D","official_status":"IMPORTED_UNVERIFIED"}},{"type":"Feature","id":"osm-way-146839720","geometry":{"type":"LineString","coordinates":[[36.0924544,33.7233687],[36.0929847,33.7230232],[36.0935758,33.7226134],[36.0935765,33.7225717],[36.0934399,33.7221901],[36.0934411,33.7219425],[36.0934636,33.7216332]]},"properties":{"technical_code":"SY-RD-ZA-ZAB-RD-OSM-146839720","osm_way_id":146839720,"name_ar":null,"name_en":null,"highway":"residential","surface":null,"source":"OpenStreetMap contributors","quality_level":"D","official_status":"IMPORTED_UNVERIFIED"}},{"type":"Feature","id":"osm-way-146839721","geometry":{"type":"LineString","coordinates":[[36.0928125,33.7249442],[36.0924427,33.7250669],[36.0922151,33.7248692],[36.0919754,33.7249773],[36.0918048,33.7247982],[36.0917336,33.7247593],[36.0916341,33.7247238],[36.0913009,33.7243166]]},"properties":{"technical_code":"SY-RD-ZA-ZAB-RD-OSM-146839721","osm_way_id":146839721,"name_ar":null,"name_en":null,"highway":"residential","surface":null,"source":"OpenStreetMap contributors","quality_level":"D","official_status":"IMPORTED_UNVERIFIED"}},{"type":"Feature","id":"osm-way-146839722","geometry":{"type":"LineString","coordinates":[[36.094842,33.7250739],[36.0944542,33.7253914],[36.0940213,33.7255653],[36.0939888,33.7255738],[36.0939522,33.7255789],[36.0939096,33.7255789],[36.0935845,33.7253524],[36.0930684,33.7249249]]},"properties":{"technical_code":"SY-RD-ZA-ZAB-RD-OSM-146839722","osm_way_id":146839722,"name_ar":null,"name_en":null,"highway":"residential","surface":null,"source":"OpenStreetMap contributors","quality_level":"D","official_status":"IMPORTED_UNVERIFIED"}},{"type":"Feature","id":"osm-way-146839723","geometry":{"type":"LineString","coordinates":[[36.095314,33.7225851],[36.0951703,33.7222509],[36.0949094,33.7216916],[36.0945095,33.720954],[36.0943356,33.7205297],[36.0941965,33.7202211],[36.0940863,33.7199415],[36.0939646,33.7197197],[36.0938545,33.7196185],[36.0936226,33.7192328],[36.0934429,33.718847],[36.0932458,33.7183938],[36.0930951,33.7180274],[36.0929908,33.717661],[36.092869,33.717391],[36.0927647,33.7171258],[36.0926198,33.716904],[36.0924865,33.7166388],[36.092301,33.7164411],[36.0921619,33.7163013],[36.09153,33.7148838],[36.0912634,33.7143727],[36.0909736,33.7138519],[36.0907881,33.7135578],[36.0906664,33.7133505],[36.0906895,33.7131721],[36.0906084,33.7129454],[36.0905214,33.7127333],[36.0904925,33.7125597],[36.0903302,33.7120052],[36.0900693,33.7113542],[36.0899824,33.7111855],[36.0898838,33.7108672],[36.0896404,33.7104526],[36.0894897,33.7102066],[36.0893621,33.7098884],[36.0892462,33.7095894],[36.0891882,33.7092278],[36.0891535,33.709006],[36.0890955,33.708842],[36.0889448,33.7086347],[36.0888404,33.7083936],[36.0887419,33.7081477],[36.0882724,33.7072267],[36.0879767,33.70673],[36.0878202,33.7063828],[36.0877159,33.7061224],[36.0876753,33.7057029],[36.0875834,33.7056879],[36.0875201,33.7056529],[36.087478,33.7055477],[36.0874147,33.7054337],[36.0873568,33.7053285],[36.0872725,33.7052101],[36.087204,33.7051137],[36.0871091,33.7049953],[36.0870353,33.7049032],[36.0869352,33.7047761],[36.0868614,33.7046446],[36.0868298,33.7045131],[36.0868087,33.7043903],[36.0867771,33.7042807],[36.0867086,33.7041317],[36.0866401,33.7040089],[36.0865769,33.7039388],[36.0865242,33.7038993],[36.0863187,33.7036451],[36.0861658,33.7034829],[36.0860499,33.7033514],[36.0859498,33.7032242],[36.0858655,33.7030664],[36.085797,33.7029305],[36.0857548,33.7027946],[36.0857285,33.7026806],[36.0856283,33.7024833],[36.0855756,33.7023606],[36.0855335,33.7022115],[36.0854861,33.7020099],[36.0854386,33.7017907],[36.0854017,33.7016241],[36.0853649,33.7014487],[36.085328,33.7013567],[36.085054,33.7007955],[36.0849907,33.7005062],[36.0848959,33.7001905],[36.0848432,33.6999713],[36.0847483,33.6996469],[36.0847167,33.6994584],[36.084743,33.6992699]]},"properties":{"technical_code":"SY-RD-ZA-ZAB-RD-OSM-146839723","osm_way_id":146839723,"name_ar":null,"name_en":null,"highway":"tertiary","surface":null,"source":"OpenStreetMap contributors","quality_level":"D","official_status":"IMPORTED_UNVERIFIED"}},{"type":"Feature","id":"osm-way-146839724","geometry":{"type":"LineString","coordinates":[[36.0968136,33.7243912],[36.0965735,33.7239827],[36.0964817,33.7237244],[36.0963956,33.7234975],[36.0963219,33.7233176],[36.0962162,33.7231908],[36.0960933,33.7230415],[36.0961004,33.7229614],[36.0958676,33.722405]]},"properties":{"technical_code":"SY-RD-ZA-ZAB-RD-OSM-146839724","osm_way_id":146839724,"name_ar":null,"name_en":null,"highway":"residential","surface":null,"source":"OpenStreetMap contributors","quality_level":"D","official_status":"IMPORTED_UNVERIFIED"}},{"type":"Feature","id":"osm-way-146839961","geometry":{"type":"LineString","coordinates":[[36.1014383,33.7183267],[36.1003793,33.7173198],[36.1001409,33.7170223],[36.0996137,33.7169204],[36.0992056,33.7163422],[36.0987629,33.7158622],[36.0978371,33.716735],[36.0972255,33.7172157],[36.0969099,33.7174847],[36.0967005,33.7176099],[36.0963373,33.7178875]]},"properties":{"technical_code":"SY-RD-ZA-ZAB-RD-OSM-146839961","osm_way_id":146839961,"name_ar":null,"name_en":null,"highway":"residential","surface":null,"source":"OpenStreetMap contributors","quality_level":"D","official_status":"IMPORTED_UNVERIFIED"}},{"type":"Feature","id":"osm-way-146839962","geometry":{"type":"LineString","coordinates":[[36.1030763,33.7151878],[36.1026068,33.7149529],[36.1024284,33.7148629],[36.1021877,33.7146605],[36.1019687,33.7144805],[36.1015766,33.7140689],[36.1012331,33.7136843],[36.1006058,33.713041],[36.1000406,33.7124606],[36.1002326,33.7120197],[36.099854,33.7115901]]},"properties":{"technical_code":"SY-RD-ZA-ZAB-RD-OSM-146839962","osm_way_id":146839962,"name_ar":null,"name_en":null,"highway":"residential","surface":null,"source":"OpenStreetMap contributors","quality_level":"D","official_status":"IMPORTED_UNVERIFIED"}},{"type":"Feature","id":"osm-way-146839963","geometry":{"type":"LineString","coordinates":[[36.0903373,33.7213639],[36.0907124,33.7211272],[36.0911613,33.7208997],[36.0915751,33.720678],[36.0918767,33.7204913],[36.0921082,33.7203455],[36.0923817,33.7202347],[36.0926342,33.7201705],[36.0928447,33.7200888],[36.0930691,33.7199313],[36.0938545,33.7196185]]},"properties":{"technical_code":"SY-RD-ZA-ZAB-RD-OSM-146839963","osm_way_id":146839963,"name_ar":null,"name_en":null,"highway":"residential","surface":null,"source":"OpenStreetMap contributors","quality_level":"D","official_status":"IMPORTED_UNVERIFIED"}},{"type":"Feature","id":"osm-way-146839964","geometry":{"type":"LineString","coordinates":[[36.1053351,33.7174311],[36.1054556,33.7171635],[36.1055492,33.7169569],[36.1056792,33.7167443],[36.105725,33.7166447],[36.1058587,33.7165527],[36.1059795,33.7165061],[36.106215,33.7164868],[36.1065291,33.7165014],[36.1067585,33.7164749],[36.1069435,33.7164381],[36.1075803,33.7163216]]},"properties":{"technical_code":"SY-RD-ZA-ZAB-RD-OSM-146839964","osm_way_id":146839964,"name_ar":null,"name_en":null,"highway":"residential","surface":null,"source":"OpenStreetMap contributors","quality_level":"D","official_status":"IMPORTED_UNVERIFIED"}},{"type":"Feature","id":"osm-way-146839965","geometry":{"type":"LineString","coordinates":[[36.1028437,33.7223708],[36.1029463,33.7222493],[36.1029836,33.7220655],[36.1030232,33.7217703],[36.103022,33.7215884],[36.1029998,33.7215028],[36.1029037,33.7213292],[36.1028026,33.7211207],[36.1026856,33.7208924],[36.1025909,33.7206275],[36.1025224,33.7204561],[36.1024874,33.7202533],[36.1024601,33.7199442],[36.1024725,33.7196989],[36.1024711,33.7186388],[36.1023033,33.7185889],[36.1015242,33.7183573],[36.1014383,33.7183267]]},"properties":{"technical_code":"SY-RD-ZA-ZAB-RD-OSM-146839965","osm_way_id":146839965,"name_ar":null,"name_en":null,"highway":"residential","surface":null,"source":"OpenStreetMap contributors","quality_level":"D","official_status":"IMPORTED_UNVERIFIED"}},{"type":"Feature","id":"osm-way-146839966","geometry":{"type":"LineString","coordinates":[[36.1047015,33.7207279],[36.1048132,33.7205522],[36.1048715,33.7204549],[36.1049508,33.7203695],[36.1050651,33.720318],[36.1051425,33.7202868],[36.1061937,33.7199616],[36.1063402,33.7199381],[36.1064808,33.7200083],[36.1066148,33.7201755],[36.1066825,33.7202877],[36.1067663,33.7202758],[36.1072973,33.7200744],[36.1073855,33.7200422],[36.1074677,33.7200213],[36.1076574,33.7200395]]},"properties":{"technical_code":"SY-RD-ZA-ZAB-RD-OSM-146839966","osm_way_id":146839966,"name_ar":null,"name_en":null,"highway":"residential","surface":null,"source":"OpenStreetMap contributors","quality_level":"D","official_status":"IMPORTED_UNVERIFIED"}},{"type":"Feature","id":"osm-way-146839967","geometry":{"type":"LineString","coordinates":[[36.0902918,33.7213196],[36.0902074,33.7196979]]},"properties":{"technical_code":"SY-RD-ZA-ZAB-RD-OSM-146839967","osm_way_id":146839967,"name_ar":null,"name_en":null,"highway":"residential","surface":null,"source":"OpenStreetMap contributors","quality_level":"D","official_status":"IMPORTED_UNVERIFIED"}},{"type":"Feature","id":"osm-way-146839968","geometry":{"type":"LineString","coordinates":[[36.1042462,33.7188273],[36.1050302,33.7187793],[36.1054645,33.7187521],[36.1058482,33.7187231]]},"properties":{"technical_code":"SY-RD-ZA-ZAB-RD-OSM-146839968","osm_way_id":146839968,"name_ar":null,"name_en":null,"highway":"residential","surface":null,"source":"OpenStreetMap contributors","quality_level":"D","official_status":"IMPORTED_UNVERIFIED"}},{"type":"Feature","id":"osm-way-146839969","geometry":{"type":"LineString","coordinates":[[36.1072973,33.7200744],[36.1070009,33.7195991]]},"properties":{"technical_code":"SY-RD-ZA-ZAB-RD-OSM-146839969","osm_way_id":146839969,"name_ar":null,"name_en":null,"highway":"residential","surface":null,"source":"OpenStreetMap contributors","quality_level":"D","official_status":"IMPORTED_UNVERIFIED"}},{"type":"Feature","id":"osm-way-146839970","geometry":{"type":"LineString","coordinates":[[36.1040469,33.7179917],[36.1041869,33.7178862],[36.104336,33.7177752],[36.1045165,33.7176758],[36.1046959,33.7175975],[36.104899,33.7175556],[36.1051525,33.7174888],[36.1053351,33.7174311],[36.105367,33.7176235],[36.1054219,33.7178746],[36.1055577,33.7181397],[36.1057248,33.7184938],[36.1058482,33.7187231],[36.1059052,33.7188647],[36.1059317,33.7189036],[36.1059973,33.718972],[36.106094,33.7189784],[36.1063459,33.7189335],[36.1064251,33.718928],[36.1064616,33.7189253],[36.1065279,33.7189423],[36.1067063,33.7192617]]},"properties":{"technical_code":"SY-RD-ZA-ZAB-RD-OSM-146839970","osm_way_id":146839970,"name_ar":null,"name_en":null,"highway":"residential","surface":null,"source":"OpenStreetMap contributors","quality_level":"D","official_status":"IMPORTED_UNVERIFIED"}},{"type":"Feature","id":"osm-way-146839971","geometry":{"type":"LineString","coordinates":[[36.0992056,33.7163422],[36.0996911,33.7157184],[36.100231,33.7151332]]},"properties":{"technical_code":"SY-RD-ZA-ZAB-RD-OSM-146839971","osm_way_id":146839971,"name_ar":null,"name_en":null,"highway":"residential","surface":null,"source":"OpenStreetMap contributors","quality_level":"D","official_status":"IMPORTED_UNVERIFIED"}},{"type":"Feature","id":"osm-way-146839972","geometry":{"type":"LineString","coordinates":[[36.103329,33.7147221],[36.1026826,33.7144198],[36.1025829,33.714386]]},"properties":{"technical_code":"SY-RD-ZA-ZAB-RD-OSM-146839972","osm_way_id":146839972,"name_ar":null,"name_en":null,"highway":"service","surface":null,"source":"OpenStreetMap contributors","quality_level":"D","official_status":"IMPORTED_UNVERIFIED"}},{"type":"Feature","id":"osm-way-146839973","geometry":{"type":"LineString","coordinates":[[36.1063402,33.7199381],[36.106108,33.719421],[36.1059915,33.7192654],[36.1050507,33.7195198]]},"properties":{"technical_code":"SY-RD-ZA-ZAB-RD-OSM-146839973","osm_way_id":146839973,"name_ar":null,"name_en":null,"highway":"service","surface":null,"source":"OpenStreetMap contributors","quality_level":"D","official_status":"IMPORTED_UNVERIFIED"}},{"type":"Feature","id":"osm-way-146839974","geometry":{"type":"LineString","coordinates":[[36.1008011,33.7195679],[36.0998728,33.7190758],[36.0998044,33.7190399],[36.0998872,33.7187286],[36.1001823,33.7179592]]},"properties":{"technical_code":"SY-RD-ZA-ZAB-RD-OSM-146839974","osm_way_id":146839974,"name_ar":null,"name_en":null,"highway":"residential","surface":null,"source":"OpenStreetMap contributors","quality_level":"D","official_status":"IMPORTED_UNVERIFIED"}},{"type":"Feature","id":"osm-way-146839975","geometry":{"type":"LineString","coordinates":[[36.0987629,33.7158622],[36.0987815,33.7157782],[36.098415,33.7151686],[36.0981467,33.7146705],[36.0977082,33.7139438]]},"properties":{"technical_code":"SY-RD-ZA-ZAB-RD-OSM-146839975","osm_way_id":146839975,"name_ar":null,"name_en":null,"highway":"residential","surface":null,"source":"OpenStreetMap contributors","quality_level":"D","official_status":"IMPORTED_UNVERIFIED"}},{"type":"Feature","id":"osm-way-146839976","geometry":{"type":"LineString","coordinates":[[36.105725,33.7166447],[36.105274,33.7160352],[36.1050545,33.7159454],[36.1047629,33.7158555],[36.1041331,33.7156101],[36.103411,33.7153529]]},"properties":{"technical_code":"SY-RD-ZA-ZAB-RD-OSM-146839976","osm_way_id":146839976,"name_ar":null,"name_en":null,"highway":"residential","surface":null,"source":"OpenStreetMap contributors","quality_level":"D","official_status":"IMPORTED_UNVERIFIED"}},{"type":"Feature","id":"osm-way-146839977","geometry":{"type":"LineString","coordinates":[[36.1000076,33.7209512],[36.0991666,33.7206683],[36.0995421,33.7196907],[36.0996064,33.7195398],[36.0995848,33.7194949],[36.0984691,33.7191776]]},"properties":{"technical_code":"SY-RD-ZA-ZAB-RD-OSM-146839977","osm_way_id":146839977,"name_ar":null,"name_en":null,"highway":"residential","surface":null,"source":"OpenStreetMap contributors","quality_level":"D","official_status":"IMPORTED_UNVERIFIED"}},{"type":"Feature","id":"osm-way-146840612","geometry":{"type":"LineString","coordinates":[[36.1029463,33.7222493],[36.1030657,33.7221734],[36.1031559,33.7220551],[36.1032377,33.7219858],[36.1033901,33.7218881],[36.1035233,33.7218092],[36.1036744,33.7217116],[36.1037574,33.7216357],[36.1038571,33.7215738],[36.1039247,33.721531],[36.1039961,33.7214621],[36.1041211,33.7213498],[36.1041708,33.7212788],[36.1042895,33.72112],[36.1046398,33.7208615]]},"properties":{"technical_code":"SY-RD-ZA-ZAB-RD-OSM-146840612","osm_way_id":146840612,"name_ar":null,"name_en":null,"highway":"residential","surface":null,"source":"OpenStreetMap contributors","quality_level":"D","official_status":"IMPORTED_UNVERIFIED"}},{"type":"Feature","id":"osm-way-146840613","geometry":{"type":"LineString","coordinates":[[36.1042907,33.7253732],[36.10439,33.7253758],[36.104455,33.725349],[36.1047807,33.725025],[36.1049583,33.7248944],[36.1053312,33.72462]]},"properties":{"technical_code":"SY-RD-ZA-ZAB-RD-OSM-146840613","osm_way_id":146840613,"name_ar":null,"name_en":null,"highway":"residential","surface":null,"source":"OpenStreetMap contributors","quality_level":"D","official_status":"IMPORTED_UNVERIFIED"}},{"type":"Feature","id":"osm-way-146840614","geometry":{"type":"LineString","coordinates":[[36.1062017,33.7251808],[36.1061487,33.7246294],[36.1062251,33.7245553]]},"properties":{"technical_code":"SY-RD-ZA-ZAB-RD-OSM-146840614","osm_way_id":146840614,"name_ar":null,"name_en":null,"highway":"residential","surface":null,"source":"OpenStreetMap contributors","quality_level":"D","official_status":"IMPORTED_UNVERIFIED"}},{"type":"Feature","id":"osm-way-146840615","geometry":{"type":"LineString","coordinates":[[36.1065463,33.7250642],[36.1065271,33.7247746],[36.1065439,33.7245556],[36.1066825,33.7245154],[36.1067961,33.7243302]]},"properties":{"technical_code":"SY-RD-ZA-ZAB-RD-OSM-146840615","osm_way_id":146840615,"name_ar":null,"name_en":null,"highway":"residential","surface":null,"source":"OpenStreetMap contributors","quality_level":"D","official_status":"IMPORTED_UNVERIFIED"}},{"type":"Feature","id":"osm-way-146840616","geometry":{"type":"LineString","coordinates":[[36.1057283,33.726331],[36.1056195,33.7264764],[36.1055637,33.7266111],[36.1055458,33.7268272]]},"properties":{"technical_code":"SY-RD-ZA-ZAB-RD-OSM-146840616","osm_way_id":146840616,"name_ar":null,"name_en":null,"highway":"residential","surface":null,"source":"OpenStreetMap contributors","quality_level":"D","official_status":"IMPORTED_UNVERIFIED"}},{"type":"Feature","id":"osm-way-146840617","geometry":{"type":"LineString","coordinates":[[36.1106526,33.7267945],[36.1106508,33.7263395],[36.1106366,33.7261751],[36.1106812,33.7258507],[36.1111145,33.7258067],[36.1119203,33.7256192]]},"properties":{"technical_code":"SY-RD-ZA-ZAB-RD-OSM-146840617","osm_way_id":146840617,"name_ar":null,"name_en":null,"highway":"track","surface":null,"source":"OpenStreetMap contributors","quality_level":"D","official_status":"IMPORTED_UNVERIFIED"}},{"type":"Feature","id":"osm-way-146840619","geometry":{"type":"LineString","coordinates":[[36.1031803,33.7228543],[36.1032724,33.7228051],[36.1033946,33.7227541],[36.1034787,33.7227196],[36.1035824,33.7226752],[36.1038893,33.7226581],[36.104221,33.7226603],[36.1044566,33.7226443],[36.1048843,33.7226256]]},"properties":{"technical_code":"SY-RD-ZA-ZAB-RD-OSM-146840619","osm_way_id":146840619,"name_ar":null,"name_en":null,"highway":"residential","surface":null,"source":"OpenStreetMap contributors","quality_level":"D","official_status":"IMPORTED_UNVERIFIED"}},{"type":"Feature","id":"osm-way-146842001","geometry":{"type":"LineString","coordinates":[[36.1162522,33.7229904],[36.1155199,33.7235517],[36.1154449,33.7235581],[36.1153901,33.7235628],[36.1153248,33.7235531],[36.1152831,33.7235666],[36.1152422,33.723594],[36.115224,33.7236348],[36.1152209,33.7236776],[36.1153096,33.7237544],[36.1153607,33.7237766],[36.1154195,33.7237567],[36.1154741,33.7237109],[36.1155199,33.7235517]]},"properties":{"technical_code":"SY-RD-ZA-ZAB-RD-OSM-146842001","osm_way_id":146842001,"name_ar":null,"name_en":null,"highway":"residential","surface":null,"source":"OpenStreetMap contributors","quality_level":"D","official_status":"IMPORTED_UNVERIFIED"}},{"type":"Feature","id":"osm-way-146842002","geometry":{"type":"LineString","coordinates":[[36.1178759,33.7245529],[36.1179083,33.7247899],[36.1179286,33.7249419],[36.1179475,33.7250214],[36.1180064,33.7250867],[36.1181143,33.7251082],[36.1182569,33.7251159],[36.1185176,33.7251422],[36.1185955,33.7251749],[36.1186225,33.7252225],[36.1186062,33.725411],[36.1186202,33.7255558],[36.1186561,33.7257248],[36.1187184,33.7257669],[36.1192571,33.7258567]]},"properties":{"technical_code":"SY-RD-ZA-ZAB-RD-OSM-146842002","osm_way_id":146842002,"name_ar":null,"name_en":null,"highway":"residential","surface":null,"source":"OpenStreetMap contributors","quality_level":"D","official_status":"IMPORTED_UNVERIFIED"}},{"type":"Feature","id":"osm-way-146842006","geometry":{"type":"LineString","coordinates":[[36.1171673,33.7237342],[36.1169627,33.7238422],[36.1168987,33.72398],[36.1166592,33.7241419],[36.1165326,33.7242396],[36.1163967,33.7243187],[36.1162867,33.7243691],[36.1161544,33.7243879],[36.1156368,33.724373]]},"properties":{"technical_code":"SY-RD-ZA-ZAB-RD-OSM-146842006","osm_way_id":146842006,"name_ar":null,"name_en":null,"highway":"residential","surface":null,"source":"OpenStreetMap contributors","quality_level":"D","official_status":"IMPORTED_UNVERIFIED"}},{"type":"Feature","id":"osm-way-146961150","geometry":{"type":"LineString","coordinates":[[36.0993542,33.7264901],[36.0993869,33.7261223],[36.0994312,33.7257356],[36.0998999,33.7245471],[36.0999335,33.7243902],[36.0999456,33.7242327],[36.0999489,33.7240745],[36.0999386,33.7237804],[36.0999176,33.7235413],[36.0996571,33.72285]]},"properties":{"technical_code":"SY-RD-ZA-ZAB-RD-OSM-146961150","osm_way_id":146961150,"name_ar":null,"name_en":null,"highway":"residential","surface":null,"source":"OpenStreetMap contributors","quality_level":"D","official_status":"IMPORTED_UNVERIFIED"}},{"type":"Feature","id":"osm-way-146961152","geometry":{"type":"LineString","coordinates":[[36.1003765,33.7263194],[36.1002408,33.7260652],[36.1001941,33.7259221],[36.1001621,33.725781],[36.1001548,33.7256767],[36.1001794,33.7256093],[36.1005211,33.725186],[36.1006464,33.7250143],[36.1007398,33.724863],[36.1009645,33.7244719]]},"properties":{"technical_code":"SY-RD-ZA-ZAB-RD-OSM-146961152","osm_way_id":146961152,"name_ar":null,"name_en":null,"highway":"residential","surface":null,"source":"OpenStreetMap contributors","quality_level":"D","official_status":"IMPORTED_UNVERIFIED"}},{"type":"Feature","id":"osm-way-146961153","geometry":{"type":"LineString","coordinates":[[36.0970747,33.7260547],[36.0969887,33.7260669],[36.0968731,33.7260628],[36.0967428,33.7260588],[36.096615,33.7260751],[36.096438,33.7261119],[36.0962733,33.7261589],[36.0960988,33.7262223],[36.095966,33.7262755],[36.0958291,33.726353]]},"properties":{"technical_code":"SY-RD-ZA-ZAB-RD-OSM-146961153","osm_way_id":146961153,"name_ar":null,"name_en":null,"highway":"residential","surface":null,"source":"OpenStreetMap contributors","quality_level":"D","official_status":"IMPORTED_UNVERIFIED"}},{"type":"Feature","id":"osm-way-146961158","geometry":{"type":"LineString","coordinates":[[36.1008795,33.726168],[36.1009268,33.7260261],[36.1009686,33.7259301],[36.1010518,33.7257397],[36.1011005,33.7256185],[36.1011595,33.7254438],[36.1012007,33.7253234],[36.101229,33.7252306],[36.101263,33.7251901],[36.1013023,33.7251581],[36.1013725,33.7251181]]},"properties":{"technical_code":"SY-RD-ZA-ZAB-RD-OSM-146961158","osm_way_id":146961158,"name_ar":null,"name_en":null,"highway":"residential","surface":null,"source":"OpenStreetMap contributors","quality_level":"D","official_status":"IMPORTED_UNVERIFIED"}},{"type":"Feature","id":"osm-way-146961160","geometry":{"type":"LineString","coordinates":[[36.0829449,33.7256448],[36.0828273,33.72553],[36.0827228,33.725454],[36.0827228,33.7253743],[36.0828186,33.7253743],[36.08291,33.7253562],[36.0828229,33.7249867],[36.0832193,33.7248237],[36.0832759,33.7247875],[36.0833412,33.7247295],[36.0833847,33.7246897],[36.0841425,33.7248237]]},"properties":{"technical_code":"SY-RD-ZA-ZAB-RD-OSM-146961160","osm_way_id":146961160,"name_ar":null,"name_en":null,"highway":"residential","surface":null,"source":"OpenStreetMap contributors","quality_level":"D","official_status":"IMPORTED_UNVERIFIED"}},{"type":"Feature","id":"osm-way-146961162","geometry":{"type":"LineString","coordinates":[[36.0969887,33.7257275],[36.0968903,33.7257459],[36.0968412,33.7257459],[36.0967232,33.7257541],[36.0966199,33.7257521],[36.0965363,33.7257378],[36.0964478,33.7257153],[36.0963397,33.7254065],[36.096234,33.7254392],[36.0961356,33.7251775],[36.0960299,33.7249056],[36.0959094,33.724732]]},"properties":{"technical_code":"SY-RD-ZA-ZAB-RD-OSM-146961162","osm_way_id":146961162,"name_ar":null,"name_en":null,"highway":"residential","surface":null,"source":"OpenStreetMap contributors","quality_level":"D","official_status":"IMPORTED_UNVERIFIED"}},{"type":"Feature","id":"osm-way-146961167","geometry":{"type":"LineString","coordinates":[[36.0972821,33.7266604],[36.0971827,33.7264217],[36.0970747,33.7260547],[36.0969887,33.7257275],[36.0970845,33.7256294],[36.0972001,33.7255701],[36.0973623,33.7254904],[36.0971386,33.7251918],[36.0970362,33.7250225],[36.0969723,33.7249591],[36.0969256,33.7248875],[36.096901,33.7247976],[36.0968961,33.7246994],[36.096921,33.724593]]},"properties":{"technical_code":"SY-RD-ZA-ZAB-RD-OSM-146961167","osm_way_id":146961167,"name_ar":null,"name_en":null,"highway":"residential","surface":null,"source":"OpenStreetMap contributors","quality_level":"D","official_status":"IMPORTED_UNVERIFIED"}},{"type":"Feature","id":"osm-way-146961169","geometry":{"type":"LineString","coordinates":[[36.0802639,33.7254633],[36.08008,33.7254612],[36.0799468,33.7254437],[36.0798696,33.7254262],[36.0797664,33.7254596],[36.0797313,33.7254863],[36.0796962,33.7255243],[36.0796565,33.7256081],[36.0796183,33.7256919],[36.0795817,33.7257516],[36.0795435,33.72581],[36.0794931,33.7258595],[36.0794489,33.725895],[36.079397,33.7259255],[36.0793283,33.7259484],[36.0792611,33.7259585],[36.0791909,33.7259598],[36.0790963,33.7259573],[36.0790306,33.7259496],[36.0789452,33.7259331],[36.0788872,33.7259103],[36.0786124,33.7257681],[36.0782781,33.7256056],[36.0781301,33.7255396],[36.0780553,33.7255078],[36.0779927,33.725485],[36.0779408,33.7254799],[36.0778904,33.7254812],[36.0778034,33.7254964],[36.0776645,33.7255269],[36.0775103,33.7255561],[36.0773897,33.7255777],[36.0772859,33.725584],[36.0771348,33.7255878],[36.0769578,33.7255713],[36.0768036,33.7255574],[36.0766143,33.7255447],[36.0764266,33.7255396],[36.0760114,33.7255472],[36.0755993,33.7255574],[36.075355,33.7255586],[36.0747536,33.7256196],[36.0745689,33.7256488],[36.0744254,33.7256818],[36.0742728,33.7257389],[36.0741553,33.7258087],[36.0740896,33.725876],[36.0740271,33.725956],[36.0738897,33.7261426],[36.0737508,33.7263],[36.0736164,33.7264257],[36.0735264,33.7265044],[36.0734485,33.7265552],[36.0733447,33.7266111],[36.0732593,33.7266377],[36.0731707,33.7266504],[36.0730471,33.7266517],[36.0729021,33.7266301],[36.0726914,33.7265844],[36.0725632,33.7265514],[36.0724075,33.7265006],[36.0722946,33.7264587],[36.0721679,33.7264105],[36.0720748,33.72638],[36.0719389,33.7263483],[36.0718199,33.7263445],[36.0716474,33.7263445],[36.0712871,33.726366],[36.0708735,33.7263978],[36.0705132,33.7264473],[36.0702751,33.7264968],[36.0701271,33.7265323],[36.0699378,33.72654],[36.0698141,33.7265323],[36.0695714,33.7265298],[36.0694096,33.7265654],[36.0692494,33.7266364],[36.0690616,33.7267342],[36.0688815,33.7268396],[36.0687105,33.7269475],[36.0686068,33.7270059],[36.0684434,33.7270859],[36.0681992,33.7271773],[36.067929,33.7272763],[36.0675016,33.7274121],[36.0673398,33.7274565],[36.06712,33.7275099],[36.0670819,33.7275188],[36.0669033,33.7275746],[36.0667277,33.7276343],[36.0666224,33.72768],[36.0664713,33.7277853],[36.0662439,33.7279517],[36.0661233,33.728038],[36.0660454,33.7280875],[36.0658485,33.7281789],[36.0656455,33.7282538],[36.0655844,33.728269],[36.0654807,33.7282817],[36.0653891,33.7282855],[36.0652837,33.7282982],[36.0651754,33.7283249],[36.0650594,33.728368],[36.0648716,33.7284658],[36.0647327,33.7285661],[36.0646045,33.7286511],[36.0645434,33.7286994],[36.0644389,33.728795],[36.0644021,33.7288634],[36.0643841,33.7289324],[36.064377,33.7290243],[36.0643379,33.7291318],[36.0643198,33.7291897],[36.064247,33.7292718],[36.0641648,33.7293096],[36.0640574,33.7293676],[36.0639674,33.7294334],[36.0638843,33.7294861],[36.0637802,33.7295441],[36.0637144,33.7295747],[36.0636595,33.7296099],[36.0636235,33.7296516],[36.0636023,33.7296985],[36.0635945,33.7297558],[36.0635922,33.7298399],[36.0635828,33.7299005],[36.0635647,33.7299454],[36.0635358,33.730006],[36.0635013,33.7300933],[36.0634935,33.7301259],[36.0634786,33.7302034],[36.0634668,33.7302581],[36.0634535,33.7303083],[36.0634339,33.7303565],[36.0634034,33.7304008],[36.0633775,33.7304281],[36.0632773,33.7304679],[36.0632076,33.7304985],[36.0631324,33.7305408],[36.063058,33.7305884],[36.0629812,33.730632]]},"properties":{"technical_code":"SY-RD-ZA-ZAB-RD-OSM-146961169","osm_way_id":146961169,"name_ar":null,"name_en":null,"highway":"tertiary","surface":null,"source":"OpenStreetMap contributors","quality_level":"D","official_status":"IMPORTED_UNVERIFIED"}},{"type":"Feature","id":"osm-way-146961187","geometry":{"type":"LineString","coordinates":[[36.1041247,33.7268839],[36.1039327,33.7270206],[36.1038695,33.7272562],[36.1038788,33.7276626],[36.1038894,33.7279203],[36.1039497,33.7283392],[36.1040136,33.7285456],[36.1040812,33.7287394],[36.1041668,33.7289464],[36.1043252,33.729108],[36.1045303,33.7293385],[36.1047427,33.72959],[36.1049262,33.7298654],[36.105009,33.730042],[36.1050702,33.7301138],[36.1054798,33.7303463],[36.1056769,33.730452]]},"properties":{"technical_code":"SY-RD-ZA-ZAB-RD-OSM-146961187","osm_way_id":146961187,"name_ar":null,"name_en":null,"highway":"residential","surface":null,"source":"OpenStreetMap contributors","quality_level":"D","official_status":"IMPORTED_UNVERIFIED"}},{"type":"Feature","id":"osm-way-146961188","geometry":{"type":"LineString","coordinates":[[36.097502,33.7249941],[36.0980334,33.7246275]]},"properties":{"technical_code":"SY-RD-ZA-ZAB-RD-OSM-146961188","osm_way_id":146961188,"name_ar":null,"name_en":null,"highway":"residential","surface":null,"source":"OpenStreetMap contributors","quality_level":"D","official_status":"IMPORTED_UNVERIFIED"}},{"type":"Feature","id":"osm-way-146961192","geometry":{"type":"LineString","coordinates":[[36.0989947,33.7247027],[36.0982638,33.7238603]]},"properties":{"technical_code":"SY-RD-ZA-ZAB-RD-OSM-146961192","osm_way_id":146961192,"name_ar":null,"name_en":null,"highway":"residential","surface":null,"source":"OpenStreetMap contributors","quality_level":"D","official_status":"IMPORTED_UNVERIFIED"}},{"type":"Feature","id":"osm-way-146961199","geometry":{"type":"LineString","coordinates":[[36.0973053,33.7248483],[36.0975172,33.7246337]]},"properties":{"technical_code":"SY-RD-ZA-ZAB-RD-OSM-146961199","osm_way_id":146961199,"name_ar":null,"name_en":null,"highway":"residential","surface":null,"source":"OpenStreetMap contributors","quality_level":"D","official_status":"IMPORTED_UNVERIFIED"}},{"type":"Feature","id":"osm-way-146961200","geometry":{"type":"LineString","coordinates":[[36.0845043,33.7245619],[36.084639,33.7241753]]},"properties":{"technical_code":"SY-RD-ZA-ZAB-RD-OSM-146961200","osm_way_id":146961200,"name_ar":null,"name_en":null,"highway":"residential","surface":null,"source":"OpenStreetMap contributors","quality_level":"D","official_status":"IMPORTED_UNVERIFIED"}},{"type":"Feature","id":"osm-way-146961203","geometry":{"type":"LineString","coordinates":[[36.0933045,33.7274797],[36.0939265,33.7273047]]},"properties":{"technical_code":"SY-RD-ZA-ZAB-RD-OSM-146961203","osm_way_id":146961203,"name_ar":null,"name_en":null,"highway":"residential","surface":null,"source":"OpenStreetMap contributors","quality_level":"D","official_status":"IMPORTED_UNVERIFIED"}},{"type":"Feature","id":"osm-way-146961209","geometry":{"type":"LineString","coordinates":[[36.0898894,33.7265326],[36.0896482,33.7267955],[36.0895601,33.7268704]]},"properties":{"technical_code":"SY-RD-ZA-ZAB-RD-OSM-146961209","osm_way_id":146961209,"name_ar":null,"name_en":null,"highway":"residential","surface":null,"source":"OpenStreetMap contributors","quality_level":"D","official_status":"IMPORTED_UNVERIFIED"}},{"type":"Feature","id":"osm-way-146961218","geometry":{"type":"LineString","coordinates":[[36.0836558,33.7256757],[36.0838246,33.7251461],[36.0840308,33.7251922],[36.0849264,33.7253924]]},"properties":{"technical_code":"SY-RD-ZA-ZAB-RD-OSM-146961218","osm_way_id":146961218,"name_ar":null,"name_en":null,"highway":"residential","surface":null,"source":"OpenStreetMap contributors","quality_level":"D","official_status":"IMPORTED_UNVERIFIED"}},{"type":"Feature","id":"osm-way-146961219","geometry":{"type":"LineString","coordinates":[[36.0957687,33.7270518],[36.095612,33.727126],[36.0954989,33.7272119],[36.0953809,33.7273734]]},"properties":{"technical_code":"SY-RD-ZA-ZAB-RD-OSM-146961219","osm_way_id":146961219,"name_ar":null,"name_en":null,"highway":"residential","surface":null,"source":"OpenStreetMap contributors","quality_level":"D","official_status":"IMPORTED_UNVERIFIED"}},{"type":"Feature","id":"osm-way-146961221","geometry":{"type":"LineString","coordinates":[[36.0938914,33.7284677],[36.094347,33.7281919],[36.09455,33.7283176],[36.0947194,33.7284762]]},"properties":{"technical_code":"SY-RD-ZA-ZAB-RD-OSM-146961221","osm_way_id":146961221,"name_ar":null,"name_en":null,"highway":"residential","surface":null,"source":"OpenStreetMap contributors","quality_level":"D","official_status":"IMPORTED_UNVERIFIED"}},{"type":"Feature","id":"osm-way-146961236","geometry":{"type":"LineString","coordinates":[[36.0973623,33.7254904],[36.0974336,33.7255721],[36.0976254,33.7254576],[36.0976696,33.7254065],[36.0977918,33.7253095]]},"properties":{"technical_code":"SY-RD-ZA-ZAB-RD-OSM-146961236","osm_way_id":146961236,"name_ar":null,"name_en":null,"highway":"residential","surface":null,"source":"OpenStreetMap contributors","quality_level":"D","official_status":"IMPORTED_UNVERIFIED"}},{"type":"Feature","id":"osm-way-146961239","geometry":{"type":"LineString","coordinates":[[36.0971827,33.7264217],[36.0975123,33.7263143],[36.0976426,33.726255],[36.0978048,33.7264084],[36.0979293,33.7265697]]},"properties":{"technical_code":"SY-RD-ZA-ZAB-RD-OSM-146961239","osm_way_id":146961239,"name_ar":null,"name_en":null,"highway":"residential","surface":null,"source":"OpenStreetMap contributors","quality_level":"D","official_status":"IMPORTED_UNVERIFIED"}},{"type":"Feature","id":"osm-way-146961249","geometry":{"type":"LineString","coordinates":[[36.0802821,33.7258206],[36.0802484,33.7259512],[36.0802414,33.7260621],[36.0803115,33.7261612],[36.0804097,33.7262196],[36.0806622,33.7263362],[36.081076,33.7264704]]},"properties":{"technical_code":"SY-RD-ZA-ZAB-RD-OSM-146961249","osm_way_id":146961249,"name_ar":null,"name_en":null,"highway":"residential","surface":null,"source":"OpenStreetMap contributors","quality_level":"D","official_status":"IMPORTED_UNVERIFIED"}},{"type":"Feature","id":"osm-way-146961252","geometry":{"type":"LineString","coordinates":[[36.0840308,33.7251922],[36.0841425,33.7248237],[36.0853314,33.7250302],[36.0854229,33.7248056],[36.0853794,33.7247332],[36.0845043,33.7245619],[36.0836765,33.7243999]]},"properties":{"technical_code":"SY-RD-ZA-ZAB-RD-OSM-146961252","osm_way_id":146961252,"name_ar":null,"name_en":null,"highway":"residential","surface":null,"source":"OpenStreetMap contributors","quality_level":"D","official_status":"IMPORTED_UNVERIFIED"}},{"type":"Feature","id":"osm-way-146961259","geometry":{"type":"LineString","coordinates":[[36.0954664,33.7257169],[36.0958182,33.7255064],[36.0957543,33.7254103],[36.0957199,33.7253245],[36.0956978,33.7252263],[36.0957002,33.725122],[36.0957051,33.7250198],[36.0956807,33.7249421]]},"properties":{"technical_code":"SY-RD-ZA-ZAB-RD-OSM-146961259","osm_way_id":146961259,"name_ar":null,"name_en":null,"highway":"residential","surface":null,"source":"OpenStreetMap contributors","quality_level":"D","official_status":"IMPORTED_UNVERIFIED"}},{"type":"Feature","id":"osm-way-146961262","geometry":{"type":"LineString","coordinates":[[36.1054798,33.7303463],[36.105089,33.7305666],[36.1049493,33.7306887],[36.1049149,33.7308387],[36.1048777,33.7309936],[36.1047931,33.7311438],[36.1046811,33.7311817],[36.1046552,33.7311905],[36.1045138,33.7312586]]},"properties":{"technical_code":"SY-RD-ZA-ZAB-RD-OSM-146961262","osm_way_id":146961262,"name_ar":null,"name_en":null,"highway":"residential","surface":null,"source":"OpenStreetMap contributors","quality_level":"D","official_status":"IMPORTED_UNVERIFIED"}},{"type":"Feature","id":"osm-way-146961266","geometry":{"type":"LineString","coordinates":[[36.0943887,33.7266603],[36.0945731,33.7268123],[36.0947922,33.7272987],[36.0948702,33.7275791],[36.0949384,33.7274777],[36.095054,33.7273632],[36.0951326,33.7272548],[36.0957435,33.7268352]]},"properties":{"technical_code":"SY-RD-ZA-ZAB-RD-OSM-146961266","osm_way_id":146961266,"name_ar":null,"name_en":null,"highway":"residential","surface":null,"source":"OpenStreetMap contributors","quality_level":"D","official_status":"IMPORTED_UNVERIFIED"}},{"type":"Feature","id":"osm-way-226245609","geometry":{"type":"LineString","coordinates":[[36.0802639,33.7254633],[36.0812799,33.7256065],[36.0822056,33.7256278],[36.0829449,33.7256448],[36.0835898,33.7256596],[36.0836558,33.7256757],[36.084874,33.7259723],[36.0853195,33.7260419],[36.0854995,33.72607],[36.0863676,33.7261383],[36.0865263,33.7261508],[36.0866297,33.7261395],[36.0870006,33.7260989],[36.0877526,33.7260165],[36.0885204,33.7262193],[36.0886645,33.7262574],[36.0892653,33.7263824],[36.0898894,33.7265326],[36.090453,33.7266683],[36.0907534,33.7267308],[36.0905812,33.7272648],[36.0905987,33.7273406]]},"properties":{"technical_code":"SY-RD-ZA-ZAB-RD-OSM-226245609","osm_way_id":226245609,"name_ar":null,"name_en":null,"highway":"tertiary","surface":null,"source":"OpenStreetMap contributors","quality_level":"D","official_status":"IMPORTED_UNVERIFIED"}},{"type":"Feature","id":"osm-way-226245613","geometry":{"type":"LineString","coordinates":[[36.0887901,33.7377858],[36.0899059,33.7374379],[36.090099,33.7367509],[36.0902095,33.73634]]},"properties":{"technical_code":"SY-RD-ZA-ZAB-RD-OSM-226245613","osm_way_id":226245613,"name_ar":null,"name_en":null,"highway":"unclassified","surface":null,"source":"OpenStreetMap contributors","quality_level":"D","official_status":"IMPORTED_UNVERIFIED"}},{"type":"Feature","id":"osm-way-226245619","geometry":{"type":"LineString","coordinates":[[36.0892653,33.7263824],[36.089348,33.726124],[36.089938,33.7257046],[36.0906461,33.7258474],[36.090982,33.726418],[36.0907534,33.7267308]]},"properties":{"technical_code":"SY-RD-ZA-ZAB-RD-OSM-226245619","osm_way_id":226245619,"name_ar":null,"name_en":null,"highway":"residential","surface":null,"source":"OpenStreetMap contributors","quality_level":"D","official_status":"IMPORTED_UNVERIFIED"}},{"type":"Feature","id":"osm-way-226245620","geometry":{"type":"LineString","coordinates":[[36.0853195,33.7260419],[36.0852206,33.7267214],[36.0849384,33.727293],[36.0840694,33.7274268],[36.0838977,33.727525],[36.0831038,33.7277748],[36.0827819,33.7279176]]},"properties":{"technical_code":"SY-RD-ZA-ZAB-RD-OSM-226245620","osm_way_id":226245620,"name_ar":null,"name_en":null,"highway":"residential","surface":null,"source":"OpenStreetMap contributors","quality_level":"D","official_status":"IMPORTED_UNVERIFIED"}},{"type":"Feature","id":"osm-way-226245623","geometry":{"type":"LineString","coordinates":[[36.0831038,33.7277748],[36.082592,33.7272925],[36.0819161,33.7266411],[36.081605,33.726195],[36.0813335,33.7259991],[36.0807542,33.7258742],[36.0802821,33.7258206],[36.0802639,33.7254633]]},"properties":{"technical_code":"SY-RD-ZA-ZAB-RD-OSM-226245623","osm_way_id":226245623,"name_ar":null,"name_en":null,"highway":"residential","surface":null,"source":"OpenStreetMap contributors","quality_level":"D","official_status":"IMPORTED_UNVERIFIED"}},{"type":"Feature","id":"osm-way-226245625","geometry":{"type":"LineString","coordinates":[[36.0831574,33.7292025],[36.0833967,33.7289343],[36.0838151,33.7282562],[36.0840479,33.7277391],[36.0840694,33.7274268],[36.0839331,33.7271944],[36.0831467,33.7267576],[36.0824815,33.726356],[36.0822056,33.7256278]]},"properties":{"technical_code":"SY-RD-ZA-ZAB-RD-OSM-226245625","osm_way_id":226245625,"name_ar":null,"name_en":null,"highway":"residential","surface":null,"source":"OpenStreetMap contributors","quality_level":"D","official_status":"IMPORTED_UNVERIFIED"}},{"type":"Feature","id":"osm-way-390294360","geometry":{"type":"LineString","coordinates":[[36.1088315,33.7064613],[36.1083972,33.7055609],[36.1076446,33.7047373],[36.1074535,33.7042942],[36.1074535,33.7041305],[36.107523,33.7040775],[36.108183,33.7042316],[36.1085419,33.704511],[36.1092656,33.7054405],[36.1093403,33.7059567],[36.1094829,33.7060585],[36.1099151,33.7061954]]},"properties":{"technical_code":"SY-RD-ZA-ZAB-RD-OSM-390294360","osm_way_id":390294360,"name_ar":null,"name_en":null,"highway":"residential","surface":null,"source":"OpenStreetMap contributors","quality_level":"D","official_status":"IMPORTED_UNVERIFIED"}},{"type":"Feature","id":"osm-way-390294363","geometry":{"type":"LineString","coordinates":[[36.1093457,33.7089918],[36.1093456,33.7089083],[36.1092954,33.7082876],[36.1090892,33.7078724],[36.1089877,33.707668],[36.1087156,33.7071056],[36.1086788,33.7070353],[36.1085933,33.7067977],[36.1087757,33.7065233],[36.1088315,33.7064613],[36.1091973,33.7064484],[36.1094307,33.706588],[36.1096517,33.7069626],[36.1098449,33.7074119],[36.1099856,33.7076765],[36.1101664,33.7079017],[36.110279,33.7079985],[36.1104187,33.7081286]]},"properties":{"technical_code":"SY-RD-ZA-ZAB-RD-OSM-390294363","osm_way_id":390294363,"name_ar":null,"name_en":null,"highway":"residential","surface":null,"source":"OpenStreetMap contributors","quality_level":"D","official_status":"IMPORTED_UNVERIFIED"}},{"type":"Feature","id":"osm-way-390294368","geometry":{"type":"LineString","coordinates":[[36.0996782,33.6991635],[36.1011355,33.6985147],[36.1033329,33.6977356],[36.1035367,33.6976627],[36.1040168,33.6976548],[36.1041732,33.697669],[36.1042678,33.6976885],[36.1058067,33.6984321],[36.1060289,33.6986784],[36.106146,33.6995512],[36.1060787,33.6997441],[36.1058544,33.700385],[36.1058918,33.7012001],[36.1058693,33.7014926],[36.1057235,33.7021634],[36.1060408,33.7051551],[36.1060191,33.7053535]]},"properties":{"technical_code":"SY-RD-ZA-ZAB-RD-OSM-390294368","osm_way_id":390294368,"name_ar":null,"name_en":null,"highway":"residential","surface":null,"source":"OpenStreetMap contributors","quality_level":"D","official_status":"IMPORTED_UNVERIFIED"}},{"type":"Feature","id":"osm-way-390294381","geometry":{"type":"LineString","coordinates":[[36.109749,33.7054398],[36.1095035,33.7050958],[36.1088813,33.7044419],[36.1087625,33.7041729],[36.1087421,33.7039311]]},"properties":{"technical_code":"SY-RD-ZA-ZAB-RD-OSM-390294381","osm_way_id":390294381,"name_ar":null,"name_en":null,"highway":"residential","surface":null,"source":"OpenStreetMap contributors","quality_level":"D","official_status":"IMPORTED_UNVERIFIED"}},{"type":"Feature","id":"osm-way-390294385","geometry":{"type":"LineString","coordinates":[[36.1060408,33.7051551],[36.1061663,33.7047457],[36.1065721,33.7036611],[36.1068047,33.7028331],[36.1069615,33.7023965],[36.1068408,33.7018341]]},"properties":{"technical_code":"SY-RD-ZA-ZAB-RD-OSM-390294385","osm_way_id":390294385,"name_ar":null,"name_en":null,"highway":"residential","surface":null,"source":"OpenStreetMap contributors","quality_level":"D","official_status":"IMPORTED_UNVERIFIED"}},{"type":"Feature","id":"osm-way-1499069998","geometry":{"type":"LineString","coordinates":[[36.1028039,33.7286264],[36.102941,33.728654],[36.1030564,33.7286652],[36.1031127,33.7286719],[36.1031962,33.7286387],[36.1039497,33.7283392]]},"properties":{"technical_code":"SY-RD-ZA-ZAB-RD-OSM-1499069998","osm_way_id":1499069998,"name_ar":null,"name_en":null,"highway":"residential","surface":null,"source":"OpenStreetMap contributors","quality_level":"D","official_status":"IMPORTED_UNVERIFIED"}},{"type":"Feature","id":"osm-way-1509010409","geometry":{"type":"LineString","coordinates":[[36.1038304,33.7344765],[36.1040325,33.7344259],[36.1042184,33.7343502],[36.1043663,33.7342319],[36.1045294,33.7341025],[36.1047987,33.7339606],[36.1052938,33.7336735],[36.1055782,33.7334811],[36.1057546,33.7333486],[36.1060107,33.733235],[36.1061277,33.7331935],[36.1063046,33.7331309],[36.1066574,33.7329369],[36.106866,33.7327713],[36.1070864,33.7325839],[36.1074345,33.7322946]]},"properties":{"technical_code":"SY-RD-ZA-ZAB-RD-OSM-1509010409","osm_way_id":1509010409,"name_ar":null,"name_en":null,"highway":"residential","surface":null,"source":"OpenStreetMap contributors","quality_level":"D","official_status":"IMPORTED_UNVERIFIED"}},{"type":"Feature","id":"osm-way-1509010410","geometry":{"type":"LineString","coordinates":[[36.1024418,33.7333319],[36.1028282,33.7333628],[36.1031278,33.733388],[36.1032834,33.7335079],[36.1034996,33.7336751],[36.1037234,33.7338738],[36.1037765,33.7341293],[36.1038304,33.7344765],[36.1038485,33.7345931],[36.103913,33.734836],[36.104061,33.735041],[36.104262,33.7351987],[36.1045579,33.7353975],[36.104941,33.7355552],[36.1053848,33.7356719]]},"properties":{"technical_code":"SY-RD-ZA-ZAB-RD-OSM-1509010410","osm_way_id":1509010410,"name_ar":null,"name_en":null,"highway":"residential","surface":null,"source":"OpenStreetMap contributors","quality_level":"D","official_status":"IMPORTED_UNVERIFIED"}},{"type":"Feature","id":"osm-way-1509010411","geometry":{"type":"LineString","coordinates":[[36.1035678,33.7326152],[36.1037618,33.7324172],[36.103912,33.7323056],[36.1040837,33.7321406],[36.1041921,33.7320025],[36.1042097,33.73198],[36.1043653,33.7316564],[36.1044189,33.731545]]},"properties":{"technical_code":"SY-RD-ZA-ZAB-RD-OSM-1509010411","osm_way_id":1509010411,"name_ar":null,"name_en":null,"highway":"residential","surface":null,"source":"OpenStreetMap contributors","quality_level":"D","official_status":"IMPORTED_UNVERIFIED"}},{"type":"Feature","id":"osm-way-1509010412","geometry":{"type":"LineString","coordinates":[[36.1023853,33.731701],[36.1024754,33.7319969],[36.102593,33.7322461],[36.1026878,33.7323155],[36.1028054,33.7323281],[36.1029382,33.7323439],[36.1030899,33.7323975],[36.1034351,33.7325899],[36.1035678,33.7326152],[36.1036741,33.7326846],[36.1037992,33.7328801],[36.103951,33.7329748],[36.1043063,33.7331805]]},"properties":{"technical_code":"SY-RD-ZA-ZAB-RD-OSM-1509010412","osm_way_id":1509010412,"name_ar":null,"name_en":null,"highway":"residential","surface":null,"source":"OpenStreetMap contributors","quality_level":"D","official_status":"IMPORTED_UNVERIFIED"}},{"type":"Feature","id":"osm-way-1510197526","geometry":{"type":"LineString","coordinates":[[36.1085933,33.7067977],[36.1085346,33.7066186],[36.1084573,33.7064493],[36.1081864,33.7062209],[36.1079523,33.7060781],[36.1078677,33.7061556],[36.1078224,33.7063066],[36.1078224,33.7063749],[36.1079303,33.7065003],[36.1079805,33.7065737],[36.1080859,33.7067828],[36.1081595,33.7069408],[36.1082428,33.707207],[36.1083188,33.7073823],[36.1084095,33.7074762],[36.1084365,33.7074884]]},"properties":{"technical_code":"SY-RD-ZA-ZAB-RD-OSM-1510197526","osm_way_id":1510197526,"name_ar":null,"name_en":null,"highway":"residential","surface":null,"source":"OpenStreetMap contributors","quality_level":"D","official_status":"IMPORTED_UNVERIFIED"}},{"type":"Feature","id":"osm-way-1510197527","geometry":{"type":"LineString","coordinates":[[36.1090892,33.7078724],[36.1093362,33.707777],[36.1095372,33.7077943]]},"properties":{"technical_code":"SY-RD-ZA-ZAB-RD-OSM-1510197527","osm_way_id":1510197527,"name_ar":null,"name_en":null,"highway":"residential","surface":null,"source":"OpenStreetMap contributors","quality_level":"D","official_status":"IMPORTED_UNVERIFIED"}},{"type":"Feature","id":"osm-way-1510199497","geometry":{"type":"LineString","coordinates":[[36.1111393,33.7094133],[36.1110351,33.7093126],[36.110774,33.7089934],[36.1106907,33.7088487],[36.1106049,33.70861],[36.1105168,33.7082385],[36.110513,33.7081736],[36.1105197,33.7081239],[36.1105313,33.708038],[36.1104982,33.7078137],[36.1104169,33.7074443]]},"properties":{"technical_code":"SY-RD-ZA-ZAB-RD-OSM-1510199497","osm_way_id":1510199497,"name_ar":null,"name_en":null,"highway":"secondary","surface":null,"source":"OpenStreetMap contributors","quality_level":"D","official_status":"IMPORTED_UNVERIFIED"}},{"type":"Feature","id":"osm-way-1510200852","geometry":{"type":"LineString","coordinates":[[36.1095372,33.7077943],[36.1097173,33.708186],[36.109837,33.7084941],[36.109982,33.7087705],[36.1100876,33.7089673],[36.1101299,33.7090786]]},"properties":{"technical_code":"SY-RD-ZA-ZAB-RD-OSM-1510200852","osm_way_id":1510200852,"name_ar":null,"name_en":null,"highway":"residential","surface":null,"source":"OpenStreetMap contributors","quality_level":"D","official_status":"IMPORTED_UNVERIFIED"}},{"type":"Feature","id":"osm-way-1510201884","geometry":{"type":"LineString","coordinates":[[36.1101299,33.7090786],[36.110472,33.709437],[36.1107213,33.7097661],[36.1108508,33.7099301],[36.1109268,33.7100542],[36.1109803,33.7101936],[36.1110071,33.7103974],[36.1109381,33.7105192],[36.1108353,33.7105846]]},"properties":{"technical_code":"SY-RD-ZA-ZAB-RD-OSM-1510201884","osm_way_id":1510201884,"name_ar":null,"name_en":null,"highway":"residential","surface":null,"source":"OpenStreetMap contributors","quality_level":"D","official_status":"IMPORTED_UNVERIFIED"}},{"type":"Feature","id":"osm-way-1510237705","geometry":{"type":"LineString","coordinates":[[36.1156629,33.7158744],[36.1155898,33.7158562],[36.1154385,33.7157769],[36.1152659,33.7156734],[36.1150506,33.7155212],[36.1148524,33.7154087],[36.1145571,33.7152123],[36.1142851,33.7150868]]},"properties":{"technical_code":"SY-RD-ZA-ZAB-RD-OSM-1510237705","osm_way_id":1510237705,"name_ar":null,"name_en":null,"highway":"residential","surface":null,"source":"OpenStreetMap contributors","quality_level":"D","official_status":"IMPORTED_UNVERIFIED"}},{"type":"Feature","id":"osm-way-1510237706","geometry":{"type":"LineString","coordinates":[[36.1159839,33.716048],[36.1156629,33.7158744]]},"properties":{"technical_code":"SY-RD-ZA-ZAB-RD-OSM-1510237706","osm_way_id":1510237706,"name_ar":null,"name_en":null,"highway":"residential","surface":null,"source":"OpenStreetMap contributors","quality_level":"D","official_status":"IMPORTED_UNVERIFIED"}},{"type":"Feature","id":"osm-way-1510251719","geometry":{"type":"LineString","coordinates":[[36.116996,33.7195438],[36.1168772,33.7197974],[36.1168736,33.7201096],[36.1168989,33.7203077],[36.1169566,33.7204728],[36.1169783,33.7205538],[36.1169061,33.7206138],[36.1167834,33.7205088],[36.116686,33.7202987],[36.1166138,33.7201096],[36.1164947,33.7200405],[36.116455,33.7200195]]},"properties":{"technical_code":"SY-RD-ZA-ZAB-RD-OSM-1510251719","osm_way_id":1510251719,"name_ar":null,"name_en":null,"highway":"residential","surface":null,"source":"OpenStreetMap contributors","quality_level":"D","official_status":"IMPORTED_UNVERIFIED"}},{"type":"Feature","id":"osm-way-1510253936","geometry":{"type":"LineString","coordinates":[[36.1197084,33.7207732],[36.119769,33.7205338],[36.1198249,33.7202531],[36.1198989,33.7201015],[36.1199801,33.7199094],[36.1201948,33.7197533],[36.1204222,33.7195702],[36.1207668,33.7192491],[36.120931,33.719159],[36.1211065,33.7191225]]},"properties":{"technical_code":"SY-RD-ZA-ZAB-RD-OSM-1510253936","osm_way_id":1510253936,"name_ar":null,"name_en":null,"highway":"residential","surface":null,"source":"OpenStreetMap contributors","quality_level":"D","official_status":"IMPORTED_UNVERIFIED"}},{"type":"Feature","id":"osm-way-1510327853","geometry":{"type":"LineString","coordinates":[[36.1124992,33.7224871],[36.1125723,33.7223317],[36.1126415,33.7221702],[36.1127124,33.7220163],[36.1127517,33.7219464],[36.1128656,33.7218936],[36.1130244,33.7218439],[36.1132187,33.7218532],[36.1133476,33.7218936],[36.1135418,33.7219728],[36.1136427,33.721976],[36.1138033,33.721948],[36.1141004,33.7218827],[36.1142405,33.7218252],[36.1145991,33.7216901],[36.1147075,33.7216202],[36.1148606,33.7215518],[36.1150082,33.7214974]]},"properties":{"technical_code":"SY-RD-ZA-ZAB-RD-OSM-1510327853","osm_way_id":1510327853,"name_ar":null,"name_en":null,"highway":"residential","surface":null,"source":"OpenStreetMap contributors","quality_level":"D","official_status":"IMPORTED_UNVERIFIED"}},{"type":"Feature","id":"osm-way-1510329345","geometry":{"type":"LineString","coordinates":[[36.1102297,33.7216506],[36.1101748,33.7217727],[36.1100673,33.7219025],[36.1100039,33.721983],[36.1099006,33.7221169],[36.109664,33.7224361],[36.1094868,33.7226722],[36.1093363,33.7228629],[36.1091396,33.7231212],[36.1089991,33.723307],[36.1089152,33.7234181],[36.1086623,33.7237454],[36.108568,33.7238719],[36.1083557,33.7241579],[36.1080995,33.7244791],[36.1079834,33.7245635],[36.1078856,33.7246098],[36.1070234,33.7249398],[36.1063904,33.7251785],[36.1057144,33.7254551],[36.1053081,33.7256112],[36.1051847,33.7256425],[36.1050144,33.725667],[36.1042759,33.7257677]]},"properties":{"technical_code":"SY-RD-ZA-ZAB-RD-OSM-1510329345","osm_way_id":1510329345,"name_ar":null,"name_en":null,"highway":"secondary","surface":null,"source":"OpenStreetMap contributors","quality_level":"D","official_status":"IMPORTED_UNVERIFIED"}},{"type":"Feature","id":"osm-way-1510332355","geometry":{"type":"LineString","coordinates":[[36.1075539,33.7236089],[36.1074819,33.723727],[36.1073941,33.7239448],[36.1073219,33.7240461],[36.1072214,33.7241085],[36.1071421,33.7241003],[36.1069355,33.7240649],[36.106733,33.7240508],[36.1066155,33.7241109],[36.1062729,33.7241073],[36.10625,33.724327],[36.1062251,33.7245553]]},"properties":{"technical_code":"SY-RD-ZA-ZAB-RD-OSM-1510332355","osm_way_id":1510332355,"name_ar":null,"name_en":null,"highway":"residential","surface":null,"source":"OpenStreetMap contributors","quality_level":"D","official_status":"IMPORTED_UNVERIFIED"}},{"type":"Feature","id":"osm-way-1510332356","geometry":{"type":"LineString","coordinates":[[36.1074819,33.723727],[36.10738,33.7237706],[36.1069963,33.7237835],[36.106607,33.7238236],[36.1063338,33.7238554],[36.1060535,33.723886],[36.1057265,33.7239189]]},"properties":{"technical_code":"SY-RD-ZA-ZAB-RD-OSM-1510332356","osm_way_id":1510332356,"name_ar":null,"name_en":null,"highway":"residential","surface":null,"source":"OpenStreetMap contributors","quality_level":"D","official_status":"IMPORTED_UNVERIFIED"}},{"type":"Feature","id":"osm-way-1510333279","geometry":{"type":"LineString","coordinates":[[36.1085435,33.7237649],[36.1083669,33.7237218],[36.1081742,33.7237184],[36.1080043,33.7237367],[36.1078612,33.7237522],[36.1076871,33.7238439]]},"properties":{"technical_code":"SY-RD-ZA-ZAB-RD-OSM-1510333279","osm_way_id":1510333279,"name_ar":null,"name_en":null,"highway":"residential","surface":null,"source":"OpenStreetMap contributors","quality_level":"D","official_status":"IMPORTED_UNVERIFIED"}},{"type":"Feature","id":"osm-way-1510333285","geometry":{"type":"LineString","coordinates":[[36.1071451,33.7226066],[36.1073218,33.7226145],[36.1075954,33.7226483],[36.1077926,33.7226596],[36.1079232,33.7226585],[36.1080772,33.7225878],[36.1082424,33.7224853],[36.1083065,33.7224576],[36.108426,33.7224392],[36.1085567,33.7224269],[36.1087329,33.7224228],[36.108898,33.7224248],[36.1090644,33.7224546],[36.1092185,33.7224874],[36.1093664,33.7224822],[36.1094588,33.7224853],[36.1095277,33.7225077]]},"properties":{"technical_code":"SY-RD-ZA-ZAB-RD-OSM-1510333285","osm_way_id":1510333285,"name_ar":null,"name_en":null,"highway":"residential","surface":null,"source":"OpenStreetMap contributors","quality_level":"D","official_status":"IMPORTED_UNVERIFIED"}},{"type":"Feature","id":"osm-way-1510341111","geometry":{"type":"LineString","coordinates":[[36.1072284,33.7230225],[36.1068936,33.7230755],[36.1066741,33.7231245],[36.1063715,33.7232076],[36.1063136,33.7231462],[36.1062248,33.7231897],[36.1061548,33.7232495]]},"properties":{"technical_code":"SY-RD-ZA-ZAB-RD-OSM-1510341111","osm_way_id":1510341111,"name_ar":null,"name_en":null,"highway":"residential","surface":null,"source":"OpenStreetMap contributors","quality_level":"D","official_status":"IMPORTED_UNVERIFIED"}},{"type":"Feature","id":"osm-way-1510341112","geometry":{"type":"LineString","coordinates":[[36.1066741,33.7231245],[36.1065882,33.7229924],[36.1065237,33.7228798],[36.1064051,33.7227672],[36.1063705,33.7226716],[36.1065816,33.722597],[36.106703,33.7225628],[36.1068002,33.7225543],[36.1068992,33.722562],[36.1069655,33.7225589],[36.1070813,33.7225752],[36.1071451,33.7226066]]},"properties":{"technical_code":"SY-RD-ZA-ZAB-RD-OSM-1510341112","osm_way_id":1510341112,"name_ar":null,"name_en":null,"highway":"residential","surface":null,"source":"OpenStreetMap contributors","quality_level":"D","official_status":"IMPORTED_UNVERIFIED"}},{"type":"Feature","id":"osm-way-1510341113","geometry":{"type":"LineString","coordinates":[[36.1063705,33.7226716],[36.1062743,33.7225838],[36.1061016,33.7224331],[36.1061987,33.7222855],[36.1062491,33.7222233],[36.1063369,33.722106]]},"properties":{"technical_code":"SY-RD-ZA-ZAB-RD-OSM-1510341113","osm_way_id":1510341113,"name_ar":null,"name_en":null,"highway":"residential","surface":null,"source":"OpenStreetMap contributors","quality_level":"D","official_status":"IMPORTED_UNVERIFIED"}},{"type":"Feature","id":"osm-way-1510341116","geometry":{"type":"LineString","coordinates":[[36.1033535,33.7152846],[36.103411,33.7153529],[36.1034613,33.7155081],[36.1035981,33.7160114],[36.1037435,33.7167075],[36.1038582,33.7171032],[36.1039518,33.7175675],[36.1040073,33.71783],[36.1040469,33.7179917],[36.1041083,33.718242],[36.1042217,33.7187249],[36.1042462,33.7188273],[36.1042895,33.7189955],[36.1043832,33.7193758],[36.1044707,33.7197356],[36.1045804,33.7202635],[36.1046888,33.7206766],[36.1047015,33.7207279],[36.1047332,33.720856],[36.1048268,33.7212824],[36.1048872,33.7214977],[36.1049871,33.7219159],[36.1050117,33.7220943],[36.1050272,33.7223415],[36.1050068,33.7224838],[36.1049904,33.7225874],[36.1049846,33.7226242],[36.1048885,33.7230107],[36.1047591,33.7235324],[36.1046851,33.7238502],[36.1045889,33.7241975],[36.1045385,33.724375],[36.1044929,33.7245588],[36.1042907,33.7253732],[36.104229,33.725694]]},"properties":{"technical_code":"SY-RD-ZA-ZAB-RD-OSM-1510341116","osm_way_id":1510341116,"name_ar":null,"name_en":null,"highway":"secondary","surface":null,"source":"OpenStreetMap contributors","quality_level":"D","official_status":"IMPORTED_UNVERIFIED"}},{"type":"Feature","id":"osm-way-1510341117","geometry":{"type":"LineString","coordinates":[[36.1039643,33.7179902],[36.1039418,33.7178903],[36.1036997,33.7168905],[36.103583,33.7163662],[36.1035055,33.7159815],[36.1034587,33.7158174],[36.1033741,33.7156485],[36.1032515,33.7155292],[36.1031523,33.7154551]]},"properties":{"technical_code":"SY-RD-ZA-ZAB-RD-OSM-1510341117","osm_way_id":1510341117,"name_ar":null,"name_en":null,"highway":"secondary","surface":null,"source":"OpenStreetMap contributors","quality_level":"D","official_status":"IMPORTED_UNVERIFIED"}},{"type":"Feature","id":"osm-way-1510341118","geometry":{"type":"LineString","coordinates":[[36.1024711,33.7186388],[36.102703,33.7186993],[36.1029293,33.7187349],[36.1030715,33.7187459],[36.1034008,33.7187733],[36.1035641,33.7186359],[36.1037157,33.7184503],[36.1038312,33.7182534],[36.1039912,33.7180993]]},"properties":{"technical_code":"SY-RD-ZA-ZAB-RD-OSM-1510341118","osm_way_id":1510341118,"name_ar":null,"name_en":null,"highway":"residential","surface":null,"source":"OpenStreetMap contributors","quality_level":"D","official_status":"IMPORTED_UNVERIFIED"}},{"type":"Feature","id":"osm-way-1510341119","geometry":{"type":"LineString","coordinates":[[36.1039643,33.7179902],[36.1036049,33.717814],[36.103376,33.7177107]]},"properties":{"technical_code":"SY-RD-ZA-ZAB-RD-OSM-1510341119","osm_way_id":1510341119,"name_ar":null,"name_en":null,"highway":"residential","surface":null,"source":"OpenStreetMap contributors","quality_level":"D","official_status":"IMPORTED_UNVERIFIED"}},{"type":"Feature","id":"osm-way-1510345887","geometry":{"type":"LineString","coordinates":[[36.1046028,33.7238121],[36.1044956,33.7237983],[36.1043613,33.7238582]]},"properties":{"technical_code":"SY-RD-ZA-ZAB-RD-OSM-1510345887","osm_way_id":1510345887,"name_ar":null,"name_en":null,"highway":"residential","surface":null,"source":"OpenStreetMap contributors","quality_level":"D","official_status":"IMPORTED_UNVERIFIED"}},{"type":"Feature","id":"osm-way-1510345888","geometry":{"type":"LineString","coordinates":[[36.1040419,33.7240871],[36.1039554,33.7240999],[36.1039318,33.7241034],[36.1037215,33.7240909],[36.1035906,33.7240713],[36.1034254,33.7240874],[36.1031872,33.7241766],[36.1029876,33.7242587]]},"properties":{"technical_code":"SY-RD-ZA-ZAB-RD-OSM-1510345888","osm_way_id":1510345888,"name_ar":null,"name_en":null,"highway":"residential","surface":null,"source":"OpenStreetMap contributors","quality_level":"D","official_status":"IMPORTED_UNVERIFIED"}},{"type":"Feature","id":"osm-way-1510345890","geometry":{"type":"LineString","coordinates":[[36.1039554,33.7240999],[36.1040166,33.7244572]]},"properties":{"technical_code":"SY-RD-ZA-ZAB-RD-OSM-1510345890","osm_way_id":1510345890,"name_ar":null,"name_en":null,"highway":"residential","surface":null,"source":"OpenStreetMap contributors","quality_level":"D","official_status":"IMPORTED_UNVERIFIED"}},{"type":"Feature","id":"osm-way-1510351496","geometry":{"type":"LineString","coordinates":[[36.1041211,33.7213498],[36.1040448,33.7210493],[36.1039798,33.7209262],[36.1036025,33.7209708]]},"properties":{"technical_code":"SY-RD-ZA-ZAB-RD-OSM-1510351496","osm_way_id":1510351496,"name_ar":null,"name_en":null,"highway":"residential","surface":null,"source":"OpenStreetMap contributors","quality_level":"D","official_status":"IMPORTED_UNVERIFIED"}},{"type":"Feature","id":"osm-way-1510351497","geometry":{"type":"LineString","coordinates":[[36.1025133,33.7222408],[36.1025113,33.72213],[36.102513,33.722038],[36.1022902,33.721781]]},"properties":{"technical_code":"SY-RD-ZA-ZAB-RD-OSM-1510351497","osm_way_id":1510351497,"name_ar":null,"name_en":null,"highway":"residential","surface":null,"source":"OpenStreetMap contributors","quality_level":"D","official_status":"IMPORTED_UNVERIFIED"}},{"type":"Feature","id":"osm-way-1510351498","geometry":{"type":"LineString","coordinates":[[36.1022427,33.7222751],[36.1018235,33.7216268]]},"properties":{"technical_code":"SY-RD-ZA-ZAB-RD-OSM-1510351498","osm_way_id":1510351498,"name_ar":null,"name_en":null,"highway":"residential","surface":null,"source":"OpenStreetMap contributors","quality_level":"D","official_status":"IMPORTED_UNVERIFIED"}},{"type":"Feature","id":"osm-way-1510351499","geometry":{"type":"LineString","coordinates":[[36.1018778,33.7223336],[36.1016608,33.7219866],[36.1018739,33.7218717]]},"properties":{"technical_code":"SY-RD-ZA-ZAB-RD-OSM-1510351499","osm_way_id":1510351499,"name_ar":null,"name_en":null,"highway":"residential","surface":null,"source":"OpenStreetMap contributors","quality_level":"D","official_status":"IMPORTED_UNVERIFIED"}},{"type":"Feature","id":"osm-way-1510351500","geometry":{"type":"LineString","coordinates":[[36.1011766,33.7224418],[36.1011112,33.722272],[36.1010982,33.7220353],[36.1012185,33.7219122]]},"properties":{"technical_code":"SY-RD-ZA-ZAB-RD-OSM-1510351500","osm_way_id":1510351500,"name_ar":null,"name_en":null,"highway":"residential","surface":null,"source":"OpenStreetMap contributors","quality_level":"D","official_status":"IMPORTED_UNVERIFIED"}},{"type":"Feature","id":"osm-way-1510394340","geometry":{"type":"LineString","coordinates":[[36.0977426,33.7286197],[36.0978744,33.7289752],[36.0979902,33.7292896],[36.0980673,33.7295783],[36.0980905,33.7298542],[36.098129,33.7300916],[36.0982216,33.7303098],[36.0983373,33.7305151],[36.0984994,33.7307333],[36.0986305,33.7309707],[36.098754,33.7312081],[36.0988851,33.731407],[36.099078,33.7315802],[36.0993018,33.7317342],[36.0995178,33.7318882],[36.0996412,33.7320294],[36.0997801,33.7321898],[36.0999035,33.7323181],[36.1001041,33.73244],[36.1003819,33.7325876],[36.1006751,33.7327287],[36.1009682,33.732825],[36.1012614,33.732902],[36.1014929,33.7330303],[36.1015932,33.733056],[36.1017166,33.7330496],[36.1018709,33.7330624],[36.1020329,33.7330881],[36.1021255,33.7331266],[36.1023449,33.7332277]]},"properties":{"technical_code":"SY-RD-ZA-ZAB-RD-OSM-1510394340","osm_way_id":1510394340,"name_ar":null,"name_en":null,"highway":"tertiary","surface":null,"source":"OpenStreetMap contributors","quality_level":"D","official_status":"IMPORTED_UNVERIFIED"}},{"type":"Feature","id":"osm-way-1510394341","geometry":{"type":"LineString","coordinates":[[36.0993542,33.7264901],[36.0993489,33.7265806],[36.0993383,33.7268226],[36.09937,33.7269993],[36.0995183,33.72725],[36.0998941,33.7276913],[36.1001084,33.7279594],[36.100758,33.7286493],[36.1011625,33.7290786],[36.101428,33.7293603],[36.1017282,33.7297175],[36.1017767,33.7297752],[36.1021432,33.7302106],[36.1021897,33.7302659],[36.1023834,33.7304607],[36.1025524,33.7305967]]},"properties":{"technical_code":"SY-RD-ZA-ZAB-RD-OSM-1510394341","osm_way_id":1510394341,"name_ar":null,"name_en":null,"highway":"tertiary","surface":null,"source":"OpenStreetMap contributors","quality_level":"D","official_status":"IMPORTED_UNVERIFIED"}},{"type":"Feature","id":"osm-way-1510394342","geometry":{"type":"LineString","coordinates":[[36.0881881,33.7282971],[36.0883871,33.728178],[36.0888538,33.7279415],[36.0894391,33.7278061],[36.0896013,33.7277762],[36.089777,33.7277437],[36.0899803,33.7276471],[36.0902276,33.7275206],[36.0903988,33.7274472],[36.0905987,33.7273406]]},"properties":{"technical_code":"SY-RD-ZA-ZAB-RD-OSM-1510394342","osm_way_id":1510394342,"name_ar":null,"name_en":null,"highway":"residential","surface":null,"source":"OpenStreetMap contributors","quality_level":"D","official_status":"IMPORTED_UNVERIFIED"}},{"type":"Feature","id":"osm-way-1510394344","geometry":{"type":"LineString","coordinates":[[36.0904957,33.7277918],[36.0916768,33.7286838],[36.09179,33.7287443],[36.0919083,33.7287499],[36.091956,33.7287322],[36.0920945,33.7285779],[36.0922358,33.7284743],[36.0927522,33.7280956],[36.0935106,33.7278385]]},"properties":{"technical_code":"SY-RD-ZA-ZAB-RD-OSM-1510394344","osm_way_id":1510394344,"name_ar":null,"name_en":null,"highway":"residential","surface":null,"source":"OpenStreetMap contributors","quality_level":"D","official_status":"IMPORTED_UNVERIFIED"}},{"type":"Feature","id":"osm-way-1510394345","geometry":{"type":"LineString","coordinates":[[36.0903988,33.7274472],[36.090467,33.7276851],[36.0904957,33.7277918],[36.0906998,33.7285511],[36.0915784,33.7292937]]},"properties":{"technical_code":"SY-RD-ZA-ZAB-RD-OSM-1510394345","osm_way_id":1510394345,"name_ar":null,"name_en":null,"highway":"residential","surface":null,"source":"OpenStreetMap contributors","quality_level":"D","official_status":"IMPORTED_UNVERIFIED"}},{"type":"Feature","id":"osm-way-1510394346","geometry":{"type":"LineString","coordinates":[[36.0877376,33.7198448],[36.0885278,33.7193724]]},"properties":{"technical_code":"SY-RD-ZA-ZAB-RD-OSM-1510394346","osm_way_id":1510394346,"name_ar":null,"name_en":null,"highway":"tertiary","surface":null,"source":"OpenStreetMap contributors","quality_level":"D","official_status":"IMPORTED_UNVERIFIED"}},{"type":"Feature","id":"osm-way-1510394347","geometry":{"type":"LineString","coordinates":[[36.1037813,33.7136754],[36.1031972,33.7135306],[36.1027345,33.7132862],[36.1024408,33.7130542],[36.1020492,33.7126649],[36.101848,33.7123849]]},"properties":{"technical_code":"SY-RD-ZA-ZAB-RD-OSM-1510394347","osm_way_id":1510394347,"name_ar":null,"name_en":null,"highway":"residential","surface":null,"source":"OpenStreetMap contributors","quality_level":"D","official_status":"IMPORTED_UNVERIFIED"}},{"type":"Feature","id":"osm-way-1510394348","geometry":{"type":"LineString","coordinates":[[36.1106246,33.7082655],[36.1105712,33.708261],[36.1105168,33.7082385],[36.1104187,33.7081286]]},"properties":{"technical_code":"SY-RD-ZA-ZAB-RD-OSM-1510394348","osm_way_id":1510394348,"name_ar":null,"name_en":null,"highway":"residential","surface":null,"source":"OpenStreetMap contributors","quality_level":"D","official_status":"IMPORTED_UNVERIFIED"}},{"type":"Feature","id":"osm-way-1510394349","geometry":{"type":"LineString","coordinates":[[36.1104187,33.7081286],[36.1105197,33.7081239],[36.1106241,33.7081369]]},"properties":{"technical_code":"SY-RD-ZA-ZAB-RD-OSM-1510394349","osm_way_id":1510394349,"name_ar":null,"name_en":null,"highway":"residential","surface":null,"source":"OpenStreetMap contributors","quality_level":"D","official_status":"IMPORTED_UNVERIFIED"}},{"type":"Feature","id":"osm-way-1510394350","geometry":{"type":"LineString","coordinates":[[36.1104169,33.7074443],[36.1105557,33.7077976],[36.110618,33.7080167],[36.1106241,33.7081369],[36.1106246,33.7082655],[36.1106368,33.7083715],[36.1106696,33.7086058],[36.1107576,33.7088471],[36.1110148,33.7092345],[36.1111393,33.7094133]]},"properties":{"technical_code":"SY-RD-ZA-ZAB-RD-OSM-1510394350","osm_way_id":1510394350,"name_ar":null,"name_en":null,"highway":"secondary","surface":null,"source":"OpenStreetMap contributors","quality_level":"D","official_status":"IMPORTED_UNVERIFIED"}},{"type":"Feature","id":"osm-way-1510394351","geometry":{"type":"LineString","coordinates":[[36.1088357,33.7021111],[36.1092646,33.7026363],[36.109418,33.7030924],[36.1094149,33.7037035],[36.1093768,33.7041314],[36.1094545,33.7044306],[36.1096768,33.7051925],[36.109749,33.7054398],[36.109787,33.7055698],[36.1099151,33.7061954],[36.1104169,33.7074443]]},"properties":{"technical_code":"SY-RD-ZA-ZAB-RD-OSM-1510394351","osm_way_id":1510394351,"name_ar":null,"name_en":null,"highway":"secondary","surface":null,"source":"OpenStreetMap contributors","quality_level":"D","official_status":"IMPORTED_UNVERIFIED"}},{"type":"Feature","id":"osm-way-1510394352","geometry":{"type":"LineString","coordinates":[[36.1053997,33.7091071],[36.1054867,33.7091193],[36.1060772,33.7091794]]},"properties":{"technical_code":"SY-RD-ZA-ZAB-RD-OSM-1510394352","osm_way_id":1510394352,"name_ar":null,"name_en":null,"highway":"tertiary","surface":null,"source":"OpenStreetMap contributors","quality_level":"D","official_status":"IMPORTED_UNVERIFIED"}},{"type":"Feature","id":"osm-way-1510394353","geometry":{"type":"LineString","coordinates":[[36.1057646,33.7082567],[36.105673,33.7082451],[36.1052856,33.7081574],[36.1052433,33.7081574],[36.1052129,33.7081827],[36.1050792,33.7086798]]},"properties":{"technical_code":"SY-RD-ZA-ZAB-RD-OSM-1510394353","osm_way_id":1510394353,"name_ar":null,"name_en":null,"highway":"residential","surface":null,"source":"OpenStreetMap contributors","quality_level":"D","official_status":"IMPORTED_UNVERIFIED"}},{"type":"Feature","id":"osm-way-1510394354","geometry":{"type":"LineString","coordinates":[[36.1046893,33.7063251],[36.1046275,33.7063882]]},"properties":{"technical_code":"SY-RD-ZA-ZAB-RD-OSM-1510394354","osm_way_id":1510394354,"name_ar":null,"name_en":null,"highway":"primary_link","surface":null,"source":"OpenStreetMap contributors","quality_level":"D","official_status":"IMPORTED_UNVERIFIED"}},{"type":"Feature","id":"osm-way-1510394355","geometry":{"type":"LineString","coordinates":[[36.1140558,33.7259383],[36.113815,33.7258698],[36.1134663,33.7257538],[36.1131814,33.7255501],[36.1131056,33.7252921],[36.113041,33.7251171]]},"properties":{"technical_code":"SY-RD-ZA-ZAB-RD-OSM-1510394355","osm_way_id":1510394355,"name_ar":null,"name_en":null,"highway":"residential","surface":null,"source":"OpenStreetMap contributors","quality_level":"D","official_status":"IMPORTED_UNVERIFIED"}},{"type":"Feature","id":"osm-way-1510394356","geometry":{"type":"LineString","coordinates":[[36.1042586,33.7257144],[36.1043462,33.7256925],[36.1049032,33.7256244],[36.1051849,33.7255734],[36.1054276,33.7255022],[36.1057355,33.7253667],[36.1062017,33.7251808],[36.1065463,33.7250642],[36.1078628,33.7245543],[36.1080254,33.7244336],[36.1080934,33.7243684],[36.1082487,33.7241741],[36.1084339,33.7239097],[36.1085435,33.7237649],[36.1086493,33.7236251],[36.1095277,33.7225077],[36.109639,33.7223565],[36.1099862,33.7218932],[36.1100425,33.7218308],[36.1101146,33.7217507],[36.1102297,33.7216506]]},"properties":{"technical_code":"SY-RD-ZA-ZAB-RD-OSM-1510394356","osm_way_id":1510394356,"name_ar":"طريق إلى بلودان","name_en":null,"highway":"secondary","surface":null,"source":"OpenStreetMap contributors","quality_level":"D","official_status":"IMPORTED_UNVERIFIED"}},{"type":"Feature","id":"osm-way-1510394357","geometry":{"type":"LineString","coordinates":[[36.1080995,33.7244791],[36.1080651,33.7246176],[36.1079771,33.7247812]]},"properties":{"technical_code":"SY-RD-ZA-ZAB-RD-OSM-1510394357","osm_way_id":1510394357,"name_ar":null,"name_en":null,"highway":"unclassified","surface":null,"source":"OpenStreetMap contributors","quality_level":"D","official_status":"IMPORTED_UNVERIFIED"}},{"type":"Feature","id":"osm-way-1510394358","geometry":{"type":"LineString","coordinates":[[36.1078628,33.7245543],[36.1078856,33.7246098],[36.1079771,33.7247812]]},"properties":{"technical_code":"SY-RD-ZA-ZAB-RD-OSM-1510394358","osm_way_id":1510394358,"name_ar":null,"name_en":null,"highway":"unclassified","surface":null,"source":"OpenStreetMap contributors","quality_level":"D","official_status":"IMPORTED_UNVERIFIED"}},{"type":"Feature","id":"osm-way-1510394359","geometry":{"type":"LineString","coordinates":[[36.1042433,33.7258157],[36.1042284,33.7259618],[36.1041563,33.726047]]},"properties":{"technical_code":"SY-RD-ZA-ZAB-RD-OSM-1510394359","osm_way_id":1510394359,"name_ar":"طريق الى سرغايا","name_en":null,"highway":"secondary","surface":"asphalt","source":"OpenStreetMap contributors","quality_level":"D","official_status":"IMPORTED_UNVERIFIED"}},{"type":"Feature","id":"osm-way-1510394360","geometry":{"type":"LineString","coordinates":[[36.1041563,33.726047],[36.1041172,33.7259503],[36.104142,33.7258196]]},"properties":{"technical_code":"SY-RD-ZA-ZAB-RD-OSM-1510394360","osm_way_id":1510394360,"name_ar":"طريق الى سرغايا","name_en":null,"highway":"secondary","surface":"asphalt","source":"OpenStreetMap contributors","quality_level":"D","official_status":"IMPORTED_UNVERIFIED"}},{"type":"Feature","id":"osm-way-1510394361","geometry":{"type":"LineString","coordinates":[[36.0999176,33.7235413],[36.0994668,33.7235134]]},"properties":{"technical_code":"SY-RD-ZA-ZAB-RD-OSM-1510394361","osm_way_id":1510394361,"name_ar":null,"name_en":null,"highway":"residential","surface":null,"source":"OpenStreetMap contributors","quality_level":"D","official_status":"IMPORTED_UNVERIFIED"}},{"type":"Feature","id":"osm-way-1510394362","geometry":{"type":"LineString","coordinates":[[36.0999085,33.7225557],[36.0999571,33.7227892]]},"properties":{"technical_code":"SY-RD-ZA-ZAB-RD-OSM-1510394362","osm_way_id":1510394362,"name_ar":"شارع السيلان","name_en":null,"highway":"secondary","surface":null,"source":"OpenStreetMap contributors","quality_level":"D","official_status":"IMPORTED_UNVERIFIED"}},{"type":"Feature","id":"osm-way-1510394363","geometry":{"type":"LineString","coordinates":[[36.0999571,33.7227892],[36.0998,33.7226208]]},"properties":{"technical_code":"SY-RD-ZA-ZAB-RD-OSM-1510394363","osm_way_id":1510394363,"name_ar":"شارع السيلان","name_en":null,"highway":"secondary","surface":null,"source":"OpenStreetMap contributors","quality_level":"D","official_status":"IMPORTED_UNVERIFIED"}},{"type":"Feature","id":"osm-way-1510485090","geometry":{"type":"LineString","coordinates":[[36.1024601,33.7199442],[36.1026269,33.719942],[36.1030133,33.7198914],[36.103557,33.7198219]]},"properties":{"technical_code":"SY-RD-ZA-ZAB-RD-OSM-1510485090","osm_way_id":1510485090,"name_ar":null,"name_en":null,"highway":"residential","surface":null,"source":"OpenStreetMap contributors","quality_level":"D","official_status":"IMPORTED_UNVERIFIED"}},{"type":"Feature","id":"osm-way-1510488418","geometry":{"type":"LineString","coordinates":[[36.1100425,33.7218308],[36.1100564,33.7217072],[36.1101895,33.7214571],[36.1103448,33.7212541],[36.110399,33.7211434],[36.1102807,33.7209978],[36.1100638,33.7209958],[36.1096373,33.7210819],[36.109312,33.7211475],[36.1086194,33.7213628],[36.1079908,33.7215473]]},"properties":{"technical_code":"SY-RD-ZA-ZAB-RD-OSM-1510488418","osm_way_id":1510488418,"name_ar":null,"name_en":null,"highway":"residential","surface":null,"source":"OpenStreetMap contributors","quality_level":"D","official_status":"IMPORTED_UNVERIFIED"}},{"type":"Feature","id":"osm-way-1510488419","geometry":{"type":"LineString","coordinates":[[36.110399,33.7211434],[36.1105444,33.7209814],[36.1107983,33.7208236],[36.1112986,33.7205981],[36.1115156,33.7205509],[36.1118261,33.7205386],[36.1119392,33.7205719],[36.1120906,33.7206637],[36.1120943,33.7207405]]},"properties":{"technical_code":"SY-RD-ZA-ZAB-RD-OSM-1510488419","osm_way_id":1510488419,"name_ar":null,"name_en":null,"highway":"residential","surface":null,"source":"OpenStreetMap contributors","quality_level":"D","official_status":"IMPORTED_UNVERIFIED"}},{"type":"Feature","id":"osm-way-1510492117","geometry":{"type":"LineString","coordinates":[[36.1119392,33.7205719],[36.1117836,33.7202498],[36.1115315,33.7202985],[36.1114112,33.7200226],[36.1112941,33.719959],[36.1109753,33.7195411],[36.1108924,33.7194045],[36.1106485,33.7188364],[36.1103346,33.7188783],[36.110159,33.7188688],[36.1097476,33.7190636],[36.1095231,33.7191245],[36.1090906,33.719253],[36.1089735,33.7192976],[36.1086773,33.7195298],[36.1087962,33.7197859],[36.1088662,33.7199049],[36.1090369,33.7200077],[36.1092272,33.7201213],[36.1093313,33.72017],[36.1094906,33.7203337],[36.1097931,33.7203756]]},"properties":{"technical_code":"SY-RD-ZA-ZAB-RD-OSM-1510492117","osm_way_id":1510492117,"name_ar":null,"name_en":null,"highway":"residential","surface":null,"source":"OpenStreetMap contributors","quality_level":"D","official_status":"IMPORTED_UNVERIFIED"}},{"type":"Feature","id":"osm-way-1510492118","geometry":{"type":"LineString","coordinates":[[36.1089735,33.7192976],[36.1090686,33.7191391],[36.1090933,33.7189977],[36.1091056,33.7187906],[36.1090933,33.7185548],[36.1091278,33.7182125],[36.1091436,33.7180751]]},"properties":{"technical_code":"SY-RD-ZA-ZAB-RD-OSM-1510492118","osm_way_id":1510492118,"name_ar":null,"name_en":null,"highway":"residential","surface":null,"source":"OpenStreetMap contributors","quality_level":"D","official_status":"IMPORTED_UNVERIFIED"}},{"type":"Feature","id":"osm-way-1510492119","geometry":{"type":"LineString","coordinates":[[36.1091436,33.7180751],[36.1092823,33.7179856],[36.1093602,33.7178961],[36.1094876,33.7178419],[36.1097467,33.7177948],[36.1098302,33.717743],[36.1100425,33.7179326],[36.1102237,33.7181292],[36.110388,33.7183436],[36.1104871,33.7184225],[36.1106371,33.7184919],[36.1107504,33.7185484],[36.1108934,33.7186603],[36.1106485,33.7188364]]},"properties":{"technical_code":"SY-RD-ZA-ZAB-RD-OSM-1510492119","osm_way_id":1510492119,"name_ar":null,"name_en":null,"highway":"residential","surface":null,"source":"OpenStreetMap contributors","quality_level":"D","official_status":"IMPORTED_UNVERIFIED"}},{"type":"Feature","id":"osm-way-1510492121","geometry":{"type":"LineString","coordinates":[[36.1108934,33.7186603],[36.111294,33.7185897],[36.1116649,33.7184825],[36.1119325,33.7183895],[36.1120514,33.7186061],[36.1121576,33.7188311],[36.1123982,33.7190195]]},"properties":{"technical_code":"SY-RD-ZA-ZAB-RD-OSM-1510492121","osm_way_id":1510492121,"name_ar":null,"name_en":null,"highway":"residential","surface":null,"source":"OpenStreetMap contributors","quality_level":"D","official_status":"IMPORTED_UNVERIFIED"}},{"type":"Feature","id":"osm-way-1510492122","geometry":{"type":"LineString","coordinates":[[36.1119325,33.7183895],[36.1120706,33.7182927],[36.1121165,33.718258],[36.112283,33.7181321],[36.1124107,33.7180303],[36.112444,33.7179804]]},"properties":{"technical_code":"SY-RD-ZA-ZAB-RD-OSM-1510492122","osm_way_id":1510492122,"name_ar":null,"name_en":null,"highway":"residential","surface":null,"source":"OpenStreetMap contributors","quality_level":"D","official_status":"IMPORTED_UNVERIFIED"}},{"type":"Feature","id":"osm-way-1510492123","geometry":{"type":"LineString","coordinates":[[36.1121165,33.718258],[36.1121167,33.7181606],[36.1120277,33.7179125]]},"properties":{"technical_code":"SY-RD-ZA-ZAB-RD-OSM-1510492123","osm_way_id":1510492123,"name_ar":null,"name_en":null,"highway":"residential","surface":null,"source":"OpenStreetMap contributors","quality_level":"D","official_status":"IMPORTED_UNVERIFIED"}},{"type":"Feature","id":"osm-way-1510492124","geometry":{"type":"LineString","coordinates":[[36.1135334,33.7161146],[36.1134611,33.7161902],[36.1133935,33.7163223],[36.1133581,33.7164276],[36.1133388,33.7165347],[36.113328,33.7168256],[36.113298,33.7169282],[36.1132594,33.7171201],[36.1132529,33.7172441],[36.1132336,33.7173905],[36.1132036,33.7174708],[36.1131081,33.7175681],[36.1129869,33.7176761],[36.1127315,33.7178786],[36.1126382,33.718017],[36.1125974,33.718083],[36.112356,33.7181919],[36.112283,33.7181321]]},"properties":{"technical_code":"SY-RD-ZA-ZAB-RD-OSM-1510492124","osm_way_id":1510492124,"name_ar":null,"name_en":null,"highway":"residential","surface":null,"source":"OpenStreetMap contributors","quality_level":"D","official_status":"IMPORTED_UNVERIFIED"}},{"type":"Feature","id":"osm-way-1510492125","geometry":{"type":"LineString","coordinates":[[36.1133581,33.7164276],[36.1131352,33.7164551],[36.1128232,33.7165063],[36.1126607,33.7165063],[36.1126084,33.71641]]},"properties":{"technical_code":"SY-RD-ZA-ZAB-RD-OSM-1510492125","osm_way_id":1510492125,"name_ar":null,"name_en":null,"highway":"residential","surface":null,"source":"OpenStreetMap contributors","quality_level":"D","official_status":"IMPORTED_UNVERIFIED"}},{"type":"Feature","id":"osm-way-1510502021","geometry":{"type":"LineString","coordinates":[[36.1131961,33.7125405],[36.1130852,33.7128568],[36.1130137,33.71303],[36.1129015,33.7132139],[36.1126868,33.7136441],[36.112508,33.7139444],[36.1123909,33.7141121],[36.1123031,33.7143069],[36.1122656,33.7144584],[36.1121437,33.714829],[36.11213,33.7150535],[36.1121876,33.7151862],[36.1121307,33.715454],[36.1121258,33.7156325],[36.1121534,33.7157678],[36.1122104,33.7158693],[36.1124201,33.7160126],[36.1125307,33.71611],[36.1126511,33.7162439],[36.1126754,33.7163576],[36.1126084,33.71641]]},"properties":{"technical_code":"SY-RD-ZA-ZAB-RD-OSM-1510502021","osm_way_id":1510502021,"name_ar":null,"name_en":null,"highway":"residential","surface":null,"source":"OpenStreetMap contributors","quality_level":"D","official_status":"IMPORTED_UNVERIFIED"}},{"type":"Feature","id":"osm-way-1510502022","geometry":{"type":"LineString","coordinates":[[36.11213,33.7150535],[36.1116566,33.7151638],[36.1109947,33.7153468],[36.1109711,33.7156181],[36.1109947,33.71571],[36.1110698,33.7158376],[36.1110955,33.7159554],[36.1110397,33.7161125],[36.1108573,33.7162847],[36.1107061,33.7163757],[36.1106492,33.716448],[36.1105559,33.7164926],[36.110426,33.716531],[36.1102125,33.7165765],[36.1099754,33.7166256],[36.1097061,33.7166693],[36.1095356,33.7166943],[36.1094047,33.7167327],[36.1092362,33.716805],[36.1092866,33.7171048],[36.109439,33.7173038],[36.109513,33.7173993],[36.1095838,33.717493],[36.1098302,33.717743]]},"properties":{"technical_code":"SY-RD-ZA-ZAB-RD-OSM-1510502022","osm_way_id":1510502022,"name_ar":null,"name_en":null,"highway":"residential","surface":null,"source":"OpenStreetMap contributors","quality_level":"D","official_status":"IMPORTED_UNVERIFIED"}},{"type":"Feature","id":"osm-way-1510502023","geometry":{"type":"LineString","coordinates":[[36.1109947,33.7153468],[36.11099,33.7152609],[36.1109965,33.7151622],[36.1110306,33.7150242],[36.1110436,33.714897],[36.1110697,33.7147807],[36.1110355,33.7146306],[36.1109802,33.7145629]]},"properties":{"technical_code":"SY-RD-ZA-ZAB-RD-OSM-1510502023","osm_way_id":1510502023,"name_ar":null,"name_en":null,"highway":"residential","surface":null,"source":"OpenStreetMap contributors","quality_level":"D","official_status":"IMPORTED_UNVERIFIED"}},{"type":"Feature","id":"osm-way-1510502024","geometry":{"type":"LineString","coordinates":[[36.1100939,33.7141747],[36.1100256,33.7142085],[36.1099476,33.7144114],[36.1098321,33.7146116],[36.1097378,33.7148105],[36.1094776,33.71492],[36.1094207,33.7152717],[36.10938,33.7155044],[36.109315,33.7158141],[36.10925,33.7161875],[36.1092142,33.7163877],[36.1092077,33.7166447],[36.1092362,33.716805]]},"properties":{"technical_code":"SY-RD-ZA-ZAB-RD-OSM-1510502024","osm_way_id":1510502024,"name_ar":null,"name_en":null,"highway":"residential","surface":null,"source":"OpenStreetMap contributors","quality_level":"D","official_status":"IMPORTED_UNVERIFIED"}},{"type":"Feature","id":"osm-way-1510502025","geometry":{"type":"LineString","coordinates":[[36.1092362,33.716805],[36.1091393,33.7168244],[36.1088879,33.7167823],[36.1086328,33.716727],[36.1084997,33.7166921],[36.1080585,33.7165312],[36.1078108,33.7164246],[36.1076073,33.7164069]]},"properties":{"technical_code":"SY-RD-ZA-ZAB-RD-OSM-1510502025","osm_way_id":1510502025,"name_ar":null,"name_en":null,"highway":"residential","surface":null,"source":"OpenStreetMap contributors","quality_level":"D","official_status":"IMPORTED_UNVERIFIED"}},{"type":"Feature","id":"osm-way-1510502026","geometry":{"type":"LineString","coordinates":[[36.1073612,33.7139821],[36.107218,33.7140401],[36.1069727,33.7140872],[36.1062813,33.7141836],[36.1060755,33.7142205],[36.1052856,33.7143415],[36.105235,33.7145793],[36.1051586,33.7145701],[36.1050206,33.7144686],[36.1048308,33.714322],[36.1047111,33.7142334],[36.1044943,33.7140729],[36.1043489,33.7139878],[36.1038411,33.7137503]]},"properties":{"technical_code":"SY-RD-ZA-ZAB-RD-OSM-1510502026","osm_way_id":1510502026,"name_ar":null,"name_en":null,"highway":"residential","surface":null,"source":"OpenStreetMap contributors","quality_level":"D","official_status":"IMPORTED_UNVERIFIED"}},{"type":"Feature","id":"osm-way-1510502027","geometry":{"type":"LineString","coordinates":[[36.1047111,33.7142334],[36.1049282,33.7140092],[36.1049419,33.7139861],[36.1049469,33.7139608],[36.1049428,33.7139353],[36.104933,33.713916],[36.1049178,33.7138992],[36.1048983,33.7138858],[36.1048771,33.7138747],[36.1039688,33.7134091]]},"properties":{"technical_code":"SY-RD-ZA-ZAB-RD-OSM-1510502027","osm_way_id":1510502027,"name_ar":null,"name_en":null,"highway":"residential","surface":null,"source":"OpenStreetMap contributors","quality_level":"D","official_status":"IMPORTED_UNVERIFIED"}},{"type":"Feature","id":"osm-way-1510502028","geometry":{"type":"LineString","coordinates":[[36.1052856,33.7143415],[36.1053584,33.7139646],[36.1053612,33.7139102],[36.1055854,33.7138573],[36.1060636,33.7137338],[36.106171,33.7137198]]},"properties":{"technical_code":"SY-RD-ZA-ZAB-RD-OSM-1510502028","osm_way_id":1510502028,"name_ar":null,"name_en":null,"highway":"residential","surface":null,"source":"OpenStreetMap contributors","quality_level":"D","official_status":"IMPORTED_UNVERIFIED"}},{"type":"Feature","id":"osm-way-1510502029","geometry":{"type":"LineString","coordinates":[[36.1077265,33.7125427],[36.107814,33.7126595],[36.1080672,33.7129808],[36.1083869,33.7133502],[36.1087174,33.7137483],[36.1089341,33.7140213],[36.1090049,33.7142338],[36.109071,33.714535]]},"properties":{"technical_code":"SY-RD-ZA-ZAB-RD-OSM-1510502029","osm_way_id":1510502029,"name_ar":null,"name_en":null,"highway":"residential","surface":null,"source":"OpenStreetMap contributors","quality_level":"D","official_status":"IMPORTED_UNVERIFIED"}},{"type":"Feature","id":"osm-way-1510502030","geometry":{"type":"LineString","coordinates":[[36.1081106,33.7124421],[36.1082707,33.7126906],[36.108418,33.712852],[36.1088766,33.7133889],[36.1091046,33.7136798],[36.109198,33.7137693]]},"properties":{"technical_code":"SY-RD-ZA-ZAB-RD-OSM-1510502030","osm_way_id":1510502030,"name_ar":null,"name_en":null,"highway":"residential","surface":null,"source":"OpenStreetMap contributors","quality_level":"D","official_status":"IMPORTED_UNVERIFIED"}},{"type":"Feature","id":"osm-way-1510502031","geometry":{"type":"LineString","coordinates":[[36.1094776,33.71492],[36.109433,33.7148244],[36.1094712,33.7145477],[36.1094514,33.7143487],[36.109399,33.7141556],[36.1093353,33.7139813],[36.109198,33.7137693]]},"properties":{"technical_code":"SY-RD-ZA-ZAB-RD-OSM-1510502031","osm_way_id":1510502031,"name_ar":null,"name_en":null,"highway":"residential","surface":null,"source":"OpenStreetMap contributors","quality_level":"D","official_status":"IMPORTED_UNVERIFIED"}},{"type":"Feature","id":"osm-way-1510576557","geometry":{"type":"LineString","coordinates":[[36.1074978,33.7080245],[36.1075645,33.7082094],[36.1077089,33.7085038],[36.1077712,33.7085968],[36.1078788,33.7087947],[36.1080331,33.709029],[36.1081011,33.7091362],[36.1081959,33.7095307],[36.1081789,33.7097474],[36.1081435,33.7100242],[36.1080657,33.710275],[36.1080289,33.7103845],[36.1079538,33.7106083],[36.1078746,33.7111394],[36.1079085,33.711488],[36.1079553,33.7117753],[36.107985,33.7119979],[36.1081039,33.7123029],[36.1081641,33.7124238]]},"properties":{"technical_code":"SY-RD-ZA-ZAB-RD-OSM-1510576557","osm_way_id":1510576557,"name_ar":null,"name_en":null,"highway":"residential","surface":null,"source":"OpenStreetMap contributors","quality_level":"D","official_status":"IMPORTED_UNVERIFIED"}},{"type":"Feature","id":"osm-way-1510582629","geometry":{"type":"LineString","coordinates":[[36.1083716,33.7105487],[36.1080289,33.7103845]]},"properties":{"technical_code":"SY-RD-ZA-ZAB-RD-OSM-1510582629","osm_way_id":1510582629,"name_ar":null,"name_en":null,"highway":"residential","surface":null,"source":"OpenStreetMap contributors","quality_level":"D","official_status":"IMPORTED_UNVERIFIED"}},{"type":"Feature","id":"osm-way-1510582663","geometry":{"type":"LineString","coordinates":[[36.1074443,33.7087669],[36.1077393,33.7087478],[36.1078574,33.7089396],[36.1079743,33.7091547],[36.1080483,33.7093796],[36.108058,33.709451],[36.1080848,33.7096872],[36.1080397,33.7099577],[36.1079539,33.7101951],[36.1078971,33.7104378],[36.1078005,33.7107779],[36.1077876,33.7109581],[36.107779,33.7112107],[36.1077855,33.7113767],[36.1078252,33.7116364]]},"properties":{"technical_code":"SY-RD-ZA-ZAB-RD-OSM-1510582663","osm_way_id":1510582663,"name_ar":null,"name_en":null,"highway":"residential","surface":null,"source":"OpenStreetMap contributors","quality_level":"D","official_status":"IMPORTED_UNVERIFIED"}},{"type":"Feature","id":"osm-way-1510585444","geometry":{"type":"LineString","coordinates":[[36.1070438,33.7080414],[36.106976,33.7079953],[36.1063832,33.7079809],[36.1059544,33.7079758],[36.1058081,33.7079802]]},"properties":{"technical_code":"SY-RD-ZA-ZAB-RD-OSM-1510585444","osm_way_id":1510585444,"name_ar":null,"name_en":null,"highway":"residential","surface":null,"source":"OpenStreetMap contributors","quality_level":"D","official_status":"IMPORTED_UNVERIFIED"}},{"type":"Feature","id":"osm-way-1510593790","geometry":{"type":"LineString","coordinates":[[36.1054682,33.7088906],[36.105272,33.7088424],[36.105031,33.7087849],[36.1049974,33.7087227],[36.105031,33.7084803],[36.1050871,33.7082861],[36.1047676,33.7080794],[36.1044202,33.7078743],[36.1041605,33.7077531]]},"properties":{"technical_code":"SY-RD-ZA-ZAB-RD-OSM-1510593790","osm_way_id":1510593790,"name_ar":null,"name_en":null,"highway":"residential","surface":null,"source":"OpenStreetMap contributors","quality_level":"D","official_status":"IMPORTED_UNVERIFIED"}},{"type":"Feature","id":"osm-way-1510593806","geometry":{"type":"LineString","coordinates":[[36.1068203,33.7118467],[36.1063562,33.7116886],[36.1063069,33.7113892],[36.1062736,33.711259]]},"properties":{"technical_code":"SY-RD-ZA-ZAB-RD-OSM-1510593806","osm_way_id":1510593806,"name_ar":null,"name_en":null,"highway":"residential","surface":null,"source":"OpenStreetMap contributors","quality_level":"D","official_status":"IMPORTED_UNVERIFIED"}},{"type":"Feature","id":"osm-way-1510682703","geometry":{"type":"LineString","coordinates":[[36.1016956,33.7060076],[36.1020037,33.7062639],[36.1021418,33.7064135],[36.1021861,33.7065099],[36.1021147,33.7066678],[36.1019816,33.706838],[36.1018608,33.7070205],[36.101597,33.7073793],[36.1015576,33.7074388],[36.1015502,33.7074839],[36.1015749,33.7075331],[36.101671,33.7076787],[36.1021048,33.7083533],[36.1022157,33.7085296],[36.1024794,33.7089274],[36.1027136,33.7092678],[36.1029404,33.7095979],[36.1030374,33.7097147],[36.1031006,33.7097906],[36.1031894,33.7098741],[36.103214,33.7098972],[36.1034555,33.7101084],[36.1035788,33.7102274],[36.1037414,33.7100756],[36.1040348,33.7097783],[36.1044045,33.7100039],[36.1049933,33.7103318]]},"properties":{"technical_code":"SY-RD-ZA-ZAB-RD-OSM-1510682703","osm_way_id":1510682703,"name_ar":null,"name_en":null,"highway":"residential","surface":null,"source":"OpenStreetMap contributors","quality_level":"D","official_status":"IMPORTED_UNVERIFIED"}},{"type":"Feature","id":"osm-way-1510682704","geometry":{"type":"LineString","coordinates":[[36.1024794,33.7089274],[36.1031326,33.708259],[36.1033914,33.7079821],[36.1035714,33.707771]]},"properties":{"technical_code":"SY-RD-ZA-ZAB-RD-OSM-1510682704","osm_way_id":1510682704,"name_ar":null,"name_en":null,"highway":"residential","surface":null,"source":"OpenStreetMap contributors","quality_level":"D","official_status":"IMPORTED_UNVERIFIED"}},{"type":"Feature","id":"osm-way-1510682705","geometry":{"type":"LineString","coordinates":[[36.1021861,33.7065099],[36.1024844,33.7066042],[36.1026569,33.7066863],[36.1028615,33.7068585],[36.1029995,33.7069938],[36.1032509,33.7071661],[36.1037587,33.7072829],[36.1042418,33.7074367],[36.1047175,33.7076336]]},"properties":{"technical_code":"SY-RD-ZA-ZAB-RD-OSM-1510682705","osm_way_id":1510682705,"name_ar":null,"name_en":null,"highway":"residential","surface":null,"source":"OpenStreetMap contributors","quality_level":"D","official_status":"IMPORTED_UNVERIFIED"}},{"type":"Feature","id":"osm-way-1510682717","geometry":{"type":"LineString","coordinates":[[36.1030374,33.7097147],[36.1036264,33.7090137]]},"properties":{"technical_code":"SY-RD-ZA-ZAB-RD-OSM-1510682717","osm_way_id":1510682717,"name_ar":null,"name_en":null,"highway":"residential","surface":null,"source":"OpenStreetMap contributors","quality_level":"D","official_status":"IMPORTED_UNVERIFIED"}},{"type":"Feature","id":"osm-way-1510682718","geometry":{"type":"LineString","coordinates":[[36.1031894,33.7098741],[36.1029676,33.7102239],[36.1028872,33.7103657],[36.1026168,33.7107923],[36.1026043,33.7108111],[36.1023561,33.711185],[36.1021823,33.7114474],[36.1021726,33.7114858],[36.1021844,33.7115501],[36.1023454,33.7117643],[36.1024129,33.7119017],[36.1023421,33.7120061],[36.1021479,33.712165],[36.101848,33.7123849]]},"properties":{"technical_code":"SY-RD-ZA-ZAB-RD-OSM-1510682718","osm_way_id":1510682718,"name_ar":null,"name_en":null,"highway":"residential","surface":null,"source":"OpenStreetMap contributors","quality_level":"D","official_status":"IMPORTED_UNVERIFIED"}},{"type":"Feature","id":"osm-way-1510682719","geometry":{"type":"LineString","coordinates":[[36.101848,33.7123849],[36.1017649,33.712472],[36.1016566,33.7126398],[36.1014581,33.7129521]]},"properties":{"technical_code":"SY-RD-ZA-ZAB-RD-OSM-1510682719","osm_way_id":1510682719,"name_ar":null,"name_en":null,"highway":"residential","surface":null,"source":"OpenStreetMap contributors","quality_level":"D","official_status":"IMPORTED_UNVERIFIED"}},{"type":"Feature","id":"osm-way-1510683730","geometry":{"type":"LineString","coordinates":[[36.1026043,33.7108111],[36.1021255,33.7100826]]},"properties":{"technical_code":"SY-RD-ZA-ZAB-RD-OSM-1510683730","osm_way_id":1510683730,"name_ar":null,"name_en":null,"highway":"residential","surface":null,"source":"OpenStreetMap contributors","quality_level":"D","official_status":"IMPORTED_UNVERIFIED"}},{"type":"Feature","id":"osm-way-1510714709","geometry":{"type":"LineString","coordinates":[[36.1053351,33.7174311],[36.1054,33.7175082],[36.1054509,33.7175185],[36.1055992,33.7175082],[36.1058817,33.7174748],[36.1060083,33.7174543],[36.1060454,33.717489],[36.1061674,33.7177728],[36.106223,33.7179166]]},"properties":{"technical_code":"SY-RD-ZA-ZAB-RD-OSM-1510714709","osm_way_id":1510714709,"name_ar":null,"name_en":null,"highway":"residential","surface":null,"source":"OpenStreetMap contributors","quality_level":"D","official_status":"IMPORTED_UNVERIFIED"}},{"type":"Feature","id":"osm-way-1510719517","geometry":{"type":"LineString","coordinates":[[36.1023033,33.7185889],[36.1023512,33.7183787],[36.1023767,33.7182542],[36.1024276,33.7178331],[36.1024368,33.71775],[36.1025356,33.717284],[36.102613,33.717029],[36.1026466,33.7167561],[36.1026904,33.716585],[36.1027302,33.7164562],[36.1026619,33.7163452],[36.1025783,33.7163339]]},"properties":{"technical_code":"SY-RD-ZA-ZAB-RD-OSM-1510719517","osm_way_id":1510719517,"name_ar":null,"name_en":null,"highway":"residential","surface":null,"source":"OpenStreetMap contributors","quality_level":"D","official_status":"IMPORTED_UNVERIFIED"}},{"type":"Feature","id":"osm-way-1510729143","geometry":{"type":"LineString","coordinates":[[36.1025184,33.7239731],[36.1026284,33.7238477],[36.1026997,33.7237435],[36.1028046,33.7235571],[36.1029044,33.723535],[36.1032915,33.7234622],[36.1034056,33.723419],[36.1035585,33.7233647]]},"properties":{"technical_code":"SY-RD-ZA-ZAB-RD-OSM-1510729143","osm_way_id":1510729143,"name_ar":null,"name_en":null,"highway":"residential","surface":null,"source":"OpenStreetMap contributors","quality_level":"D","official_status":"IMPORTED_UNVERIFIED"}},{"type":"Feature","id":"osm-way-1510729144","geometry":{"type":"LineString","coordinates":[[36.1032915,33.7234622],[36.1031601,33.7235588],[36.1030633,33.7236494],[36.1029961,33.723724]]},"properties":{"technical_code":"SY-RD-ZA-ZAB-RD-OSM-1510729144","osm_way_id":1510729144,"name_ar":null,"name_en":null,"highway":"residential","surface":null,"source":"OpenStreetMap contributors","quality_level":"D","official_status":"IMPORTED_UNVERIFIED"}},{"type":"Feature","id":"osm-way-1510823848","geometry":{"type":"LineString","coordinates":[[36.1144677,33.7195782],[36.1146503,33.7197257],[36.1148389,33.7198461],[36.115008,33.7200152],[36.1148783,33.7201007],[36.1147885,33.7201599],[36.1144779,33.7203655]]},"properties":{"technical_code":"SY-RD-ZA-ZAB-RD-OSM-1510823848","osm_way_id":1510823848,"name_ar":null,"name_en":null,"highway":"residential","surface":null,"source":"OpenStreetMap contributors","quality_level":"D","official_status":"IMPORTED_UNVERIFIED"}},{"type":"Feature","id":"osm-way-1510823857","geometry":{"type":"LineString","coordinates":[[36.1148783,33.7201007],[36.1151333,33.7203533]]},"properties":{"technical_code":"SY-RD-ZA-ZAB-RD-OSM-1510823857","osm_way_id":1510823857,"name_ar":null,"name_en":null,"highway":"residential","surface":null,"source":"OpenStreetMap contributors","quality_level":"D","official_status":"IMPORTED_UNVERIFIED"}},{"type":"Feature","id":"osm-way-1510823858","geometry":{"type":"LineString","coordinates":[[36.1144779,33.7203655],[36.1148422,33.7205981],[36.1154536,33.7209972],[36.1156504,33.7211446],[36.1157512,33.7212122]]},"properties":{"technical_code":"SY-RD-ZA-ZAB-RD-OSM-1510823858","osm_way_id":1510823858,"name_ar":null,"name_en":null,"highway":"residential","surface":null,"source":"OpenStreetMap contributors","quality_level":"D","official_status":"IMPORTED_UNVERIFIED"}},{"type":"Feature","id":"osm-way-1510823859","geometry":{"type":"LineString","coordinates":[[36.1154536,33.7209972],[36.1152471,33.7210418],[36.1148552,33.72115],[36.114673,33.7211825],[36.1144893,33.7211297],[36.1144161,33.7210715]]},"properties":{"technical_code":"SY-RD-ZA-ZAB-RD-OSM-1510823859","osm_way_id":1510823859,"name_ar":null,"name_en":null,"highway":"residential","surface":null,"source":"OpenStreetMap contributors","quality_level":"D","official_status":"IMPORTED_UNVERIFIED"}},{"type":"Feature","id":"osm-way-1510823860","geometry":{"type":"LineString","coordinates":[[36.1144779,33.7203655],[36.1142031,33.7205035],[36.113899,33.7206117],[36.1135363,33.7207632]]},"properties":{"technical_code":"SY-RD-ZA-ZAB-RD-OSM-1510823860","osm_way_id":1510823860,"name_ar":null,"name_en":null,"highway":"residential","surface":null,"source":"OpenStreetMap contributors","quality_level":"D","official_status":"IMPORTED_UNVERIFIED"}},{"type":"Feature","id":"osm-way-1510823861","geometry":{"type":"LineString","coordinates":[[36.113899,33.7206117],[36.1140323,33.7208998]]},"properties":{"technical_code":"SY-RD-ZA-ZAB-RD-OSM-1510823861","osm_way_id":1510823861,"name_ar":null,"name_en":null,"highway":"residential","surface":null,"source":"OpenStreetMap contributors","quality_level":"D","official_status":"IMPORTED_UNVERIFIED"}},{"type":"Feature","id":"osm-way-1510823862","geometry":{"type":"LineString","coordinates":[[36.1144779,33.7203655],[36.1134583,33.719723],[36.1132667,33.7196856]]},"properties":{"technical_code":"SY-RD-ZA-ZAB-RD-OSM-1510823862","osm_way_id":1510823862,"name_ar":null,"name_en":null,"highway":"residential","surface":null,"source":"OpenStreetMap contributors","quality_level":"D","official_status":"IMPORTED_UNVERIFIED"}},{"type":"Feature","id":"osm-way-1510823864","geometry":{"type":"LineString","coordinates":[[36.1197084,33.7207732],[36.1195624,33.7208436],[36.1194649,33.7209275],[36.1194746,33.7210411],[36.1196177,33.7213333],[36.119686,33.7215064],[36.1197186,33.7216876],[36.1197966,33.7217715],[36.1198178,33.7218498]]},"properties":{"technical_code":"SY-RD-ZA-ZAB-RD-OSM-1510823864","osm_way_id":1510823864,"name_ar":null,"name_en":null,"highway":"residential","surface":null,"source":"OpenStreetMap contributors","quality_level":"D","official_status":"IMPORTED_UNVERIFIED"}},{"type":"Feature","id":"osm-way-1510823870","geometry":{"type":"LineString","coordinates":[[36.1073916,33.7204297],[36.1072338,33.7206708],[36.1070899,33.7208184],[36.1069554,33.7209023],[36.1067798,33.7209831],[36.1066024,33.7210545],[36.1064212,33.7211338],[36.1061671,33.7212736],[36.1060737,33.7213668],[36.1060139,33.7214461],[36.1059318,33.7215859],[36.1058664,33.7217304],[36.105844,33.7220163],[36.1059448,33.7224389]]},"properties":{"technical_code":"SY-RD-ZA-ZAB-RD-OSM-1510823870","osm_way_id":1510823870,"name_ar":null,"name_en":null,"highway":"residential","surface":null,"source":"OpenStreetMap contributors","quality_level":"D","official_status":"IMPORTED_UNVERIFIED"}},{"type":"Feature","id":"osm-way-1510823871","geometry":{"type":"LineString","coordinates":[[36.1059448,33.7224389],[36.1058215,33.7224979],[36.1056814,33.7225787],[36.1054909,33.7226362],[36.1052798,33.7225989],[36.1049904,33.7225874]]},"properties":{"technical_code":"SY-RD-ZA-ZAB-RD-OSM-1510823871","osm_way_id":1510823871,"name_ar":null,"name_en":null,"highway":"residential","surface":null,"source":"OpenStreetMap contributors","quality_level":"D","official_status":"IMPORTED_UNVERIFIED"}},{"type":"Feature","id":"osm-way-1510823872","geometry":{"type":"LineString","coordinates":[[36.1061016,33.7224331],[36.1059448,33.7224389]]},"properties":{"technical_code":"SY-RD-ZA-ZAB-RD-OSM-1510823872","osm_way_id":1510823872,"name_ar":null,"name_en":null,"highway":"residential","surface":null,"source":"OpenStreetMap contributors","quality_level":"D","official_status":"IMPORTED_UNVERIFIED"}},{"type":"Feature","id":"osm-way-1510834503","geometry":{"type":"LineString","coordinates":[[36.1077213,33.7199688],[36.1079247,33.7198153],[36.1082503,33.7196269],[36.1085391,33.7195209],[36.1086773,33.7195298]]},"properties":{"technical_code":"SY-RD-ZA-ZAB-RD-OSM-1510834503","osm_way_id":1510834503,"name_ar":null,"name_en":null,"highway":"residential","surface":null,"source":"OpenStreetMap contributors","quality_level":"D","official_status":"IMPORTED_UNVERIFIED"}},{"type":"Feature","id":"osm-way-1510834509","geometry":{"type":"LineString","coordinates":[[36.1070009,33.7195991],[36.1069578,33.7195167],[36.1069024,33.7194603],[36.1068099,33.7194204],[36.1067063,33.7192617]]},"properties":{"technical_code":"SY-RD-ZA-ZAB-RD-OSM-1510834509","osm_way_id":1510834509,"name_ar":null,"name_en":null,"highway":"residential","surface":null,"source":"OpenStreetMap contributors","quality_level":"D","official_status":"IMPORTED_UNVERIFIED"}},{"type":"Feature","id":"osm-way-1510837544","geometry":{"type":"LineString","coordinates":[[36.1193338,33.7195611],[36.1192293,33.7193773],[36.1191209,33.7192584],[36.1186575,33.7190411],[36.1182631,33.7188032],[36.1179378,33.7185695],[36.117772,33.7184214],[36.1175575,33.7182126],[36.1173622,33.7181091],[36.1171691,33.718043],[36.1168322,33.718043],[36.1165811,33.7180859],[36.1163923,33.7181234],[36.1162679,33.7180716],[36.1162679,33.7179627],[36.1163022,33.7178467],[36.1165103,33.7176664]]},"properties":{"technical_code":"SY-RD-ZA-ZAB-RD-OSM-1510837544","osm_way_id":1510837544,"name_ar":null,"name_en":null,"highway":"residential","surface":null,"source":"OpenStreetMap contributors","quality_level":"D","official_status":"IMPORTED_UNVERIFIED"}},{"type":"Feature","id":"osm-way-1510837545","geometry":{"type":"LineString","coordinates":[[36.1173622,33.7181091],[36.1172571,33.7179128],[36.1171111,33.7176004],[36.1169996,33.7173398],[36.1168086,33.7168954],[36.1166498,33.7166116]]},"properties":{"technical_code":"SY-RD-ZA-ZAB-RD-OSM-1510837545","osm_way_id":1510837545,"name_ar":null,"name_en":null,"highway":"residential","surface":null,"source":"OpenStreetMap contributors","quality_level":"D","official_status":"IMPORTED_UNVERIFIED"}},{"type":"Feature","id":"osm-way-1511288586","geometry":{"type":"LineString","coordinates":[[36.1210821,33.7322674],[36.1208818,33.7323394],[36.1206502,33.7324186],[36.1204316,33.7325305],[36.1203083,33.732602],[36.1201888,33.7326781],[36.1199235,33.7326284],[36.1197517,33.7325724],[36.1196452,33.7325926],[36.1193706,33.7325398],[36.1192286,33.7325351],[36.1190717,33.7326672],[36.1186029,33.7328024],[36.1183675,33.7328847],[36.1182479,33.7329484],[36.1180425,33.7331441],[36.1179173,33.7331534],[36.1177511,33.7330338],[36.1176072,33.7329251],[36.1174129,33.7326532],[36.1172075,33.732414],[36.1170691,33.7323372]]},"properties":{"technical_code":"SY-RD-ZA-ZAB-RD-OSM-1511288586","osm_way_id":1511288586,"name_ar":null,"name_en":null,"highway":"unclassified","surface":null,"source":"OpenStreetMap contributors","quality_level":"D","official_status":"IMPORTED_UNVERIFIED"}},{"type":"Feature","id":"osm-way-1511288587","geometry":{"type":"LineString","coordinates":[[36.1176072,33.7329251],[36.1173831,33.733489]]},"properties":{"technical_code":"SY-RD-ZA-ZAB-RD-OSM-1511288587","osm_way_id":1511288587,"name_ar":null,"name_en":null,"highway":"residential","surface":null,"source":"OpenStreetMap contributors","quality_level":"D","official_status":"IMPORTED_UNVERIFIED"}},{"type":"Feature","id":"osm-way-1511293914","geometry":{"type":"LineString","coordinates":[[36.1044189,33.731545],[36.1044548,33.7314497],[36.1044848,33.7313625],[36.1045138,33.7312586]]},"properties":{"technical_code":"SY-RD-ZA-ZAB-RD-OSM-1511293914","osm_way_id":1511293914,"name_ar":null,"name_en":null,"highway":"residential","surface":null,"source":"OpenStreetMap contributors","quality_level":"D","official_status":"IMPORTED_UNVERIFIED"}},{"type":"Feature","id":"osm-way-1511639664","geometry":{"type":"LineString","coordinates":[[36.1201888,33.7326781],[36.1201504,33.7329237],[36.1199412,33.7331614],[36.1198534,33.7333416],[36.1198366,33.7334799],[36.1199281,33.7336585],[36.1200477,33.7337921],[36.1202756,33.7338512],[36.1205371,33.7338667],[36.1207463,33.7339723],[36.1208771,33.7340624]]},"properties":{"technical_code":"SY-RD-ZA-ZAB-RD-OSM-1511639664","osm_way_id":1511639664,"name_ar":null,"name_en":null,"highway":"unclassified","surface":null,"source":"OpenStreetMap contributors","quality_level":"D","official_status":"IMPORTED_UNVERIFIED"}},{"type":"Feature","id":"osm-way-1511639686","geometry":{"type":"LineString","coordinates":[[36.1194467,33.7297763],[36.1195519,33.7299317],[36.1197178,33.7300994],[36.1198804,33.7300953],[36.1201504,33.7300737],[36.1204155,33.7300074],[36.1209082,33.7298762],[36.1212546,33.7297099]]},"properties":{"technical_code":"SY-RD-ZA-ZAB-RD-OSM-1511639686","osm_way_id":1511639686,"name_ar":null,"name_en":null,"highway":"residential","surface":null,"source":"OpenStreetMap contributors","quality_level":"D","official_status":"IMPORTED_UNVERIFIED"}},{"type":"Feature","id":"osm-way-1511645146","geometry":{"type":"LineString","coordinates":[[36.1191307,33.7273851],[36.1190729,33.727563],[36.1190322,33.7276347],[36.1189033,33.7278104],[36.1187229,33.7280447],[36.1185639,33.7283256],[36.1185166,33.7284412],[36.1185183,33.7285572],[36.1185269,33.7286597],[36.1185959,33.7288227],[36.1186575,33.7289528],[36.1187389,33.729081],[36.1189287,33.7293977],[36.1190125,33.7295022],[36.1191382,33.7295801],[36.1192429,33.7296416],[36.119376,33.7296949],[36.1195202,33.7297154],[36.1196991,33.7297234],[36.1198796,33.7297059]]},"properties":{"technical_code":"SY-RD-ZA-ZAB-RD-OSM-1511645146","osm_way_id":1511645146,"name_ar":null,"name_en":null,"highway":"secondary","surface":null,"source":"OpenStreetMap contributors","quality_level":"D","official_status":"IMPORTED_UNVERIFIED"}},{"type":"Feature","id":"osm-way-1511655557","geometry":{"type":"LineString","coordinates":[[36.1212999,33.728737],[36.1211187,33.7286361],[36.1210312,33.7284229],[36.1209363,33.7281626],[36.1208513,33.7280365],[36.1206775,33.728015],[36.1203299,33.7281001],[36.1201771,33.7281247],[36.1200465,33.7281083],[36.119816,33.7273887],[36.1197174,33.7273282],[36.1194672,33.7273528],[36.1191497,33.7273517]]},"properties":{"technical_code":"SY-RD-ZA-ZAB-RD-OSM-1511655557","osm_way_id":1511655557,"name_ar":null,"name_en":null,"highway":"residential","surface":null,"source":"OpenStreetMap contributors","quality_level":"D","official_status":"IMPORTED_UNVERIFIED"}},{"type":"Feature","id":"osm-way-1511657158","geometry":{"type":"LineString","coordinates":[[36.1158418,33.7255891],[36.1165175,33.7258884],[36.1170379,33.7263861],[36.1171257,33.7267594],[36.1170476,33.7268514],[36.1167061,33.7269488],[36.1166248,33.7269731],[36.1165858,33.7270272],[36.1165988,33.7271516],[36.1166736,33.7275249],[36.1166638,33.7276034],[36.1166346,33.7278414],[36.1165582,33.728243]]},"properties":{"technical_code":"SY-RD-ZA-ZAB-RD-OSM-1511657158","osm_way_id":1511657158,"name_ar":null,"name_en":null,"highway":"residential","surface":null,"source":"OpenStreetMap contributors","quality_level":"D","official_status":"IMPORTED_UNVERIFIED"}},{"type":"Feature","id":"osm-way-1511657162","geometry":{"type":"LineString","coordinates":[[36.1162724,33.7300292],[36.1158269,33.72956],[36.1156529,33.7294342],[36.1151309,33.7291435],[36.1150203,33.7294559],[36.1148853,33.729813],[36.114813,33.7300898]]},"properties":{"technical_code":"SY-RD-ZA-ZAB-RD-OSM-1511657162","osm_way_id":1511657162,"name_ar":null,"name_en":null,"highway":"residential","surface":null,"source":"OpenStreetMap contributors","quality_level":"D","official_status":"IMPORTED_UNVERIFIED"}},{"type":"Feature","id":"osm-way-1511659811","geometry":{"type":"LineString","coordinates":[[36.1151309,33.7291435],[36.1152317,33.728804],[36.1152811,33.7285274],[36.1152274,33.7281473],[36.1151609,33.7279385],[36.1151223,33.7276958],[36.1150751,33.7274459]]},"properties":{"technical_code":"SY-RD-ZA-ZAB-RD-OSM-1511659811","osm_way_id":1511659811,"name_ar":null,"name_en":null,"highway":"residential","surface":null,"source":"OpenStreetMap contributors","quality_level":"D","official_status":"IMPORTED_UNVERIFIED"}},{"type":"Feature","id":"osm-way-1511660304","geometry":{"type":"LineString","coordinates":[[36.1136297,33.72709],[36.113992,33.7270993],[36.1141774,33.7270614],[36.1142035,33.7267422],[36.1141969,33.7263581],[36.1140896,33.7260822],[36.1141026,33.7259929],[36.1140558,33.7259383]]},"properties":{"technical_code":"SY-RD-ZA-ZAB-RD-OSM-1511660304","osm_way_id":1511660304,"name_ar":null,"name_en":null,"highway":"residential","surface":null,"source":"OpenStreetMap contributors","quality_level":"D","official_status":"IMPORTED_UNVERIFIED"}},{"type":"Feature","id":"osm-way-1511935636","geometry":{"type":"LineString","coordinates":[[36.1191307,33.7273851],[36.1191497,33.7273517],[36.119229,33.7272123],[36.1192866,33.7270293],[36.1192948,33.7264752],[36.1192571,33.7258567],[36.1191846,33.7246671],[36.119138,33.7244024],[36.1190209,33.7242113],[36.1188659,33.7240306]]},"properties":{"technical_code":"SY-RD-ZA-ZAB-RD-OSM-1511935636","osm_way_id":1511935636,"name_ar":null,"name_en":null,"highway":"secondary","surface":null,"source":"OpenStreetMap contributors","quality_level":"D","official_status":"IMPORTED_UNVERIFIED"}},{"type":"Feature","id":"osm-way-1511935637","geometry":{"type":"LineString","coordinates":[[36.1215069,33.7283545],[36.1212999,33.728737],[36.1210959,33.7290929],[36.1208408,33.7292949],[36.120572,33.7294338],[36.1202551,33.7295633],[36.1198796,33.7297059]]},"properties":{"technical_code":"SY-RD-ZA-ZAB-RD-OSM-1511935637","osm_way_id":1511935637,"name_ar":null,"name_en":null,"highway":"secondary","surface":null,"source":"OpenStreetMap contributors","quality_level":"D","official_status":"IMPORTED_UNVERIFIED"}},{"type":"Feature","id":"osm-way-1512099974","geometry":{"type":"LineString","coordinates":[[36.1142422,33.7324603],[36.1146912,33.7322936],[36.1150597,33.7322034]]},"properties":{"technical_code":"SY-RD-ZA-ZAB-RD-OSM-1512099974","osm_way_id":1512099974,"name_ar":null,"name_en":null,"highway":"residential","surface":null,"source":"OpenStreetMap contributors","quality_level":"D","official_status":"IMPORTED_UNVERIFIED"}},{"type":"Feature","id":"osm-way-1512099975","geometry":{"type":"LineString","coordinates":[[36.1157499,33.7318353],[36.1154787,33.7319369],[36.1150153,33.7315864]]},"properties":{"technical_code":"SY-RD-ZA-ZAB-RD-OSM-1512099975","osm_way_id":1512099975,"name_ar":null,"name_en":null,"highway":"residential","surface":null,"source":"OpenStreetMap contributors","quality_level":"D","official_status":"IMPORTED_UNVERIFIED"}},{"type":"Feature","id":"osm-way-1512099978","geometry":{"type":"LineString","coordinates":[[36.1136484,33.7337399],[36.1136454,33.732793],[36.1136433,33.7320578],[36.1136562,33.7317545]]},"properties":{"technical_code":"SY-RD-ZA-ZAB-RD-OSM-1512099978","osm_way_id":1512099978,"name_ar":null,"name_en":null,"highway":"residential","surface":null,"source":"OpenStreetMap contributors","quality_level":"D","official_status":"IMPORTED_UNVERIFIED"}},{"type":"Feature","id":"osm-way-1512249833","geometry":{"type":"LineString","coordinates":[[36.1084463,33.731532],[36.1081102,33.7310045],[36.1079727,33.7307886]]},"properties":{"technical_code":"SY-RD-ZA-ZAB-RD-OSM-1512249833","osm_way_id":1512249833,"name_ar":null,"name_en":null,"highway":"residential","surface":null,"source":"OpenStreetMap contributors","quality_level":"D","official_status":"IMPORTED_UNVERIFIED"}},{"type":"Feature","id":"osm-way-1512249851","geometry":{"type":"LineString","coordinates":[[36.1069334,33.7314267],[36.1076071,33.7312026],[36.1081102,33.7310045]]},"properties":{"technical_code":"SY-RD-ZA-ZAB-RD-OSM-1512249851","osm_way_id":1512249851,"name_ar":null,"name_en":null,"highway":"residential","surface":null,"source":"OpenStreetMap contributors","quality_level":"D","official_status":"IMPORTED_UNVERIFIED"}},{"type":"Feature","id":"osm-way-1512249852","geometry":{"type":"LineString","coordinates":[[36.1079727,33.7307886],[36.1077867,33.730534],[36.1076224,33.7303811],[36.1073557,33.7300471],[36.1071899,33.7299686],[36.1071313,33.7298672],[36.1071263,33.7296771]]},"properties":{"technical_code":"SY-RD-ZA-ZAB-RD-OSM-1512249852","osm_way_id":1512249852,"name_ar":null,"name_en":null,"highway":"residential","surface":null,"source":"OpenStreetMap contributors","quality_level":"D","official_status":"IMPORTED_UNVERIFIED"}},{"type":"Feature","id":"osm-way-1512275851","geometry":{"type":"LineString","coordinates":[[36.1087037,33.7347497],[36.1085458,33.7343772]]},"properties":{"technical_code":"SY-RD-ZA-ZAB-RD-OSM-1512275851","osm_way_id":1512275851,"name_ar":null,"name_en":null,"highway":"residential","surface":null,"source":"OpenStreetMap contributors","quality_level":"D","official_status":"IMPORTED_UNVERIFIED"}},{"type":"Feature","id":"osm-way-1512380255","geometry":{"type":"LineString","coordinates":[[36.1067961,33.7243302],[36.1066628,33.724285],[36.10625,33.724327]]},"properties":{"technical_code":"SY-RD-ZA-ZAB-RD-OSM-1512380255","osm_way_id":1512380255,"name_ar":null,"name_en":null,"highway":"residential","surface":null,"source":"OpenStreetMap contributors","quality_level":"D","official_status":"IMPORTED_UNVERIFIED"}},{"type":"Feature","id":"osm-way-1512380274","geometry":{"type":"LineString","coordinates":[[36.1049583,33.7248944],[36.1044929,33.7245588]]},"properties":{"technical_code":"SY-RD-ZA-ZAB-RD-OSM-1512380274","osm_way_id":1512380274,"name_ar":null,"name_en":null,"highway":"residential","surface":null,"source":"OpenStreetMap contributors","quality_level":"D","official_status":"IMPORTED_UNVERIFIED"}},{"type":"Feature","id":"osm-way-1512380275","geometry":{"type":"LineString","coordinates":[[36.1040166,33.7244572],[36.1040554,33.7245685],[36.1043216,33.724467],[36.1044584,33.7244143]]},"properties":{"technical_code":"SY-RD-ZA-ZAB-RD-OSM-1512380275","osm_way_id":1512380275,"name_ar":null,"name_en":null,"highway":"residential","surface":null,"source":"OpenStreetMap contributors","quality_level":"D","official_status":"IMPORTED_UNVERIFIED"}},{"type":"Feature","id":"osm-way-1512380276","geometry":{"type":"LineString","coordinates":[[36.1040554,33.7245685],[36.1039727,33.7246251],[36.1038324,33.7247212],[36.1036647,33.7248996],[36.1035588,33.7250667],[36.1035316,33.7251343],[36.1034996,33.7252476],[36.1034515,33.7254182],[36.1034404,33.7254791],[36.1033908,33.725751]]},"properties":{"technical_code":"SY-RD-ZA-ZAB-RD-OSM-1512380276","osm_way_id":1512380276,"name_ar":null,"name_en":null,"highway":"residential","surface":null,"source":"OpenStreetMap contributors","quality_level":"D","official_status":"IMPORTED_UNVERIFIED"}},{"type":"Feature","id":"osm-way-1512381843","geometry":{"type":"LineString","coordinates":[[36.1019964,33.7241833],[36.101961,33.7244105],[36.1019284,33.7246248],[36.1019086,33.7248768],[36.1019143,33.7250358],[36.1018973,33.7253678],[36.1018945,33.7255633],[36.1018647,33.7257304],[36.1018051,33.7257886]]},"properties":{"technical_code":"SY-RD-ZA-ZAB-RD-OSM-1512381843","osm_way_id":1512381843,"name_ar":null,"name_en":null,"highway":"residential","surface":null,"source":"OpenStreetMap contributors","quality_level":"D","official_status":"IMPORTED_UNVERIFIED"}},{"type":"Feature","id":"osm-way-1512385195","geometry":{"type":"LineString","coordinates":[[36.1026698,33.7247302],[36.1025429,33.7249362],[36.1025589,33.7251946],[36.1025897,33.7253934],[36.1026489,33.7254549]]},"properties":{"technical_code":"SY-RD-ZA-ZAB-RD-OSM-1512385195","osm_way_id":1512385195,"name_ar":null,"name_en":null,"highway":"residential","surface":null,"source":"OpenStreetMap contributors","quality_level":"D","official_status":"IMPORTED_UNVERIFIED"}},{"type":"Feature","id":"osm-way-1512385196","geometry":{"type":"LineString","coordinates":[[36.1026489,33.7254549],[36.102973,33.7254108],[36.1030987,33.7254313],[36.1034404,33.7254791]]},"properties":{"technical_code":"SY-RD-ZA-ZAB-RD-OSM-1512385196","osm_way_id":1512385196,"name_ar":null,"name_en":null,"highway":"residential","surface":null,"source":"OpenStreetMap contributors","quality_level":"D","official_status":"IMPORTED_UNVERIFIED"}},{"type":"Feature","id":"osm-way-1512385198","geometry":{"type":"LineString","coordinates":[[36.1034996,33.7252476],[36.1030271,33.725193],[36.1030419,33.7250454]]},"properties":{"technical_code":"SY-RD-ZA-ZAB-RD-OSM-1512385198","osm_way_id":1512385198,"name_ar":null,"name_en":null,"highway":"residential","surface":null,"source":"OpenStreetMap contributors","quality_level":"D","official_status":"IMPORTED_UNVERIFIED"}},{"type":"Feature","id":"osm-way-1512386127","geometry":{"type":"LineString","coordinates":[[36.1040166,33.7244572],[36.103806,33.7244929],[36.1036236,33.7245769],[36.103472,33.7245677],[36.1033931,33.7246774]]},"properties":{"technical_code":"SY-RD-ZA-ZAB-RD-OSM-1512386127","osm_way_id":1512386127,"name_ar":null,"name_en":null,"highway":"residential","surface":null,"source":"OpenStreetMap contributors","quality_level":"D","official_status":"IMPORTED_UNVERIFIED"}},{"type":"Feature","id":"osm-way-1512387697","geometry":{"type":"LineString","coordinates":[[36.1010575,33.7261541],[36.1014126,33.7268002]]},"properties":{"technical_code":"SY-RD-ZA-ZAB-RD-OSM-1512387697","osm_way_id":1512387697,"name_ar":null,"name_en":null,"highway":"residential","surface":null,"source":"OpenStreetMap contributors","quality_level":"D","official_status":"IMPORTED_UNVERIFIED"}},{"type":"Feature","id":"osm-way-1512387700","geometry":{"type":"LineString","coordinates":[[36.1013011,33.726135],[36.1016184,33.7267469]]},"properties":{"technical_code":"SY-RD-ZA-ZAB-RD-OSM-1512387700","osm_way_id":1512387700,"name_ar":null,"name_en":null,"highway":"residential","surface":null,"source":"OpenStreetMap contributors","quality_level":"D","official_status":"IMPORTED_UNVERIFIED"}},{"type":"Feature","id":"osm-way-1512387701","geometry":{"type":"LineString","coordinates":[[36.1015553,33.7261068],[36.1018095,33.7266659]]},"properties":{"technical_code":"SY-RD-ZA-ZAB-RD-OSM-1512387701","osm_way_id":1512387701,"name_ar":null,"name_en":null,"highway":"residential","surface":null,"source":"OpenStreetMap contributors","quality_level":"D","official_status":"IMPORTED_UNVERIFIED"}},{"type":"Feature","id":"osm-way-1512396964","geometry":{"type":"LineString","coordinates":[[36.1011839,33.726884],[36.1014126,33.7268002],[36.1014795,33.7267829],[36.1016184,33.7267469],[36.1018095,33.7266659],[36.1023663,33.7264319]]},"properties":{"technical_code":"SY-RD-ZA-ZAB-RD-OSM-1512396964","osm_way_id":1512396964,"name_ar":null,"name_en":null,"highway":"residential","surface":null,"source":"OpenStreetMap contributors","quality_level":"D","official_status":"IMPORTED_UNVERIFIED"}},{"type":"Feature","id":"osm-way-1512396965","geometry":{"type":"LineString","coordinates":[[36.1014795,33.7267829],[36.1016256,33.7271289],[36.101753,33.7274185],[36.1017898,33.7275068]]},"properties":{"technical_code":"SY-RD-ZA-ZAB-RD-OSM-1512396965","osm_way_id":1512396965,"name_ar":null,"name_en":null,"highway":"residential","surface":null,"source":"OpenStreetMap contributors","quality_level":"D","official_status":"IMPORTED_UNVERIFIED"}},{"type":"Feature","id":"osm-way-1512515539","geometry":{"type":"LineString","coordinates":[[36.1051718,33.7261984],[36.1051847,33.7256425]]},"properties":{"technical_code":"SY-RD-ZA-ZAB-RD-OSM-1512515539","osm_way_id":1512515539,"name_ar":null,"name_en":null,"highway":"residential","surface":null,"source":"OpenStreetMap contributors","quality_level":"D","official_status":"IMPORTED_UNVERIFIED"}},{"type":"Feature","id":"osm-way-1512518518","geometry":{"type":"LineString","coordinates":[[36.1017898,33.7275068],[36.102019,33.7277539],[36.1019605,33.7279392],[36.1018881,33.7281671],[36.1018576,33.7282086],[36.1017223,33.7283929],[36.1016312,33.7284511],[36.1014279,33.728351],[36.1013434,33.72828],[36.101036,33.7278519]]},"properties":{"technical_code":"SY-RD-ZA-ZAB-RD-OSM-1512518518","osm_way_id":1512518518,"name_ar":null,"name_en":null,"highway":"residential","surface":null,"source":"OpenStreetMap contributors","quality_level":"D","official_status":"IMPORTED_UNVERIFIED"}},{"type":"Feature","id":"osm-way-1512518519","geometry":{"type":"LineString","coordinates":[[36.1018576,33.7282086],[36.1020869,33.728327],[36.1023516,33.7284511],[36.1028039,33.7286264]]},"properties":{"technical_code":"SY-RD-ZA-ZAB-RD-OSM-1512518519","osm_way_id":1512518519,"name_ar":null,"name_en":null,"highway":"residential","surface":null,"source":"OpenStreetMap contributors","quality_level":"D","official_status":"IMPORTED_UNVERIFIED"}},{"type":"Feature","id":"osm-way-1512712443","geometry":{"type":"LineString","coordinates":[[36.1047807,33.7281941],[36.1051241,33.7280736],[36.1054932,33.7279897],[36.1056219,33.7278648],[36.1056756,33.7277988]]},"properties":{"technical_code":"SY-RD-ZA-ZAB-RD-OSM-1512712443","osm_way_id":1512712443,"name_ar":null,"name_en":null,"highway":"residential","surface":null,"source":"OpenStreetMap contributors","quality_level":"D","official_status":"IMPORTED_UNVERIFIED"}},{"type":"Feature","id":"osm-way-1512718788","geometry":{"type":"LineString","coordinates":[[36.1069034,33.7317543],[36.1069421,33.7314823],[36.1069334,33.7314267],[36.1068885,33.7311423],[36.1068332,33.7307299],[36.1068225,33.7305791],[36.1068622,33.7303516],[36.1069115,33.7300821],[36.1069612,33.7298066],[36.1069473,33.7296945],[36.1069227,33.7295907]]},"properties":{"technical_code":"SY-RD-ZA-ZAB-RD-OSM-1512718788","osm_way_id":1512718788,"name_ar":null,"name_en":null,"highway":"residential","surface":null,"source":"OpenStreetMap contributors","quality_level":"D","official_status":"IMPORTED_UNVERIFIED"}},{"type":"Feature","id":"osm-way-1512718789","geometry":{"type":"LineString","coordinates":[[36.1069227,33.7295907],[36.106837,33.7293559],[36.1067973,33.729247]]},"properties":{"technical_code":"SY-RD-ZA-ZAB-RD-OSM-1512718789","osm_way_id":1512718789,"name_ar":null,"name_en":null,"highway":"residential","surface":null,"source":"OpenStreetMap contributors","quality_level":"D","official_status":"IMPORTED_UNVERIFIED"}},{"type":"Feature","id":"osm-way-1512718790","geometry":{"type":"LineString","coordinates":[[36.1068007,33.7295483],[36.1068212,33.7295056],[36.1067708,33.7293744],[36.106837,33.7293559]]},"properties":{"technical_code":"SY-RD-ZA-ZAB-RD-OSM-1512718790","osm_way_id":1512718790,"name_ar":null,"name_en":null,"highway":"residential","surface":null,"source":"OpenStreetMap contributors","quality_level":"D","official_status":"IMPORTED_UNVERIFIED"}},{"type":"Feature","id":"osm-way-1512718797","geometry":{"type":"LineString","coordinates":[[36.1055101,33.7296071],[36.1057203,33.72958],[36.1059293,33.729488],[36.1062521,33.729277],[36.106409,33.7291972],[36.1065326,33.7291573],[36.106544,33.7291418],[36.1064838,33.729016],[36.1064057,33.7289017]]},"properties":{"technical_code":"SY-RD-ZA-ZAB-RD-OSM-1512718797","osm_way_id":1512718797,"name_ar":null,"name_en":null,"highway":"residential","surface":null,"source":"OpenStreetMap contributors","quality_level":"D","official_status":"IMPORTED_UNVERIFIED"}},{"type":"Feature","id":"osm-way-1512718798","geometry":{"type":"LineString","coordinates":[[36.1064057,33.7289017],[36.1061504,33.729039],[36.1060447,33.7288882]]},"properties":{"technical_code":"SY-RD-ZA-ZAB-RD-OSM-1512718798","osm_way_id":1512718798,"name_ar":null,"name_en":null,"highway":"residential","surface":null,"source":"OpenStreetMap contributors","quality_level":"D","official_status":"IMPORTED_UNVERIFIED"}},{"type":"Feature","id":"osm-way-1512718799","geometry":{"type":"LineString","coordinates":[[36.1060447,33.7288882],[36.1060207,33.728803],[36.1060761,33.7287723],[36.1059751,33.7285591]]},"properties":{"technical_code":"SY-RD-ZA-ZAB-RD-OSM-1512718799","osm_way_id":1512718799,"name_ar":null,"name_en":null,"highway":"residential","surface":null,"source":"OpenStreetMap contributors","quality_level":"D","official_status":"IMPORTED_UNVERIFIED"}},{"type":"Feature","id":"osm-way-1512718800","geometry":{"type":"LineString","coordinates":[[36.1060761,33.7287723],[36.106293,33.7286616],[36.1065081,33.7285649]]},"properties":{"technical_code":"SY-RD-ZA-ZAB-RD-OSM-1512718800","osm_way_id":1512718800,"name_ar":null,"name_en":null,"highway":"residential","surface":null,"source":"OpenStreetMap contributors","quality_level":"D","official_status":"IMPORTED_UNVERIFIED"}},{"type":"Feature","id":"osm-way-1512725261","geometry":{"type":"LineString","coordinates":[[36.1061504,33.729039],[36.1057182,33.7292721],[36.1055486,33.7293524],[36.1054186,33.729412]]},"properties":{"technical_code":"SY-RD-ZA-ZAB-RD-OSM-1512725261","osm_way_id":1512725261,"name_ar":null,"name_en":null,"highway":"residential","surface":null,"source":"OpenStreetMap contributors","quality_level":"D","official_status":"IMPORTED_UNVERIFIED"}},{"type":"Feature","id":"osm-way-1512725262","geometry":{"type":"LineString","coordinates":[[36.1031962,33.7286387],[36.1034475,33.7290997],[36.1036363,33.7293674],[36.1037372,33.7295816],[36.103765,33.7297243],[36.1037518,33.7300491],[36.1037761,33.7304381],[36.1038337,33.730688],[36.1038895,33.7308673],[36.1039985,33.7310863],[36.1041952,33.7314136],[36.1043653,33.7316564],[36.1045152,33.7318492],[36.1046652,33.7320387],[36.1047898,33.7321859]]},"properties":{"technical_code":"SY-RD-ZA-ZAB-RD-OSM-1512725262","osm_way_id":1512725262,"name_ar":null,"name_en":null,"highway":"residential","surface":null,"source":"OpenStreetMap contributors","quality_level":"D","official_status":"IMPORTED_UNVERIFIED"}},{"type":"Feature","id":"osm-way-1512725263","geometry":{"type":"LineString","coordinates":[[36.1047898,33.7321859],[36.1049087,33.7323178],[36.1050841,33.7324478],[36.1050914,33.7324532],[36.1053051,33.7325933],[36.1055331,33.7327393],[36.1056902,33.7328358],[36.1058615,33.7329629],[36.1060243,33.7330936],[36.1060965,33.7331513],[36.1061277,33.7331935]]},"properties":{"technical_code":"SY-RD-ZA-ZAB-RD-OSM-1512725263","osm_way_id":1512725263,"name_ar":null,"name_en":null,"highway":"residential","surface":null,"source":"OpenStreetMap contributors","quality_level":"D","official_status":"IMPORTED_UNVERIFIED"}},{"type":"Feature","id":"osm-way-1512725264","geometry":{"type":"LineString","coordinates":[[36.1061277,33.7331935],[36.1062834,33.7333114],[36.1064065,33.733508],[36.1064915,33.7336952],[36.1065269,33.7338506],[36.1065665,33.7339919],[36.1065665,33.7341874],[36.1065668,33.7343557]]},"properties":{"technical_code":"SY-RD-ZA-ZAB-RD-OSM-1512725264","osm_way_id":1512725264,"name_ar":null,"name_en":null,"highway":"residential","surface":null,"source":"OpenStreetMap contributors","quality_level":"D","official_status":"IMPORTED_UNVERIFIED"}},{"type":"Feature","id":"osm-way-1512725265","geometry":{"type":"LineString","coordinates":[[36.1065668,33.7343557],[36.1065603,33.7345393],[36.1065529,33.7346993],[36.1065557,33.734791],[36.1065697,33.7349114],[36.1065865,33.7350341],[36.1066257,33.7351778]]},"properties":{"technical_code":"SY-RD-ZA-ZAB-RD-OSM-1512725265","osm_way_id":1512725265,"name_ar":null,"name_en":null,"highway":"residential","surface":null,"source":"OpenStreetMap contributors","quality_level":"D","official_status":"IMPORTED_UNVERIFIED"}},{"type":"Feature","id":"osm-way-1512891426","geometry":{"type":"LineString","coordinates":[[36.1105336,33.72739],[36.1105795,33.7270768],[36.1106526,33.7267945]]},"properties":{"technical_code":"SY-RD-ZA-ZAB-RD-OSM-1512891426","osm_way_id":1512891426,"name_ar":null,"name_en":null,"highway":"track","surface":null,"source":"OpenStreetMap contributors","quality_level":"D","official_status":"IMPORTED_UNVERIFIED"}},{"type":"Feature","id":"osm-way-1512891427","geometry":{"type":"LineString","coordinates":[[36.1112096,33.7281388],[36.1106279,33.7276685],[36.1105557,33.7276073],[36.1105246,33.7274978],[36.1105336,33.72739],[36.1106492,33.7273801],[36.1108035,33.7273977],[36.1110144,33.7274778],[36.1111758,33.7276085],[36.1110441,33.7277521]]},"properties":{"technical_code":"SY-RD-ZA-ZAB-RD-OSM-1512891427","osm_way_id":1512891427,"name_ar":null,"name_en":null,"highway":"residential","surface":null,"source":"OpenStreetMap contributors","quality_level":"D","official_status":"IMPORTED_UNVERIFIED"}},{"type":"Feature","id":"osm-way-1512918133","geometry":{"type":"LineString","coordinates":[[36.1017282,33.7297175],[36.1014536,33.7298071],[36.1011709,33.7299104],[36.1007556,33.7300449],[36.1005038,33.7301276],[36.1002721,33.7303018],[36.1000699,33.7305089],[36.0999171,33.7306052]]},"properties":{"technical_code":"SY-RD-ZA-ZAB-RD-OSM-1512918133","osm_way_id":1512918133,"name_ar":null,"name_en":null,"highway":"unclassified","surface":null,"source":"OpenStreetMap contributors","quality_level":"D","official_status":"IMPORTED_UNVERIFIED"}},{"type":"Feature","id":"osm-way-1512918134","geometry":{"type":"LineString","coordinates":[[36.1011625,33.7290786],[36.1009989,33.7291375],[36.1007582,33.7292223],[36.1004807,33.7292929],[36.100165,33.729353]]},"properties":{"technical_code":"SY-RD-ZA-ZAB-RD-OSM-1512918134","osm_way_id":1512918134,"name_ar":null,"name_en":null,"highway":"residential","surface":null,"source":"OpenStreetMap contributors","quality_level":"D","official_status":"IMPORTED_UNVERIFIED"}},{"type":"Feature","id":"osm-way-1512928361","geometry":{"type":"LineString","coordinates":[[36.1021432,33.7302106],[36.1018261,33.7303022],[36.1015665,33.7306609],[36.1014657,33.7308322],[36.1014914,33.7309554],[36.1015972,33.7311157],[36.1017553,33.7313551],[36.1019978,33.7316299],[36.1022055,33.7318414],[36.1022608,33.7318977]]},"properties":{"technical_code":"SY-RD-ZA-ZAB-RD-OSM-1512928361","osm_way_id":1512928361,"name_ar":null,"name_en":null,"highway":"residential","surface":null,"source":"OpenStreetMap contributors","quality_level":"D","official_status":"IMPORTED_UNVERIFIED"}},{"type":"Feature","id":"osm-way-1512928362","geometry":{"type":"LineString","coordinates":[[36.1019978,33.7316299],[36.1017725,33.7317031]]},"properties":{"technical_code":"SY-RD-ZA-ZAB-RD-OSM-1512928362","osm_way_id":1512928362,"name_ar":null,"name_en":null,"highway":"residential","surface":null,"source":"OpenStreetMap contributors","quality_level":"D","official_status":"IMPORTED_UNVERIFIED"}},{"type":"Feature","id":"osm-way-1512928363","geometry":{"type":"LineString","coordinates":[[36.1022055,33.7318414],[36.1019206,33.7319279],[36.1017403,33.7319958]]},"properties":{"technical_code":"SY-RD-ZA-ZAB-RD-OSM-1512928363","osm_way_id":1512928363,"name_ar":null,"name_en":null,"highway":"residential","surface":null,"source":"OpenStreetMap contributors","quality_level":"D","official_status":"IMPORTED_UNVERIFIED"}},{"type":"Feature","id":"osm-way-1512928376","geometry":{"type":"LineString","coordinates":[[36.1025273,33.730807],[36.1015972,33.7311157]]},"properties":{"technical_code":"SY-RD-ZA-ZAB-RD-OSM-1512928376","osm_way_id":1512928376,"name_ar":null,"name_en":null,"highway":"residential","surface":null,"source":"OpenStreetMap contributors","quality_level":"D","official_status":"IMPORTED_UNVERIFIED"}},{"type":"Feature","id":"osm-way-1512928394","geometry":{"type":"LineString","coordinates":[[36.1024582,33.7335414],[36.1021461,33.7335126],[36.1019298,33.7335011],[36.1018306,33.7335011]]},"properties":{"technical_code":"SY-RD-ZA-ZAB-RD-OSM-1512928394","osm_way_id":1512928394,"name_ar":null,"name_en":null,"highway":"residential","surface":null,"source":"OpenStreetMap contributors","quality_level":"D","official_status":"IMPORTED_UNVERIFIED"}},{"type":"Feature","id":"osm-way-1512949659","geometry":{"type":"LineString","coordinates":[[36.1124606,33.7345212],[36.1134748,33.7355952]]},"properties":{"technical_code":"SY-RD-ZA-ZAB-RD-OSM-1512949659","osm_way_id":1512949659,"name_ar":null,"name_en":null,"highway":"residential","surface":null,"source":"OpenStreetMap contributors","quality_level":"D","official_status":"IMPORTED_UNVERIFIED"}},{"type":"Feature","id":"osm-way-1512949660","geometry":{"type":"LineString","coordinates":[[36.1134748,33.7355952],[36.1137131,33.7355286]]},"properties":{"technical_code":"SY-RD-ZA-ZAB-RD-OSM-1512949660","osm_way_id":1512949660,"name_ar":null,"name_en":null,"highway":"residential","surface":null,"source":"OpenStreetMap contributors","quality_level":"D","official_status":"IMPORTED_UNVERIFIED"}},{"type":"Feature","id":"osm-way-1512949661","geometry":{"type":"LineString","coordinates":[[36.1124606,33.7345212],[36.1125332,33.7348798],[36.1125258,33.7354825],[36.1125061,33.7361978],[36.1125308,33.7368292],[36.112493,33.7369138],[36.11249,33.7369205]]},"properties":{"technical_code":"SY-RD-ZA-ZAB-RD-OSM-1512949661","osm_way_id":1512949661,"name_ar":null,"name_en":null,"highway":"residential","surface":null,"source":"OpenStreetMap contributors","quality_level":"D","official_status":"IMPORTED_UNVERIFIED"}},{"type":"Feature","id":"osm-way-1512949662","geometry":{"type":"LineString","coordinates":[[36.1139768,33.7360232],[36.113648,33.7362423],[36.1134541,33.736473],[36.1133323,33.7365884],[36.1131823,33.7366649],[36.1129742,33.7367697],[36.112493,33.7369138]]},"properties":{"technical_code":"SY-RD-ZA-ZAB-RD-OSM-1512949662","osm_way_id":1512949662,"name_ar":null,"name_en":null,"highway":"residential","surface":null,"source":"OpenStreetMap contributors","quality_level":"D","official_status":"IMPORTED_UNVERIFIED"}},{"type":"Feature","id":"osm-way-1512967109","geometry":{"type":"LineString","coordinates":[[36.1072985,33.7349019],[36.1074329,33.7351386],[36.1077952,33.7350525],[36.1080491,33.7349716],[36.1083926,33.7348546]]},"properties":{"technical_code":"SY-RD-ZA-ZAB-RD-OSM-1512967109","osm_way_id":1512967109,"name_ar":null,"name_en":null,"highway":"residential","surface":null,"source":"OpenStreetMap contributors","quality_level":"D","official_status":"IMPORTED_UNVERIFIED"}},{"type":"Feature","id":"osm-way-1512967114","geometry":{"type":"LineString","coordinates":[[36.1089638,33.7359755],[36.1086567,33.7360641],[36.1083264,33.7361287],[36.1078494,33.7364235],[36.1076781,33.736515],[36.1075191,33.7366165],[36.1072394,33.7369024],[36.1070188,33.7366934],[36.1066626,33.7362896],[36.1065542,33.7362086],[36.1062288,33.7359575],[36.1060649,33.7358745],[36.1057543,33.7357607],[36.1053848,33.7356719]]},"properties":{"technical_code":"SY-RD-ZA-ZAB-RD-OSM-1512967114","osm_way_id":1512967114,"name_ar":null,"name_en":null,"highway":"unclassified","surface":null,"source":"OpenStreetMap contributors","quality_level":"D","official_status":"IMPORTED_UNVERIFIED"}},{"type":"Feature","id":"osm-way-1512967115","geometry":{"type":"LineString","coordinates":[[36.1075191,33.7366165],[36.1074335,33.7365909],[36.1073233,33.7365489],[36.1071962,33.736472]]},"properties":{"technical_code":"SY-RD-ZA-ZAB-RD-OSM-1512967115","osm_way_id":1512967115,"name_ar":null,"name_en":null,"highway":"unclassified","surface":null,"source":"OpenStreetMap contributors","quality_level":"D","official_status":"IMPORTED_UNVERIFIED"}},{"type":"Feature","id":"osm-way-1512967116","geometry":{"type":"LineString","coordinates":[[36.1072394,33.7369024],[36.1075167,33.7371575],[36.1078972,33.7373928],[36.1088274,33.7379391],[36.1094095,33.7382691],[36.1097169,33.73838],[36.1100503,33.7385328],[36.1104877,33.7388952],[36.110795,33.7391873],[36.11093,33.7393104],[36.1115447,33.7398837],[36.1116472,33.7400744],[36.1117708,33.7402502],[36.1121448,33.7407911],[36.1123952,33.7409886],[36.1125904,33.7410819],[36.1131091,33.7412712],[36.1133124,33.7414105],[36.1135856,33.7414997],[36.1139878,33.7416222]]},"properties":{"technical_code":"SY-RD-ZA-ZAB-RD-OSM-1512967116","osm_way_id":1512967116,"name_ar":null,"name_en":null,"highway":"unclassified","surface":null,"source":"OpenStreetMap contributors","quality_level":"D","official_status":"IMPORTED_UNVERIFIED"}},{"type":"Feature","id":"osm-way-1513016079","geometry":{"type":"LineString","coordinates":[[36.1046811,33.7311817],[36.1043968,33.7308782],[36.1043841,33.7308588]]},"properties":{"technical_code":"SY-RD-ZA-ZAB-RD-OSM-1513016079","osm_way_id":1513016079,"name_ar":null,"name_en":null,"highway":"residential","surface":null,"source":"OpenStreetMap contributors","quality_level":"D","official_status":"IMPORTED_UNVERIFIED"}},{"type":"Feature","id":"osm-way-1513026098","geometry":{"type":"LineString","coordinates":[[36.1064388,33.731256],[36.1062455,33.7312726],[36.1060594,33.7312887],[36.105994,33.7311986],[36.1059034,33.7311512],[36.1058081,33.7311279],[36.1056661,33.7311193],[36.1056129,33.7311698],[36.1056297,33.7315528]]},"properties":{"technical_code":"SY-RD-ZA-ZAB-RD-OSM-1513026098","osm_way_id":1513026098,"name_ar":null,"name_en":null,"highway":"residential","surface":null,"source":"OpenStreetMap contributors","quality_level":"D","official_status":"IMPORTED_UNVERIFIED"}},{"type":"Feature","id":"osm-way-1513026099","geometry":{"type":"LineString","coordinates":[[36.1060594,33.7312887],[36.1058996,33.7313702],[36.1058371,33.7314161],[36.1057857,33.7315621],[36.1058006,33.7317291],[36.1058081,33.7317982],[36.1058978,33.7320429],[36.1059155,33.7321865],[36.1059221,33.7322828]]},"properties":{"technical_code":"SY-RD-ZA-ZAB-RD-OSM-1513026099","osm_way_id":1513026099,"name_ar":null,"name_en":null,"highway":"residential","surface":null,"source":"OpenStreetMap contributors","quality_level":"D","official_status":"IMPORTED_UNVERIFIED"}},{"type":"Feature","id":"osm-way-1513026100","geometry":{"type":"LineString","coordinates":[[36.1058081,33.7317982],[36.1055653,33.7318416],[36.1054775,33.732042],[36.1054952,33.7321453],[36.1050841,33.7324478]]},"properties":{"technical_code":"SY-RD-ZA-ZAB-RD-OSM-1513026100","osm_way_id":1513026100,"name_ar":null,"name_en":null,"highway":"residential","surface":null,"source":"OpenStreetMap contributors","quality_level":"D","official_status":"IMPORTED_UNVERIFIED"}},{"type":"Feature","id":"osm-way-1513026101","geometry":{"type":"LineString","coordinates":[[36.1049087,33.7323178],[36.1048687,33.7323615],[36.1047478,33.7324154],[36.1046512,33.7324654],[36.1046459,33.7325787],[36.1047338,33.7327268],[36.1047714,33.732783],[36.1048862,33.7329151],[36.1048958,33.7329766],[36.1047821,33.7330623],[36.1045386,33.7332827],[36.1043063,33.7331805]]},"properties":{"technical_code":"SY-RD-ZA-ZAB-RD-OSM-1513026101","osm_way_id":1513026101,"name_ar":null,"name_en":null,"highway":"residential","surface":null,"source":"OpenStreetMap contributors","quality_level":"D","official_status":"IMPORTED_UNVERIFIED"}},{"type":"Feature","id":"osm-way-1513026111","geometry":{"type":"LineString","coordinates":[[36.107172,33.7320276],[36.1068858,33.7321741],[36.1066532,33.7322891],[36.1065832,33.7323326],[36.1065029,33.732307],[36.1064197,33.7321089],[36.1062395,33.7318021],[36.1061918,33.7316661],[36.1062086,33.7315939],[36.1062553,33.7314789],[36.1062455,33.7312726]]},"properties":{"technical_code":"SY-RD-ZA-ZAB-RD-OSM-1513026111","osm_way_id":1513026111,"name_ar":null,"name_en":null,"highway":"residential","surface":null,"source":"OpenStreetMap contributors","quality_level":"D","official_status":"IMPORTED_UNVERIFIED"}},{"type":"Feature","id":"osm-way-1513026124","geometry":{"type":"LineString","coordinates":[[36.1046512,33.7324654],[36.1045735,33.732432],[36.1043987,33.7322116],[36.1041921,33.7320025]]},"properties":{"technical_code":"SY-RD-ZA-ZAB-RD-OSM-1513026124","osm_way_id":1513026124,"name_ar":null,"name_en":null,"highway":"residential","surface":null,"source":"OpenStreetMap contributors","quality_level":"D","official_status":"IMPORTED_UNVERIFIED"}},{"type":"Feature","id":"osm-way-1513038689","geometry":{"type":"LineString","coordinates":[[36.1020375,33.7341378],[36.1017463,33.7338196]]},"properties":{"technical_code":"SY-RD-ZA-ZAB-RD-OSM-1513038689","osm_way_id":1513038689,"name_ar":null,"name_en":null,"highway":"residential","surface":null,"source":"OpenStreetMap contributors","quality_level":"D","official_status":"IMPORTED_UNVERIFIED"}},{"type":"Feature","id":"osm-way-1513038690","geometry":{"type":"LineString","coordinates":[[36.1022846,33.7341324],[36.1023424,33.7342448],[36.1024769,33.734352],[36.1028328,33.7345626],[36.1029338,33.7346405],[36.1030867,33.7348475],[36.1032419,33.7351345],[36.103322,33.7353282],[36.1034206,33.7356541],[36.1035772,33.7357638],[36.1039629,33.7360026],[36.1043388,33.7362035],[36.1046666,33.7363572],[36.1047627,33.7363879],[36.1049328,33.7364095],[36.1051904,33.7364464],[36.105411,33.7365232],[36.1056673,33.7366103],[36.1058423,33.7367077],[36.1059286,33.7368245],[36.1059459,33.7369578],[36.1059249,33.7370387],[36.1058399,33.7372642],[36.1057709,33.737502],[36.105708,33.737749],[36.1055823,33.7380482],[36.1055293,33.7382942],[36.1054899,33.7385178],[36.1054172,33.7387535],[36.1052656,33.7389974],[36.1050223,33.7393415],[36.1049114,33.7395116],[36.1047722,33.7396264],[36.1046538,33.7396991],[36.1045123,33.7399632],[36.1045382,33.7400677],[36.1046257,33.7401649],[36.1046491,33.7402623],[36.1045579,33.7403258],[36.1039959,33.7405769],[36.1039318,33.7406466],[36.1039318,33.7408978],[36.1036545,33.7412801],[36.1035572,33.7414891],[36.1033489,33.741895],[36.1032565,33.7420887],[36.1030704,33.7426478]]},"properties":{"technical_code":"SY-RD-ZA-ZAB-RD-OSM-1513038690","osm_way_id":1513038690,"name_ar":null,"name_en":null,"highway":"tertiary","surface":null,"source":"OpenStreetMap contributors","quality_level":"D","official_status":"IMPORTED_UNVERIFIED"}},{"type":"Feature","id":"osm-way-1513038691","geometry":{"type":"LineString","coordinates":[[36.1034206,33.7356541],[36.1032164,33.73571],[36.1030326,33.7357898],[36.1027692,33.7359115],[36.1025106,33.7361198],[36.1022716,33.7362604],[36.1021285,33.7363713],[36.1019854,33.7363997],[36.1016878,33.7364268]]},"properties":{"technical_code":"SY-RD-ZA-ZAB-RD-OSM-1513038691","osm_way_id":1513038691,"name_ar":null,"name_en":null,"highway":"track","surface":null,"source":"OpenStreetMap contributors","quality_level":"D","official_status":"IMPORTED_UNVERIFIED"}},{"type":"Feature","id":"osm-way-1513038692","geometry":{"type":"LineString","coordinates":[[36.1032419,33.7351345],[36.1033958,33.7352856],[36.1035881,33.7353912],[36.103837,33.7355101]]},"properties":{"technical_code":"SY-RD-ZA-ZAB-RD-OSM-1513038692","osm_way_id":1513038692,"name_ar":null,"name_en":null,"highway":"unclassified","surface":null,"source":"OpenStreetMap contributors","quality_level":"D","official_status":"IMPORTED_UNVERIFIED"}},{"type":"Feature","id":"osm-way-1513038719","geometry":{"type":"LineString","coordinates":[[36.1045579,33.7353975],[36.1050747,33.7351029]]},"properties":{"technical_code":"SY-RD-ZA-ZAB-RD-OSM-1513038719","osm_way_id":1513038719,"name_ar":null,"name_en":null,"highway":"residential","surface":null,"source":"OpenStreetMap contributors","quality_level":"D","official_status":"IMPORTED_UNVERIFIED"}},{"type":"Feature","id":"osm-way-1513041876","geometry":{"type":"LineString","coordinates":[[36.1011225,33.7342943],[36.101266,33.734378],[36.101605,33.7345621],[36.1017769,33.7346662],[36.1016797,33.7348518],[36.1016172,33.7349823],[36.1016209,33.7352006],[36.1016695,33.7352417],[36.1020795,33.7353342],[36.1021645,33.7351951],[36.1021804,33.7350305],[36.1021028,33.7348969],[36.1017769,33.7346662]]},"properties":{"technical_code":"SY-RD-ZA-ZAB-RD-OSM-1513041876","osm_way_id":1513041876,"name_ar":null,"name_en":null,"highway":"residential","surface":null,"source":"OpenStreetMap contributors","quality_level":"D","official_status":"IMPORTED_UNVERIFIED"}},{"type":"Feature","id":"osm-way-1513041877","geometry":{"type":"LineString","coordinates":[[36.1020795,33.7353342],[36.1020042,33.7354921]]},"properties":{"technical_code":"SY-RD-ZA-ZAB-RD-OSM-1513041877","osm_way_id":1513041877,"name_ar":null,"name_en":null,"highway":"residential","surface":null,"source":"OpenStreetMap contributors","quality_level":"D","official_status":"IMPORTED_UNVERIFIED"}},{"type":"Feature","id":"osm-way-1513096749","geometry":{"type":"LineString","coordinates":[[36.1147239,33.7393822],[36.1147905,33.7393091],[36.1149429,33.7392948],[36.1151553,33.7393233],[36.1153484,33.7393073],[36.1155029,33.7392412],[36.1157303,33.738945]]},"properties":{"technical_code":"SY-RD-ZA-ZAB-RD-OSM-1513096749","osm_way_id":1513096749,"name_ar":null,"name_en":null,"highway":"unclassified","surface":null,"source":"OpenStreetMap contributors","quality_level":"D","official_status":"IMPORTED_UNVERIFIED"}},{"type":"Feature","id":"osm-way-1513096751","geometry":{"type":"LineString","coordinates":[[36.1169024,33.7402873],[36.1171151,33.7397621],[36.1173542,33.739351]]},"properties":{"technical_code":"SY-RD-ZA-ZAB-RD-OSM-1513096751","osm_way_id":1513096751,"name_ar":null,"name_en":null,"highway":"unclassified","surface":null,"source":"OpenStreetMap contributors","quality_level":"D","official_status":"IMPORTED_UNVERIFIED"}},{"type":"Feature","id":"osm-way-1513096756","geometry":{"type":"LineString","coordinates":[[36.1169795,33.7402934],[36.1172395,33.7404827],[36.1172494,33.7405875],[36.1171291,33.7405545],[36.1168516,33.7403956],[36.116475,33.7404898],[36.1161395,33.7405322],[36.1159824,33.7405169],[36.1158351,33.7404356],[36.1156907,33.740352],[36.1154189,33.7401943],[36.1152675,33.7401778],[36.1151882,33.7401825],[36.1150098,33.7400883],[36.1148173,33.739973],[36.1146545,33.7398588],[36.1145143,33.7397705],[36.1140358,33.7396375],[36.1139098,33.7395868],[36.113815,33.7395562],[36.1134681,33.7395209],[36.1132912,33.7395139],[36.1132374,33.7394774],[36.113151,33.7392749],[36.1130732,33.7391607],[36.1129245,33.7386604],[36.1128707,33.7384649],[36.1128169,33.7384096],[36.1127249,33.7383849],[36.112194,33.7382224]]},"properties":{"technical_code":"SY-RD-ZA-ZAB-RD-OSM-1513096756","osm_way_id":1513096756,"name_ar":null,"name_en":null,"highway":"unclassified","surface":null,"source":"OpenStreetMap contributors","quality_level":"D","official_status":"IMPORTED_UNVERIFIED"}},{"type":"Feature","id":"osm-way-1513099163","geometry":{"type":"LineString","coordinates":[[36.1133002,33.7409184],[36.1133177,33.7408357],[36.1135345,33.7406162],[36.1137662,33.7401059],[36.1140358,33.7396375]]},"properties":{"technical_code":"SY-RD-ZA-ZAB-RD-OSM-1513099163","osm_way_id":1513099163,"name_ar":null,"name_en":null,"highway":"unclassified","surface":null,"source":"OpenStreetMap contributors","quality_level":"D","official_status":"IMPORTED_UNVERIFIED"}},{"type":"Feature","id":"osm-way-1513103251","geometry":{"type":"LineString","coordinates":[[36.1168623,33.7366358],[36.1168467,33.7362002],[36.1168977,33.735953],[36.1169685,33.7354727],[36.1169741,33.7353514],[36.1169543,33.7352643],[36.1168028,33.7350854],[36.11664,33.7347592],[36.1166301,33.7344885],[36.1164348,33.7340352],[36.1163994,33.7339163],[36.1164089,33.7337884]]},"properties":{"technical_code":"SY-RD-ZA-ZAB-RD-OSM-1513103251","osm_way_id":1513103251,"name_ar":null,"name_en":null,"highway":"unclassified","surface":null,"source":"OpenStreetMap contributors","quality_level":"D","official_status":"IMPORTED_UNVERIFIED"}},{"type":"Feature","id":"osm-way-1513103253","geometry":{"type":"LineString","coordinates":[[36.1166274,33.7337266],[36.1171005,33.7337969],[36.1172279,33.7338651],[36.1174317,33.7341807],[36.1176724,33.7345386],[36.1184179,33.7354525],[36.1184454,33.7354845],[36.1184718,33.7355131],[36.1185037,33.7355375],[36.1185403,33.735557],[36.1185803,33.7355721],[36.1186231,33.7355859],[36.1187642,33.7356318],[36.1188203,33.7356623],[36.1188679,33.7356988],[36.1189088,33.7357406],[36.1189419,33.7357868],[36.1189668,33.7358365],[36.1190865,33.7361355],[36.11919,33.7362544],[36.1193281,33.7362339],[36.1198999,33.7360576],[36.1205999,33.735865],[36.1208858,33.7357461],[36.1211225,33.7355739],[36.1212457,33.7354591],[36.1213344,33.7354222],[36.1214478,33.7355944],[36.1215021,33.7357912],[36.1215366,33.7359305],[36.121654,33.7360238]]},"properties":{"technical_code":"SY-RD-ZA-ZAB-RD-OSM-1513103253","osm_way_id":1513103253,"name_ar":null,"name_en":null,"highway":"unclassified","surface":null,"source":"OpenStreetMap contributors","quality_level":"D","official_status":"IMPORTED_UNVERIFIED"}},{"type":"Feature","id":"osm-way-1513103258","geometry":{"type":"LineString","coordinates":[[36.1187642,33.7356318],[36.1190103,33.735455],[36.1190754,33.7350995],[36.119486,33.7348829],[36.1198201,33.7347369],[36.1201683,33.7345697],[36.1202703,33.7344685],[36.1202221,33.7343154],[36.1201542,33.7342142],[36.120123,33.7340446],[36.1200477,33.7337921]]},"properties":{"technical_code":"SY-RD-ZA-ZAB-RD-OSM-1513103258","osm_way_id":1513103258,"name_ar":null,"name_en":null,"highway":"unclassified","surface":null,"source":"OpenStreetMap contributors","quality_level":"D","official_status":"IMPORTED_UNVERIFIED"}}]}